K20 complete graph factorization: all P1F classes with |Aut| > 3

Total: 230

     |Aut|   classes
         6       168
         9        46
        18         9
        19         3
        57         1
       171         2
       342         1

Each factorization is listed once, in the canonical form produced by the project
canonizer. Entries are sorted in ascending lexicographic order of that form.


#1 |Aut| = 6
 "   0  1   2  3   4  5   6  7   8  9  10 11  12 13  14 15  16 17  18 19 "
 "   0  2   1  4   3  6   5  8   7 10   9 12  11 14  13 16  15 18  17 19 "
 "   0  3   1  5   2  7   4  9   6 11   8 13  10 15  12 17  14 19  16 18 "
 "   0  4   1  3   2  8   5 10   6  9   7 18  11 17  12 14  13 19  15 16 "
 "   0  5   1  2   3  9   4 11   6 19   7  8  10 16  12 18  13 15  14 17 "
 "   0  6   1 12   2 10   3  8   4 16   5 18   7 17   9 19  11 15  13 14 "
 "   0  7   1 13   2  9   3 11   4 19   5 17   6 16   8 18  10 14  12 15 "
 "   0  8   1 15   2 11   3 17   4 12   5 16   6 13   7 19   9 10  14 18 "
 "   0  9   1 14   2 16   3 10   4 17   5 13   6 18   7 12   8 11  15 19 "
 "   0 10   1 17   2 18   3 14   4  8   5 15   6 12   7  9  11 13  16 19 "
 "   0 11   1 16   2 15   3 19   4 14   5  9   6  8   7 13  10 12  17 18 "
 "   0 12   1  7   2 19   3  5   4 13   6 14   8 10   9 16  11 18  15 17 "
 "   0 13   1  6   2  4   3 18   5 12   7 15   8 17   9 11  10 19  14 16 "
 "   0 14   1 19   2 13   3  7   4 15   5  6   8 16   9 18  10 17  11 12 "
 "   0 15   1 18   2  6   3 12   4  7   5 14   8 19   9 17  10 13  11 16 "
 "   0 16   1 10   2 17   3 13   4 18   5  7   6 15   8 12   9 14  11 19 "
 "   0 17   1 11   2 12   3 16   4  6   5 19   7 14   8 15   9 13  10 18 "
 "   0 18   1  8   2 14   3  4   5 11   6 10   7 16   9 15  12 19  13 17 "
 "   0 19   1  9   2  5   3 15   4 10   6 17   7 11   8 14  12 16  13 18 "

#2 |Aut| = 6
 "   0  1   2  3   4  5   6  7   8  9  10 11  12 13  14 15  16 17  18 19 "
 "   0  2   1  4   3  6   5  8   7 10   9 12  11 14  13 16  15 18  17 19 "
 "   0  3   1  5   2  7   4  9   6 11   8 13  10 15  12 17  14 19  16 18 "
 "   0  4   1  3   2  8   5 13   6 17   7 18   9 15  10 14  11 19  12 16 "
 "   0  5   1  2   3  9   4 12   6 19   7 16   8 14  10 18  11 15  13 17 "
 "   0  6   1 17   2 11   3  5   4  8   7  9  10 13  12 19  14 18  15 16 "
 "   0  7   1 16   2  4   3 10   5  9   6  8  11 12  13 18  14 17  15 19 "
 "   0  8   1  7   2  6   3 14   4 13   5 15   9 16  10 19  11 17  12 18 "
 "   0  9   1  6   2 15   3  7   4 14   5 12   8 17  10 16  11 18  13 19 "
 "   0 10   1 18   2 12   3 17   4  7   5 11   6  9   8 15  13 14  16 19 "
 "   0 11   1 19   2 16   3 13   4 10   5  6   7  8   9 14  12 15  17 18 "
 "   0 12   1 15   2  5   3 16   4 19   6 18   7 14   8 10   9 17  11 13 "
 "   0 13   1 14   2 17   3  4   5 18   6 15   7 19   8 16   9 11  10 12 "
 "   0 14   1 12   2  9   3 18   4 16   5 19   6 10   7 13   8 11  15 17 "
 "   0 15   1 13   2 19   3  8   4 18   5 17   6 12   7 11   9 10  14 16 "
 "   0 16   1  8   2 18   3 11   4 15   5 10   6 13   7 17   9 19  12 14 "
 "   0 17   1  9   2 10   3 19   4 11   5 14   6 16   7 12   8 18  13 15 "
 "   0 18   1 11   2 14   3 12   4  6   5 16   7 15   8 19   9 13  10 17 "
 "   0 19   1 10   2 13   3 15   4 17   5  7   6 14   8 12   9 18  11 16 "

#3 |Aut| = 6
 "   0  1   2  3   4  5   6  7   8  9  10 11  12 13  14 15  16 17  18 19 "
 "   0  2   1  4   3  6   5  8   7 10   9 12  11 14  13 16  15 18  17 19 "
 "   0  3   1  5   2  7   4  9   6 11   8 13  10 15  12 17  14 19  16 18 "
 "   0  4   1  3   2  8   5 14   6 16   7  9  10 17  11 19  12 18  13 15 "
 "   0  5   1  2   3  9   4 15   6  8   7 17  10 18  11 16  12 14  13 19 "
 "   0  6   1 17   2 19   3 13   4 10   5 16   7 15   8 12   9 11  14 18 "
 "   0  7   1 16   2 12   3 18   4 17   5 11   6 14   8 10   9 13  15 19 "
 "   0  8   1 14   2 17   3  4   5 13   6  9   7 19  10 12  11 18  15 16 "
 "   0  9   1 15   2  5   3 16   4 12   6 18   7  8  10 19  11 13  14 17 "
 "   0 10   1 19   2 18   3  7   4 13   5  9   6 17   8 11  12 15  14 16 "
 "   0 11   1 18   2  6   3 19   4  8   5 12   7 16   9 10  13 14  15 17 "
 "   0 12   1 11   2  4   3 15   5  7   6 19   8 16   9 18  10 14  13 17 "
 "   0 13   1 10   2 14   3  5   4  6   7 18   8 19   9 17  11 15  12 16 "
 "   0 14   1  9   2 15   3 12   4 11   5 18   6 10   7 13   8 17  16 19 "
 "   0 15   1  8   2 13   3 14   4 19   5 10   6 12   7 11   9 16  17 18 "
 "   0 16   1  6   2 10   3 17   4  7   5 15   8 14   9 19  11 12  13 18 "
 "   0 17   1  7   2 16   3 11   4 14   5  6   8 18   9 15  10 13  12 19 "
 "   0 18   1 12   2  9   3 10   4 16   5 19   6 13   7 14   8 15  11 17 "
 "   0 19   1 13   2 11   3  8   4 18   5 17   6 15   7 12   9 14  10 16 "

#4 |Aut| = 6
 "   0  1   2  3   4  5   6  7   8  9  10 11  12 13  14 15  16 17  18 19 "
 "   0  2   1  4   3  6   5  8   7 10   9 12  11 14  13 16  15 18  17 19 "
 "   0  3   1  5   2  7   4  9   6 11   8 13  10 15  12 17  14 19  16 18 "
 "   0  4   1  3   2  8   5 16   6 14   7 12   9 15  10 19  11 17  13 18 "
 "   0  5   1  2   3  9   4 17   6 13   7 15   8 14  10 16  11 18  12 19 "
 "   0  6   1  9   2  5   3  7   4 15   8 17  10 13  11 19  12 16  14 18 "
 "   0  7   1  8   2  6   3  4   5 14   9 16  10 18  11 12  13 17  15 19 "
 "   0  8   1  6   2 15   3 18   4 11   5 13   7 17   9 10  12 14  16 19 "
 "   0  9   1  7   2 19   3 14   4 12   5 10   6 16   8 11  13 15  17 18 "
 "   0 10   1 16   2 17   3 19   4 18   5 15   6 12   7  8   9 11  13 14 "
 "   0 11   1 17   2 18   3 16   4 14   5 19   6  9   7 13   8 10  12 15 "
 "   0 12   1 15   2 16   3 13   4 19   5 11   6 17   7  9   8 18  10 14 "
 "   0 13   1 14   2 12   3 17   4 10   5 18   6  8   7 16   9 19  11 15 "
 "   0 14   1 18   2  4   3 12   5  9   6 10   7 19   8 16  11 13  15 17 "
 "   0 15   1 19   2 13   3  5   4  8   6 18   7 11   9 17  10 12  14 16 "
 "   0 16   1 11   2 14   3 10   4  7   5 17   6 19   8 15   9 13  12 18 "
 "   0 17   1 10   2 11   3 15   4 16   5  6   7 18   8 12   9 14  13 19 "
 "   0 18   1 13   2  9   3 11   4  6   5 12   7 14   8 19  10 17  15 16 "
 "   0 19   1 12   2 10   3  8   4 13   5  7   6 15   9 18  11 16  14 17 "

#5 |Aut| = 6
 "   0  1   2  3   4  5   6  7   8  9  10 11  12 13  14 15  16 17  18 19 "
 "   0  2   1  4   3  6   5  8   7 10   9 12  11 14  13 16  15 18  17 19 "
 "   0  3   1  5   2  7   4  9   6 11   8 13  10 15  12 17  14 19  16 18 "
 "   0  4   1  3   2  8   5 18   6 19   7 16   9 15  10 17  11 13  12 14 "
 "   0  5   1  2   3  9   4 19   6 17   7 18   8 14  10 12  11 16  13 15 "
 "   0  6   1 15   2 12   3  5   4 10   7  9   8 11  13 18  14 17  16 19 "
 "   0  7   1 14   2  4   3 13   5 11   6  8   9 10  12 19  15 16  17 18 "
 "   0  8   1 12   2  6   3 17   4 14   5  7   9 16  10 13  11 18  15 19 "
 "   0  9   1 13   2 16   3  7   4  6   5 15   8 17  10 19  11 12  14 18 "
 "   0 10   1 18   2  5   3 19   4  7   6 12   8 16   9 14  11 15  13 17 "
 "   0 11   1 19   2 18   3  4   5  6   7 13   8 15   9 17  10 14  12 16 "
 "   0 12   1  9   2 19   3 14   4 16   5 13   6 18   7 11   8 10  15 17 "
 "   0 13   1  8   2 15   3 18   4 12   5 17   6 10   7 19   9 11  14 16 "
 "   0 14   1 16   2  9   3 15   4 11   5 12   6 13   7 17   8 19  10 18 "
 "   0 15   1 17   2 14   3  8   4 13   5 10   6 16   7 12   9 18  11 19 "
 "   0 16   1  7   2 10   3 12   4 15   5 19   6 14   8 18   9 13  11 17 "
 "   0 17   1  6   2 13   3 11   4 18   5 14   7 15   8 12   9 19  10 16 "
 "   0 18   1 11   2 17   3 10   4  8   5 16   6  9   7 14  12 15  13 19 "
 "   0 19   1 10   2 11   3 16   4 17   5  9   6 15   7  8  12 18  13 14 "

#6 |Aut| = 6
 "   0  1   2  3   4  5   6  7   8  9  10 11  12 13  14 15  16 17  18 19 "
 "   0  2   1  4   3  6   5  8   7 10   9 12  11 14  13 16  15 18  17 19 "
 "   0  3   1  5   2  7   4  9   6 11   8 13  10 15  12 17  14 19  16 18 "
 "   0  4   1  3   2  8   5 19   6 10   7 16   9 17  11 12  13 15  14 18 "
 "   0  5   1  2   3  9   4 18   6 17   7 11   8 16  10 13  12 14  15 19 "
 "   0  6   1 10   2 18   3 17   4  8   5 12   7 14   9 15  11 16  13 19 "
 "   0  7   1 11   2 16   3 19   4 13   5  9   6 15   8 14  10 17  12 18 "
 "   0  8   1 16   2  6   3 10   4 12   5 14   7 19   9 18  11 13  15 17 "
 "   0  9   1 17   2 11   3  7   4 15   5 13   6 18   8 19  10 12  14 16 "
 "   0 10   1 19   2  9   3 12   4 14   5 18   6 16   7 15   8 11  13 17 "
 "   0 11   1 18   2 13   3  8   4 19   5 15   6 14   7 17   9 10  12 16 "
 "   0 12   1 14   2  4   3 15   5 11   6 13   7  8   9 16  10 19  17 18 "
 "   0 13   1 15   2 14   3  5   4 10   6  9   7 12   8 17  11 18  16 19 "
 "   0 14   1 13   2 12   3 16   4 17   5  7   6  8   9 19  10 18  11 15 "
 "   0 15   1 12   2 17   3 13   4  6   5 16   7  9   8 18  10 14  11 19 "
 "   0 16   1  9   2 10   3  4   5  6   7 18   8 15  11 17  12 19  13 14 "
 "   0 17   1  8   2  5   3 11   4  7   6 19   9 14  10 16  12 15  13 18 "
 "   0 18   1  7   2 19   3 14   4 11   5 17   6 12   8 10   9 13  15 16 "
 "   0 19   1  6   2 15   3 18   4 16   5 10   7 13   8 12   9 11  14 17 "

#7 |Aut| = 6
 "   0  1   2  3   4  5   6  7   8  9  10 11  12 13  14 15  16 17  18 19 "
 "   0  2   1  4   3  6   5  8   7 10   9 12  11 14  13 16  15 18  17 19 "
 "   0  3   1  5   2  7   4  9   6 11   8 13  10 15  12 17  14 19  16 18 "
 "   0  4   1  3   2 10   5 12   6 15   7 19   8 18   9 13  11 16  14 17 "
 "   0  5   1  2   3 11   4 13   6 18   7 14   8 12   9 19  10 17  15 16 "
 "   0  6   1 12   2 14   3 13   4 16   5 10   7  9   8 17  11 18  15 19 "
 "   0  7   1 13   2 12   3 15   4 11   5 17   6  8   9 16  10 19  14 18 "
 "   0  8   1 15   2 19   3  9   4 10   5  7   6 14  11 17  12 16  13 18 "
 "   0  9   1 14   2  8   3 18   4  6   5 11   7 15  10 16  12 19  13 17 "
 "   0 10   1 17   2  6   3  5   4 14   7 18   8 16   9 15  11 12  13 19 "
 "   0 11   1 16   2  4   3  7   5 15   6 19   8 14   9 17  10 13  12 18 "
 "   0 12   1  7   2 15   3 10   4 18   5  9   6 17   8 11  13 14  16 19 "
 "   0 13   1  6   2 11   3 14   4  8   5 19   7 16   9 10  12 15  17 18 "
 "   0 14   1  8   2 13   3 16   4 15   5  6   7 17   9 18  10 12  11 19 "
 "   0 15   1  9   2 17   3 12   4  7   5 14   6 16   8 19  10 18  11 13 "
 "   0 16   1 19   2 18   3  4   5 13   6 12   7  8   9 11  10 14  15 17 "
 "   0 17   1 18   2  5   3 19   4 12   6  9   7 13   8 10  11 15  14 16 "
 "   0 18   1 10   2  9   3 17   4 19   5 16   6 13   7 11   8 15  12 14 "
 "   0 19   1 11   2 16   3  8   4 17   5 18   6 10   7 12   9 14  13 15 "

#8 |Aut| = 6
 "   0  1   2  3   4  5   6  7   8  9  10 11  12 13  14 15  16 17  18 19 "
 "   0  2   1  4   3  6   5  8   7 10   9 12  11 14  13 16  15 18  17 19 "
 "   0  3   1  5   2  7   4  9   6 11   8 13  10 15  12 17  14 19  16 18 "
 "   0  4   1  3   2 10   5 14   6 17   7 12   8 18   9 13  11 19  15 16 "
 "   0  5   1  2   3 11   4 15   6 13   7 16   8 12   9 19  10 18  14 17 "
 "   0  6   1 16   2 17   3  4   5  9   7 15   8 19  10 14  11 13  12 18 "
 "   0  7   1 17   2  5   3 16   4  8   6 14   9 18  10 12  11 15  13 19 "
 "   0  8   1 15   2 12   3 10   4 19   5 11   6 16   7 18   9 17  13 14 "
 "   0  9   1 14   2 11   3 13   4 10   5 18   6 19   7 17   8 16  12 15 "
 "   0 10   1  7   2 15   3 19   4 11   5 16   6 12   8 17   9 14  13 18 "
 "   0 11   1  6   2 18   3 14   4 17   5 10   7 13   8 15   9 16  12 19 "
 "   0 12   1 18   2 19   3  9   4 14   5 17   6 15   7  8  10 13  11 16 "
 "   0 13   1 19   2  8   3 18   4 16   5 15   6  9   7 14  10 17  11 12 "
 "   0 14   1  8   2 13   3 17   4  6   5 12   7  9  10 16  11 18  15 19 "
 "   0 15   1  9   2 16   3 12   4 13   5  7   6  8  10 19  11 17  14 18 "
 "   0 16   1 11   2  6   3  5   4 12   7 19   8 14   9 10  13 15  17 18 "
 "   0 17   1 10   2  4   3  7   5 13   6 18   8 11   9 15  12 14  16 19 "
 "   0 18   1 13   2 14   3  8   4  7   5 19   6 10   9 11  12 16  15 17 "
 "   0 19   1 12   2  9   3 15   4 18   5  6   7 11   8 10  13 17  14 16 "

#9 |Aut| = 6
 "   0  1   2  3   4  5   6  7   8  9  10 11  12 13  14 15  16 17  18 19 "
 "   0  2   1  4   3  6   5  8   7 10   9 12  11 14  13 16  15 18  17 19 "
 "   0  3   1  5   2  7   4  9   6 11   8 13  10 15  12 17  14 19  16 18 "
 "   0  4   1  3   2 10   5 17   6  9   7 19   8 14  11 13  12 18  15 16 "
 "   0  5   1  2   3 11   4 16   6 18   7  8   9 15  10 12  13 19  14 17 "
 "   0  6   1 11   2  9   3 19   4 15   5 16   7 12   8 17  10 18  13 14 "
 "   0  7   1 10   2 18   3  8   4 17   5 14   6 13   9 16  11 19  12 15 "
 "   0  8   1 19   2 14   3 18   4 13   5 15   6 12   7 11   9 17  10 16 "
 "   0  9   1 18   2 19   3 15   4 14   5 12   6 10   7 13   8 16  11 17 "
 "   0 10   1  6   2 17   3 14   4  8   5 19   7 15   9 11  12 16  13 18 "
 "   0 11   1  7   2 15   3 16   4 18   5  9   6 14   8 10  12 19  13 17 "
 "   0 12   1 15   2  4   3 13   5 11   6 19   7 17   8 18   9 10  14 16 "
 "   0 13   1 14   2 12   3  5   4 10   6 16   7 18   8 11   9 19  15 17 "
 "   0 14   1 12   2 16   3  9   4  7   5 13   6  8  10 17  11 18  15 19 "
 "   0 15   1 13   2  8   3 17   4 12   5  6   7  9  10 19  11 16  14 18 "
 "   0 16   1  8   2  5   3  7   4 19   6 15   9 13  10 14  11 12  17 18 "
 "   0 17   1  9   2  6   3  4   5 18   7 14   8 12  10 13  11 15  16 19 "
 "   0 18   1 17   2 11   3 12   4  6   5 10   7 16   8 19   9 14  13 15 "
 "   0 19   1 16   2 13   3 10   4 11   5  7   6 17   8 15   9 18  12 14 "

#10 |Aut| = 6
 "   0  1   2  3   4  5   6  7   8  9  10 11  12 13  14 15  16 17  18 19 "
 "   0  2   1  4   3  6   5  8   7 10   9 12  11 14  13 16  15 18  17 19 "
 "   0  3   1  5   2  7   4  9   6 11   8 13  10 15  12 17  14 19  16 18 "
 "   0  4   1  3   2 10   5 17   6 19   7 11   8 12   9 15  13 18  14 16 "
 "   0  5   1  2   3 11   4 16   6 10   7 18   8 14   9 13  12 19  15 17 "
 "   0  6   1 15   2 16   3 18   4  7   5 11   8 17   9 14  10 12  13 19 "
 "   0  7   1 14   2 19   3 17   4 10   5  6   8 15   9 16  11 13  12 18 "
 "   0  8   1  6   2 11   3  5   4 18   7 14   9 17  10 13  12 15  16 19 "
 "   0  9   1  7   2  4   3 10   5 19   6 15   8 16  11 12  13 14  17 18 "
 "   0 10   1 17   2  6   3 12   4 14   5 13   7 19   8 11   9 18  15 16 "
 "   0 11   1 16   2 13   3  7   4 12   5 15   6 18   8 19   9 10  14 17 "
 "   0 12   1 19   2 18   3 14   4 13   5  9   6 17   7  8  10 16  11 15 "
 "   0 13   1 18   2 15   3 19   4  8   5 12   6  9   7 16  10 14  11 17 "
 "   0 14   1  9   2 12   3 16   4 19   5  7   6  8  10 17  11 18  13 15 "
 "   0 15   1  8   2 17   3 13   4  6   5 18   7  9  10 19  11 16  12 14 "
 "   0 16   1 10   2  9   3  4   5 14   6 12   7 15   8 18  11 19  13 17 "
 "   0 17   1 11   2  5   3  8   4 15   6 14   7 13   9 19  10 18  12 16 "
 "   0 18   1 12   2 14   3  9   4 11   5 16   6 13   7 17   8 10  15 19 "
 "   0 19   1 13   2  8   3 15   4 17   5 10   6 16   7 12   9 11  14 18 "

#11 |Aut| = 6
 "   0  1   2  3   4  5   6  7   8  9  10 11  12 13  14 15  16 17  18 19 "
 "   0  2   1  4   3  6   5  8   7 10   9 12  11 14  13 16  15 18  17 19 "
 "   0  3   1  5   2  7   4  9   6 11   8 13  10 15  12 17  14 19  16 18 "
 "   0  4   1  3   2 11   5 17   6  8   7 19   9 13  10 18  12 15  14 16 "
 "   0  5   1  2   3 10   4 16   6 18   7  9   8 12  11 19  13 14  15 17 "
 "   0  6   1 11   2 14   3  9   4 19   5 10   7 17   8 16  12 18  13 15 "
 "   0  7   1 10   2  8   3 15   4 11   5 18   6 16   9 17  12 14  13 19 "
 "   0  8   1 18   2 12   3 17   4 14   5  7   6 13   9 11  10 16  15 19 "
 "   0  9   1 19   2 16   3 13   4  6   5 15   7 12   8 10  11 17  14 18 "
 "   0 10   1 16   2  9   3  4   5 13   6 14   7 11   8 15  12 19  17 18 "
 "   0 11   1 17   2  5   3  8   4 12   6 10   7 15   9 14  13 18  16 19 "
 "   0 12   1 14   2 17   3 19   4  7   5 16   6 15   8 18   9 10  11 13 "
 "   0 13   1 15   2 18   3 16   4 17   5  6   7 14   8 11   9 19  10 12 "
 "   0 14   1 13   2 19   3 12   4 10   5  9   6 17   7  8  11 18  15 16 "
 "   0 15   1 12   2 13   3 18   4  8   5 11   6  9   7 16  10 19  14 17 "
 "   0 16   1  7   2 15   3 11   4 13   5 19   6 12   8 14   9 18  10 17 "
 "   0 17   1  6   2 10   3 14   4 18   5 12   7 13   8 19   9 15  11 16 "
 "   0 18   1  9   2  4   3  7   5 14   6 19   8 17  10 13  11 15  12 16 "
 "   0 19   1  8   2  6   3  5   4 15   7 18   9 16  10 14  11 12  13 17 "

#12 |Aut| = 6
 "   0  1   2  3   4  5   6  7   8  9  10 11  12 13  14 15  16 17  18 19 "
 "   0  2   1  4   3  6   5  8   7 10   9 12  11 14  13 16  15 18  17 19 "
 "   0  3   1  5   2  7   4  9   6 11   8 13  10 15  12 17  14 19  16 18 "
 "   0  4   1  3   2 11   5 18   6 16   7 14   8 10   9 15  12 19  13 17 "
 "   0  5   1  2   3 10   4 19   6 15   7 17   8 14   9 11  12 16  13 18 "
 "   0  6   1 19   2  9   3  4   5 13   7 15   8 11  10 16  12 18  14 17 "
 "   0  7   1 18   2  5   3  8   4 12   6 14   9 10  11 17  13 19  15 16 "
 "   0  8   1 14   2 10   3  9   4 18   5 12   6 19   7 16  11 13  15 17 "
 "   0  9   1 15   2  8   3 11   4 13   5 19   6 17   7 18  10 12  14 16 "
 "   0 10   1 16   2 19   3 17   4 11   5  6   7 12   8 18   9 14  13 15 "
 "   0 11   1 17   2 16   3 18   4  7   5 10   6 13   8 15   9 19  12 14 "
 "   0 12   1 10   2 17   3  5   4 14   6  9   7 13   8 16  11 18  15 19 "
 "   0 13   1 11   2  4   3 16   5 15   6 12   7  8   9 17  10 19  14 18 "
 "   0 14   1  9   2 18   3 12   4 15   5 17   6  8   7 11  10 13  16 19 "
 "   0 15   1  8   2 13   3 19   4 16   5 14   6 10   7  9  11 12  17 18 "
 "   0 16   1 12   2 15   3  7   4 10   5  9   6 18   8 17  11 19  13 14 "
 "   0 17   1 13   2  6   3 14   4  8   5 11   7 19   9 16  10 18  12 15 "
 "   0 18   1  6   2 12   3 15   4 17   5  7   8 19   9 13  10 14  11 16 "
 "   0 19   1  7   2 14   3 13   4  6   5 16   8 12   9 18  10 17  11 15 "

#13 |Aut| = 6
 "   0  1   2  3   4  5   6  7   8  9  10 11  12 13  14 15  16 17  18 19 "
 "   0  2   1  4   3  6   5  8   7 10   9 12  11 14  13 16  15 18  17 19 "
 "   0  3   1  5   2  7   4  9   6 11   8 13  10 15  12 17  14 19  16 18 "
 "   0  4   1  3   2 11   5 19   6 16   7  8   9 15  10 13  12 14  17 18 "
 "   0  5   1  2   3 10   4 18   6  9   7 17   8 14  11 12  13 15  16 19 "
 "   0  6   1 13   2 18   3 14   4  8   5 17   7 11   9 19  10 16  12 15 "
 "   0  7   1 12   2 15   3 19   4 16   5  9   6 10   8 18  11 17  13 14 "
 "   0  8   1 10   2 12   3  4   5  7   6 18   9 14  11 19  13 17  15 16 "
 "   0  9   1 11   2  5   3 13   4  6   7 19   8 15  10 18  12 16  14 17 "
 "   0 10   1  9   2  4   3 11   5 14   6 13   7 16   8 17  12 18  15 19 "
 "   0 11   1  8   2 10   3  5   4 15   6 17   7 12   9 16  13 19  14 18 "
 "   0 12   1 14   2 17   3  8   4 10   5 13   6 19   7 15   9 18  11 16 "
 "   0 13   1 15   2  9   3 16   4 12   5 11   6 14   7 18   8 19  10 17 "
 "   0 14   1  7   2  8   3 18   4 11   5 16   6 12   9 13  10 19  15 17 "
 "   0 15   1  6   2 19   3  9   4 17   5 10   7 13   8 12  11 18  14 16 "
 "   0 16   1 18   2  6   3 12   4 19   5 15   7 14   8 10   9 17  11 13 "
 "   0 17   1 19   2 13   3  7   4 14   5 18   6 15   8 16   9 11  10 12 "
 "   0 18   1 17   2 16   3 15   4 13   5  6   7  9   8 11  10 14  12 19 "
 "   0 19   1 16   2 14   3 17   4  7   5 12   6  8   9 10  11 15  13 18 "

#14 |Aut| = 6
 "   0  1   2  3   4  5   6  7   8  9  10 11  12 13  14 15  16 17  18 19 "
 "   0  2   1  4   3  6   5  8   7 10   9 12  11 14  13 16  15 18  17 19 "
 "   0  3   1  5   2  7   4  9   6 11   8 13  10 15  12 17  14 19  16 18 "
 "   0  4   1  3   2 13   5 15   6  9   7 16   8 11  10 14  12 19  17 18 "
 "   0  5   1  2   3 12   4 14   6 17   7  8   9 10  11 15  13 18  16 19 "
 "   0  6   1 19   2 12   3 18   4  8   5 16   7 11   9 14  10 17  13 15 "
 "   0  7   1 18   2 19   3 13   4 17   5  9   6 10   8 15  11 16  12 14 "
 "   0  8   1 12   2 18   3 11   4 10   5  6   7 14   9 16  13 19  15 17 "
 "   0  9   1 13   2 10   3 19   4  7   5 11   6 15   8 17  12 18  14 16 "
 "   0 10   1 15   2  6   3  9   4 16   5 19   7 18   8 14  11 12  13 17 "
 "   0 11   1 14   2  8   3  7   4 18   5 17   6 19   9 15  10 13  12 16 "
 "   0 12   1  9   2 17   3 10   4 13   5 14   6  8   7 19  11 18  15 16 "
 "   0 13   1  8   2 11   3 16   4 15   5 12   6 18   7  9  10 19  14 17 "
 "   0 14   1 17   2  5   3  8   4 12   6 16   7 13   9 11  10 18  15 19 "
 "   0 15   1 16   2  9   3  4   5 13   6 12   7 17   8 10  11 19  14 18 "
 "   0 16   1 10   2 14   3 17   4 11   5 18   6 13   7 15   8 12   9 19 "
 "   0 17   1 11   2 16   3 15   4 19   5 10   6 14   7 12   8 18   9 13 "
 "   0 18   1  6   2  4   3 14   5  7   8 19   9 17  10 16  11 13  12 15 "
 "   0 19   1  7   2 15   3  5   4  6   8 16   9 18  10 12  11 17  13 14 "

#15 |Aut| = 6
 "   0  1   2  3   4  5   6  7   8  9  10 11  12 13  14 15  16 17  18 19 "
 "   0  2   1  4   3  6   5  8   7 10   9 12  11 14  13 16  15 18  17 19 "
 "   0  3   1  5   2  7   4  9   6 11   8 13  10 15  12 17  14 19  16 18 "
 "   0  4   1  6   2  5   3 10   7 14   8 15   9 19  11 16  12 18  13 17 "
 "   0  5   1  7   2 11   3  4   6 15   8 18   9 14  10 17  12 16  13 19 "
 "   0  6   1 15   2 17   3 18   4 11   5 12   7 13   8 19   9 10  14 16 "
 "   0  7   1 14   2 19   3 16   4 13   5 10   6 12   8 11   9 18  15 17 "
 "   0  8   1 17   2 16   3 11   4 14   5  9   6 10   7 12  13 18  15 19 "
 "   0  9   1 16   2 10   3 17   4  8   5 15   6 13   7 11  12 19  14 18 "
 "   0 10   1  3   2  4   5 18   6 17   7  8   9 15  11 13  12 14  16 19 "
 "   0 11   1  2   3  5   4 19   6  9   7 16   8 14  10 12  13 15  17 18 "
 "   0 12   1 11   2 13   3 15   4 16   5 14   6  8   7 18   9 17  10 19 "
 "   0 13   1 10   2 14   3 12   4 15   5 17   6 19   7  9   8 16  11 18 "
 "   0 14   1 12   2 18   3  8   4  6   5 19   7 15   9 16  10 13  11 17 "
 "   0 15   1 13   2  9   3 19   4 18   5  7   6 14   8 17  10 16  11 12 "
 "   0 16   1 19   2 12   3  9   4  7   5 13   6 18   8 10  11 15  14 17 "
 "   0 17   1 18   2  8   3 13   4 12   5  6   7 19   9 11  10 14  15 16 "
 "   0 18   1  8   2  6   3 14   4 10   5 16   7 17   9 13  11 19  12 15 "
 "   0 19   1  9   2 15   3  7   4 17   5 11   6 16   8 12  10 18  13 14 "

#16 |Aut| = 6
 "   0  1   2  3   4  5   6  7   8  9  10 11  12 13  14 15  16 17  18 19 "
 "   0  2   1  4   3  6   5  8   7 10   9 12  11 14  13 16  15 18  17 19 "
 "   0  3   1  5   2  7   4  9   6 11   8 13  10 15  12 17  14 19  16 18 "
 "   0  4   1  6   2  5   3 12   7  8   9 14  10 16  11 15  13 19  17 18 "
 "   0  5   1  7   2 13   3  4   6  9   8 15  10 14  11 17  12 18  16 19 "
 "   0  6   1 14   2 12   3 16   4 13   5 15   7 11   8 19   9 17  10 18 "
 "   0  7   1 15   2 17   3 13   4 14   5 12   6 10   8 16   9 18  11 19 "
 "   0  8   1 11   2  4   3  9   5 13   6 16   7 15  10 17  12 19  14 18 "
 "   0  9   1 10   2  8   3  5   4 12   6 14   7 17  11 16  13 18  15 19 "
 "   0 10   1 18   2 16   3 14   4  8   5 17   6 19   7  9  11 13  12 15 "
 "   0 11   1 19   2 15   3 17   4 16   5  9   6  8   7 18  10 12  13 14 "
 "   0 12   1  2   3 18   4  6   5 10   7 16   8 11   9 19  13 15  14 17 "
 "   0 13   1  3   2 19   4 11   5  7   6 17   8 18   9 10  12 14  15 16 "
 "   0 14   1 17   2 10   3  8   4 18   5 11   6 13   7 19   9 15  12 16 "
 "   0 15   1 16   2  9   3 11   4 10   5 19   6 18   7 12   8 14  13 17 "
 "   0 16   1  8   2 18   3 10   4 19   5  6   7 14   9 13  11 12  15 17 "
 "   0 17   1  9   2 11   3 19   4  7   5 18   6 15   8 12  10 13  14 16 "
 "   0 18   1 13   2 14   3  7   4 15   5 16   6 12   8 17   9 11  10 19 "
 "   0 19   1 12   2  6   3 15   4 17   5 14   7 13   8 10   9 16  11 18 "

#17 |Aut| = 6
 "   0  1   2  3   4  5   6  7   8  9  10 11  12 13  14 15  16 17  18 19 "
 "   0  2   1  4   3  6   5  8   7 10   9 12  11 14  13 16  15 18  17 19 "
 "   0  3   1  5   2  7   4  9   6 11   8 13  10 15  12 17  14 19  16 18 "
 "   0  4   1  6   2  5   3 12   7 14   8 10   9 18  11 16  13 19  15 17 "
 "   0  5   1  7   2 13   3  4   6 15   8 19   9 11  10 17  12 18  14 16 "
 "   0  6   1  2   3 19   4  7   5 17   8 16   9 15  10 18  11 13  12 14 "
 "   0  7   1  3   2 18   4 16   5  6   8 14   9 17  10 12  11 19  13 15 "
 "   0  8   1 14   2 11   3 18   4 19   5 15   6 10   7 12   9 16  13 17 "
 "   0  9   1 15   2 19   3 10   4 14   5 18   6 13   7 11   8 17  12 16 "
 "   0 10   1 16   2  9   3  7   4 18   5 11   6 17   8 12  13 14  15 19 "
 "   0 11   1 17   2  6   3  8   4 10   5 19   7 16   9 13  12 15  14 18 "
 "   0 12   1 11   2 10   3  5   4 15   6  9   7 13   8 18  14 17  16 19 "
 "   0 13   1 10   2  4   3 11   5 14   6 12   7  8   9 19  15 16  17 18 "
 "   0 14   1 19   2 12   3 17   4 13   5  9   6  8   7 18  10 16  11 15 "
 "   0 15   1 18   2 16   3 13   4  8   5 12   6 19   7  9  10 14  11 17 "
 "   0 16   1 12   2 17   3 14   4  6   5 13   7 19   8 15   9 10  11 18 "
 "   0 17   1 13   2 15   3 16   4 12   5  7   6 18   8 11   9 14  10 19 "
 "   0 18   1  9   2  8   3 15   4 11   5 16   6 14   7 17  10 13  12 19 "
 "   0 19   1  8   2 14   3  9   4 17   5 10   6 16   7 15  11 12  13 18 "

#18 |Aut| = 6
 "   0  1   2  3   4  5   6  7   8  9  10 11  12 13  14 15  16 17  18 19 "
 "   0  2   1  4   3  6   5  8   7 10   9 12  11 14  13 16  15 18  17 19 "
 "   0  3   1  5   2  7   4  9   6 11   8 13  10 15  12 17  14 19  16 18 "
 "   0  4   1  6   2  5   3 14   7 17   8 16   9 13  10 12  11 18  15 19 "
 "   0  5   1  7   2 15   3  4   6 16   8 12   9 17  10 19  11 13  14 18 "
 "   0  6   1  2   3 12   4  7   5 19   8 14   9 16  10 18  11 15  13 17 "
 "   0  7   1  3   2 13   4 18   5  6   8 17   9 15  10 14  11 19  12 16 "
 "   0  8   1 19   2 12   3 18   4 13   5 16   6 10   7 14   9 11  15 17 "
 "   0  9   1 18   2 19   3 13   4 17   5 12   6 15   7 11   8 10  14 16 "
 "   0 10   1 13   2  4   3 16   5 14   6 19   7 12   8 15   9 18  11 17 "
 "   0 11   1 12   2 17   3  5   4 15   6 13   7 18   8 19   9 14  10 16 "
 "   0 12   1 14   2 16   3  9   4 19   5 10   6 17   7 15   8 11  13 18 "
 "   0 13   1 15   2  8   3 17   4 11   5 18   6 14   7 16   9 10  12 19 "
 "   0 14   1  9   2 10   3  8   4  6   5 13   7 19  11 16  12 15  17 18 "
 "   0 15   1  8   2  9   3 11   4 12   5  7   6 18  10 17  13 14  16 19 "
 "   0 16   1 11   2 18   3 15   4 10   5  9   6 12   7  8  13 19  14 17 "
 "   0 17   1 10   2 14   3 19   4  8   5 11   6  9   7 13  12 18  15 16 "
 "   0 18   1 17   2 11   3  7   4 16   5 15   6  8   9 19  10 13  12 14 "
 "   0 19   1 16   2  6   3 10   4 14   5 17   7  9   8 18  11 12  13 15 "

#19 |Aut| = 6
 "   0  1   2  3   4  5   6  7   8  9  10 11  12 13  14 15  16 17  18 19 "
 "   0  2   1  4   3  6   5  8   7 10   9 12  11 14  13 16  15 18  17 19 "
 "   0  3   1  5   2  7   4  9   6 11   8 13  10 15  12 17  14 19  16 18 "
 "   0  4   1  6   2  5   3 16   7 12   8 15   9 11  10 17  13 19  14 18 "
 "   0  5   1  7   2 17   3  4   6 13   8 10   9 14  11 16  12 18  15 19 "
 "   0  6   1  2   3 19   4  7   5 14   8 18   9 10  11 12  13 17  15 16 "
 "   0  7   1  3   2 18   4 15   5  6   8 11   9 19  10 13  12 16  14 17 "
 "   0  8   1 13   2 11   3  9   4 19   5  7   6 16  10 18  12 14  15 17 "
 "   0  9   1 12   2  8   3 10   4  6   5 18   7 17  11 19  13 15  14 16 "
 "   0 10   1 16   2 19   3 11   4 14   5 12   6 17   7  8   9 15  13 18 "
 "   0 11   1 17   2 10   3 18   4 13   5 15   6  9   7 16   8 14  12 19 "
 "   0 12   1 18   2 14   3  7   4 17   5 13   6  8   9 16  10 19  11 15 "
 "   0 13   1 19   2  6   3 15   4 12   5 16   7  9   8 17  10 14  11 18 "
 "   0 14   1 10   2 16   3  8   4 11   5 19   6 12   7 15   9 13  17 18 "
 "   0 15   1 11   2  9   3 17   4 18   5 10   6 14   7 13   8 12  16 19 "
 "   0 16   1 14   2 15   3 12   4  8   5 17   6 10   7 19   9 18  11 13 "
 "   0 17   1 15   2 13   3 14   4 16   5  9   6 18   7 11   8 19  10 12 "
 "   0 18   1  8   2  4   3 13   5 11   6 19   7 14   9 17  10 16  12 15 "
 "   0 19   1  9   2 12   3  5   4 10   6 15   7 18   8 16  11 17  13 14 "

#20 |Aut| = 6
 "   0  1   2  3   4  5   6  7   8  9  10 11  12 13  14 15  16 17  18 19 "
 "   0  2   1  4   3  6   5  8   7 10   9 12  11 14  13 16  15 18  17 19 "
 "   0  3   1  5   2  7   4  9   6 11   8 13  10 15  12 17  14 19  16 18 "
 "   0  4   1  6   2  5   3 17   7 13   8 10   9 15  11 16  12 19  14 18 "
 "   0  5   1  7   2 16   3  4   6 12   8 14   9 11  10 17  13 18  15 19 "
 "   0  6   1  2   3 18   4  7   5 15   8 11   9 19  10 12  13 17  14 16 "
 "   0  7   1  3   2 19   4 14   5  6   8 18   9 10  11 13  12 16  15 17 "
 "   0  8   1 10   2 11   3  5   4 12   6 17   7 19   9 18  13 14  15 16 "
 "   0  9   1 11   2  4   3 10   5 13   6 18   7 16   8 19  12 15  14 17 "
 "   0 10   1 12   2 14   3 11   4 15   5 19   6 13   7  8   9 16  17 18 "
 "   0 11   1 13   2 10   3 15   4 18   5 14   6  9   7 12   8 17  16 19 "
 "   0 12   1 16   2  8   3 14   4  6   5 17   7 18   9 13  10 19  11 15 "
 "   0 13   1 17   2 15   3  9   4 16   5  7   6 19   8 12  10 14  11 18 "
 "   0 14   1  8   2 13   3 16   4 19   5  9   6 15   7 17  10 18  11 12 "
 "   0 15   1  9   2 17   3 12   4  8   5 18   6 16   7 14  10 13  11 19 "
 "   0 16   1 18   2 12   3 19   4 17   5 10   6  8   7 11   9 14  13 15 "
 "   0 17   1 19   2 18   3 13   4 11   5 16   6 10   7  9   8 15  12 14 "
 "   0 18   1 15   2  9   3  7   4 10   5 12   6 14   8 16  11 17  13 19 "
 "   0 19   1 14   2  6   3  8   4 13   5 11   7 15   9 17  10 16  12 18 "

#21 |Aut| = 6
 "   0  1   2  3   4  5   6  7   8  9  10 11  12 13  14 15  16 17  18 19 "
 "   0  2   1  4   3  6   5  8   7 10   9 12  11 14  13 16  15 18  17 19 "
 "   0  3   1  5   2  7   4  9   6 11   8 13  10 15  12 17  14 19  16 18 "
 "   0  4   1  6   2  5   3 17   7 19   8 18   9 14  10 13  11 16  12 15 "
 "   0  5   1  7   2 16   3  4   6 18   8 15   9 19  10 17  11 12  13 14 "
 "   0  6   1  2   3 12   4  7   5 15   8 10   9 17  11 18  13 19  14 16 "
 "   0  7   1  3   2 13   4 14   5  6   8 16   9 11  10 19  12 18  15 17 "
 "   0  8   1 14   2  4   3 19   5 17   6 12   7 11   9 18  10 16  13 15 "
 "   0  9   1 15   2 18   3  5   4 16   6 10   7 13   8 19  11 17  12 14 "
 "   0 10   1  8   2 19   3 13   4 11   5 16   6 17   7 12   9 15  14 18 "
 "   0 11   1  9   2 12   3 18   4 17   5 10   6 13   7 16   8 14  15 19 "
 "   0 12   1 16   2  6   3 10   4 19   5 14   7  8   9 13  11 15  17 18 "
 "   0 13   1 17   2 11   3  7   4 15   5 18   6  9   8 12  10 14  16 19 "
 "   0 14   1 13   2 10   3 15   4 18   5 11   6 19   7  9   8 17  12 16 "
 "   0 15   1 12   2 14   3 11   4 10   5 19   6  8   7 18   9 16  13 17 "
 "   0 16   1 18   2  9   3 14   4  8   5 13   6 15   7 17  10 12  11 19 "
 "   0 17   1 19   2 15   3  8   4 12   5  9   6 16   7 14  10 18  11 13 "
 "   0 18   1 10   2 17   3  9   4 13   5  7   6 14   8 11  12 19  15 16 "
 "   0 19   1 11   2  8   3 16   4  6   5 12   7 15   9 10  13 18  14 17 "

#22 |Aut| = 6
 "   0  1   2  3   4  5   6  7   8  9  10 11  12 13  14 15  16 17  18 19 "
 "   0  2   1  4   3  6   5  8   7 10   9 12  11 14  13 16  15 18  17 19 "
 "   0  3   1  5   2  7   4  9   6 11   8 13  10 15  12 17  14 19  16 18 "
 "   0  4   1  6   2  5   3 19   7 13   8 14   9 17  10 18  11 15  12 16 "
 "   0  5   1  7   2 18   3  4   6 12   8 16   9 15  10 14  11 19  13 17 "
 "   0  6   1  2   3 17   4  7   5 14   8 12   9 16  10 13  11 18  15 19 "
 "   0  7   1  3   2 16   4 15   5  6   8 17   9 13  10 19  11 12  14 18 "
 "   0  8   1 16   2 14   3 10   4 19   5 12   6 13   7 11   9 18  15 17 "
 "   0  9   1 17   2 11   3 15   4 13   5 18   6 10   7 12   8 19  14 16 "
 "   0 10   1 14   2 15   3  5   4 17   6 16   7  8   9 19  11 13  12 18 "
 "   0 11   1 15   2  4   3 14   5 16   6  9   7 17   8 18  10 12  13 19 "
 "   0 12   1  8   2 19   3 16   4 18   5 11   6 17   7 15   9 10  13 14 "
 "   0 13   1  9   2 17   3 18   4 10   5 19   6 14   7 16   8 11  12 15 "
 "   0 14   1 19   2 13   3  7   4 12   5 17   6 18   8 15   9 11  10 16 "
 "   0 15   1 18   2  6   3 12   4 16   5 13   7 19   8 10   9 14  11 17 "
 "   0 16   1 13   2  8   3 11   4 14   5  9   6 15   7 18  10 17  12 19 "
 "   0 17   1 12   2 10   3  9   4  8   5 15   6 19   7 14  11 16  13 18 "
 "   0 18   1 11   2 12   3  8   4  6   5 10   7  9  13 15  14 17  16 19 "
 "   0 19   1 10   2  9   3 13   4 11   5  7   6  8  12 14  15 16  17 18 "

#23 |Aut| = 6
 "   0  1   2  3   4  5   6  7   8  9  10 11  12 13  14 15  16 17  18 19 "
 "   0  2   1  4   3  6   5  8   7 10   9 12  11 14  13 16  15 18  17 19 "
 "   0  3   1  5   2  7   4  9   6 11   8 13  10 15  12 17  14 19  16 18 "
 "   0  4   1  6   2  8   3 11   5 18   7 15   9 13  10 17  12 14  16 19 "
 "   0  5   1  7   2 10   3  9   4 19   6 14   8 12  11 16  13 15  17 18 "
 "   0  6   1  9   2 14   3 13   4 15   5 19   7 18   8 10  11 17  12 16 "
 "   0  7   1  8   2 12   3 15   4 18   5 14   6 19   9 11  10 16  13 17 "
 "   0  8   1 13   2 11   3  7   4 10   5 17   6 18   9 19  12 15  14 16 "
 "   0  9   1 12   2  6   3 10   4 16   5 11   7 19   8 18  13 14  15 17 "
 "   0 10   1  3   2 19   4 14   5 12   6 16   7 11   8 17   9 15  13 18 "
 "   0 11   1  2   3 18   4 13   5 15   6 10   7 17   8 14   9 16  12 19 "
 "   0 12   1 18   2 17   3 19   4 11   5  7   6  8   9 14  10 13  15 16 "
 "   0 13   1 19   2 18   3 16   4  6   5 10   7  9   8 15  11 12  14 17 "
 "   0 14   1 16   2  4   3 17   5 13   6  9   7 12   8 19  10 18  11 15 "
 "   0 15   1 17   2 16   3  5   4 12   6 13   7  8   9 18  10 14  11 19 "
 "   0 16   1 11   2  5   3 14   4  8   6 17   7 13   9 10  12 18  15 19 "
 "   0 17   1 10   2 15   3  4   5  9   6 12   7 16   8 11  13 19  14 18 "
 "   0 18   1 15   2  9   3 12   4 17   5  6   7 14   8 16  10 19  11 13 "
 "   0 19   1 14   2 13   3  8   4  7   5 16   6 15   9 17  10 12  11 18 "

#24 |Aut| = 6
 "   0  1   2  3   4  5   6  7   8  9  10 11  12 13  14 15  16 17  18 19 "
 "   0  2   1  4   3  6   5  8   7 10   9 12  11 14  13 16  15 18  17 19 "
 "   0  3   1  5   2  7   4  9   6 11   8 13  10 15  12 17  14 19  16 18 "
 "   0  4   1  6   2  8   3 14   5 18   7 15   9 13  10 12  11 17  16 19 "
 "   0  5   1  7   2 15   3  9   4 19   6 14   8 12  10 16  11 13  17 18 "
 "   0  6   1  3   2 14   4 17   5 10   7 13   8 15   9 16  11 18  12 19 "
 "   0  7   1  2   3 15   4 11   5 16   6 12   8 17   9 14  10 19  13 18 "
 "   0  8   1 16   2 11   3  5   4 18   6  9   7 19  10 14  12 15  13 17 "
 "   0  9   1 17   2  4   3 10   5 19   6 18   7  8  11 15  12 16  13 14 "
 "   0 10   1 19   2 18   3 13   4 14   5 12   6  8   7 17   9 15  11 16 "
 "   0 11   1 18   2 12   3 19   4 13   5 15   6 16   7  9   8 14  10 17 "
 "   0 12   1 10   2 16   3  8   4 15   5 11   6 17   7 14   9 18  13 19 "
 "   0 13   1 11   2  9   3 17   4 10   5 14   6 15   7 16   8 19  12 18 "
 "   0 14   1  8   2 19   3 11   4 12   5 17   6 13   7 18   9 10  15 16 "
 "   0 15   1  9   2 10   3 18   4 16   5 13   6 19   7 12   8 11  14 17 "
 "   0 16   1 15   2 17   3  7   4  6   5  9   8 18  10 13  11 19  12 14 "
 "   0 17   1 14   2  6   3 16   4  8   5  7   9 19  10 18  11 12  13 15 "
 "   0 18   1 12   2 13   3  4   5  6   7 11   8 10   9 17  14 16  15 19 "
 "   0 19   1 13   2  5   3 12   4  7   6 10   8 16   9 11  14 18  15 17 "

#25 |Aut| = 6
 "   0  1   2  3   4  5   6  7   8  9  10 11  12 13  14 15  16 17  18 19 "
 "   0  2   1  4   3  6   5  8   7 10   9 12  11 14  13 16  15 18  17 19 "
 "   0  3   1  5   2  7   4  9   6 11   8 13  10 15  12 17  14 19  16 18 "
 "   0  4   1  6   2  8   3 16   5 15   7  9  10 19  11 12  13 14  17 18 "
 "   0  5   1  7   2 17   3  9   4 14   6  8  10 13  11 18  12 15  16 19 "
 "   0  6   1 11   2 16   3 15   4 13   5 17   7 14   8 10   9 18  12 19 "
 "   0  7   1 10   2 14   3 17   4 16   5 12   6 15   8 19   9 11  13 18 "
 "   0  8   1 17   2 10   3 18   4 12   5 19   6  9   7 11  13 15  14 16 "
 "   0  9   1 16   2 19   3 11   4 18   5 13   6 10   7  8  12 14  15 17 "
 "   0 10   1 19   2  5   3 12   4 15   6 17   7 13   8 11   9 16  14 18 "
 "   0 11   1 18   2 13   3  4   5 14   6 12   7 16   8 17   9 10  15 19 "
 "   0 12   1 14   2  4   3 19   5 11   6 16   7 15   8 18   9 13  10 17 "
 "   0 13   1 15   2 18   3  5   4 10   6 14   7 17   8 12   9 19  11 16 "
 "   0 14   1  3   2  6   4 19   5  7   8 15   9 17  10 16  11 13  12 18 "
 "   0 15   1  2   3  7   4  6   5 18   8 16   9 14  10 12  11 17  13 19 "
 "   0 16   1 12   2 15   3  8   4 11   5  9   6 13   7 19  10 18  14 17 "
 "   0 17   1 13   2  9   3 14   4  8   5 10   6 18   7 12  11 19  15 16 "
 "   0 18   1  9   2 12   3 10   4  7   5 16   6 19   8 14  11 15  13 17 "
 "   0 19   1  8   2 11   3 13   4 17   5  6   7 18   9 15  10 14  12 16 "

#26 |Aut| = 6
 "   0  1   2  3   4  5   6  7   8  9  10 11  12 13  14 15  16 17  18 19 "
 "   0  2   1  4   3  6   5  8   7 10   9 12  11 14  13 16  15 18  17 19 "
 "   0  3   1  5   2  7   4  9   6 11   8 13  10 15  12 17  14 19  16 18 "
 "   0  4   1  6   2  8   3 18   5 19   7 12   9 14  10 17  11 13  15 16 "
 "   0  5   1  7   2 19   3  9   4 18   6 13   8 15  10 12  11 16  14 17 "
 "   0  6   1  8   2  5   3 10   4 12   7 16   9 19  11 18  13 14  15 17 "
 "   0  7   1  9   2 11   3  4   5 13   6 17   8 18  10 19  12 15  14 16 "
 "   0  8   1 16   2 15   3 12   4  7   5  9   6 19  10 14  11 17  13 18 "
 "   0  9   1 17   2 13   3 14   4  8   5  6   7 18  10 16  11 15  12 19 "
 "   0 10   1 14   2 17   3 11   4 16   5  7   6  8   9 13  12 18  15 19 "
 "   0 11   1 15   2 10   3 16   4  6   5 17   7  9   8 12  13 19  14 18 "
 "   0 12   1 10   2 18   3  5   4 15   6 16   7 19   8 14   9 11  13 17 "
 "   0 13   1 11   2  4   3 19   5 14   6 18   7 17   8 10   9 15  12 16 "
 "   0 14   1 12   2  9   3  7   4 13   5 10   6 15   8 16  11 19  17 18 "
 "   0 15   1 13   2  6   3  8   4 11   5 12   7 14   9 17  10 18  16 19 "
 "   0 16   1 19   2 12   3 17   4 14   5 18   6  9   7 15   8 11  10 13 "
 "   0 17   1 18   2 16   3 13   4 19   5 15   6 14   7  8   9 10  11 12 "
 "   0 18   1  2   3 15   4 17   5 11   6 10   7 13   8 19   9 16  12 14 "
 "   0 19   1  3   2 14   4 10   5 16   6 12   7 11   8 17   9 18  13 15 "

#27 |Aut| = 6
 "   0  1   2  3   4  5   6  7   8  9  10 11  12 13  14 15  16 17  18 19 "
 "   0  2   1  4   3  6   5  8   7 10   9 12  11 14  13 16  15 18  17 19 "
 "   0  3   1  5   2  7   4  9   6 11   8 13  10 15  12 17  14 19  16 18 "
 "   0  4   1  6   2  8   3 19   5  9   7 16  10 17  11 15  12 18  13 14 "
 "   0  5   1  7   2 18   3  9   4  8   6 17  10 14  11 16  12 15  13 19 "
 "   0  6   1  9   2 11   3  5   4 15   7 19   8 17  10 12  13 18  14 16 "
 "   0  7   1  8   2  4   3 10   5 14   6 18   9 16  11 13  12 19  15 17 "
 "   0  8   1 19   2 15   3 17   4  7   5 11   6 13   9 14  10 18  12 16 "
 "   0  9   1 18   2 16   3 14   4 10   5  6   7 12   8 15  11 19  13 17 "
 "   0 10   1 13   2 12   3 18   4 14   5  7   6  9   8 16  11 17  15 19 "
 "   0 11   1 12   2 19   3 13   4  6   5 15   7  8   9 17  10 16  14 18 "
 "   0 12   1 16   2 13   3 11   4 19   5 10   6  8   7 18   9 15  14 17 "
 "   0 13   1 17   2 10   3 12   4 11   5 18   6 19   7  9   8 14  15 16 "
 "   0 14   1 11   2  5   3  8   4 12   6 10   7 17   9 18  13 15  16 19 "
 "   0 15   1 10   2  9   3  4   5 13   6 16   7 11   8 19  12 14  17 18 "
 "   0 16   1  2   3 15   4 18   5 17   6 12   7 14   8 11   9 19  10 13 "
 "   0 17   1  3   2 14   4 16   5 19   6 15   7 13   8 18   9 10  11 12 "
 "   0 18   1 15   2 17   3  7   4 13   5 16   6 14   8 12   9 11  10 19 "
 "   0 19   1 14   2  6   3 16   4 17   5 12   7 15   8 10   9 13  11 18 "

#28 |Aut| = 6
 "   0  1   2  3   4  5   6  7   8  9  10 11  12 13  14 15  16 17  18 19 "
 "   0  2   1  4   3  6   5  8   7 10   9 12  11 14  13 16  15 18  17 19 "
 "   0  3   1  5   2  7   4  9   6 11   8 13  10 15  12 17  14 19  16 18 "
 "   0  4   1  6   2  9   3 10   5 12   7 17   8 14  11 18  13 15  16 19 "
 "   0  5   1  7   2 11   3  8   4 13   6 16   9 15  10 19  12 14  17 18 "
 "   0  6   1  3   2 12   4 17   5 14   7 19   8 16   9 18  10 13  11 15 "
 "   0  7   1  2   3 13   4 15   5 16   6 18   8 19   9 17  10 14  11 12 "
 "   0  8   1 10   2 15   3 19   4  6   5 17   7 11   9 14  12 16  13 18 "
 "   0  9   1 11   2 18   3 14   4 16   5  7   6 10   8 15  12 19  13 17 "
 "   0 10   1 12   2 17   3  9   4 11   5 18   6 19   7  8  13 14  15 16 "
 "   0 11   1 13   2  8   3 16   4 19   5 10   6  9   7 18  12 15  14 17 "
 "   0 12   1  9   2 16   3  4   5  6   7 14   8 18  10 17  11 13  15 19 "
 "   0 13   1  8   2  5   3 17   4  7   6 15   9 19  10 12  11 16  14 18 "
 "   0 14   1 18   2  4   3 11   5 19   6 13   7 16   8 12   9 10  15 17 "
 "   0 15   1 19   2 10   3  5   4 18   6 17   7 12   8 11   9 13  14 16 "
 "   0 16   1 14   2  6   3 15   4 10   5  9   7 13   8 17  11 19  12 18 "
 "   0 17   1 15   2 14   3  7   4  8   5 11   6 12   9 16  10 18  13 19 "
 "   0 18   1 17   2 19   3 12   4 14   5 13   6  8   7 15   9 11  10 16 "
 "   0 19   1 16   2 13   3 18   4 12   5 15   6 14   7  9   8 10  11 17 "

#29 |Aut| = 6
 "   0  1   2  3   4  5   6  7   8  9  10 11  12 13  14 15  16 17  18 19 "
 "   0  2   1  4   3  6   5  8   7 10   9 12  11 14  13 16  15 18  17 19 "
 "   0  3   1  5   2  7   4  9   6 11   8 13  10 15  12 17  14 19  16 18 "
 "   0  4   1  6   2  9   3 11   5 13   7 16   8 12  10 18  14 17  15 19 "
 "   0  5   1  7   2 10   3  8   4 12   6 17   9 13  11 19  14 18  15 16 "
 "   0  6   1  3   2  5   4 18   7 15   8 19   9 11  10 12  13 17  14 16 "
 "   0  7   1  2   3  4   5 19   6 14   8 10   9 18  11 13  12 16  15 17 "
 "   0  8   1 16   2 15   3  9   4  7   5 14   6 10  11 12  13 19  17 18 "
 "   0  9   1 17   2  8   3 14   4 15   5  6   7 11  10 13  12 18  16 19 "
 "   0 10   1 14   2 16   3 19   4 13   5  7   6  9   8 18  11 17  12 15 "
 "   0 11   1 15   2 18   3 17   4  6   5 12   7  8   9 19  10 16  13 14 "
 "   0 12   1 11   2 17   3 10   4 16   5  9   6 19   7 14   8 15  13 18 "
 "   0 13   1 10   2 11   3 16   4  8   5 17   6 15   7 18   9 14  12 19 "
 "   0 14   1 12   2  4   3 18   5 16   6 13   7 19   8 17   9 10  11 15 "
 "   0 15   1 13   2 19   3  5   4 17   6 18   7 12   8 11   9 16  10 14 "
 "   0 16   1 18   2 12   3  7   4 14   5 11   6  8   9 17  10 19  13 15 "
 "   0 17   1 19   2  6   3 13   4 10   5 15   7  9   8 16  11 18  12 14 "
 "   0 18   1  9   2 13   3 15   4 19   5 10   6 12   7 17   8 14  11 16 "
 "   0 19   1  8   2 14   3 12   4 11   5 18   6 16   7 13   9 15  10 17 "

#30 |Aut| = 6
 "   0  1   2  3   4  5   6  7   8  9  10 11  12 13  14 15  16 17  18 19 "
 "   0  2   1  4   3  6   5  8   7 10   9 12  11 14  13 16  15 18  17 19 "
 "   0  3   1  5   2  7   4  9   6 11   8 13  10 15  12 17  14 19  16 18 "
 "   0  4   1  6   2  9   3 11   5 15   7 17   8 12  10 14  13 18  16 19 "
 "   0  5   1  7   2 10   3  8   4 14   6 16   9 13  11 15  12 19  17 18 "
 "   0  6   1 19   2 17   3 10   4 18   5 11   7 13   8 16   9 15  12 14 "
 "   0  7   1 18   2 11   3 16   4 10   5 19   6 12   8 14   9 17  13 15 "
 "   0  8   1 13   2 15   3  4   5 12   6  9   7 18  10 17  11 19  14 16 "
 "   0  9   1 12   2  5   3 14   4 13   6 19   7  8  10 18  11 16  15 17 "
 "   0 10   1  8   2  6   3  5   4 15   7 19   9 16  11 13  12 18  14 17 "
 "   0 11   1  9   2  4   3  7   5 14   6 18   8 17  10 12  13 19  15 16 "
 "   0 12   1  2   3  9   4 11   5 17   6 15   7 16   8 18  10 19  13 14 "
 "   0 13   1  3   2  8   4 16   5 10   6 17   7 14   9 19  11 18  12 15 "
 "   0 14   1 10   2 16   3 18   4 12   5  9   6 13   7 15   8 19  11 17 "
 "   0 15   1 11   2 19   3 17   4  8   5 13   6 14   7 12   9 18  10 16 "
 "   0 16   1 15   2 12   3 19   4  7   5 18   6 10   8 11   9 14  13 17 "
 "   0 17   1 14   2 18   3 13   4 19   5  6   7 11   8 15   9 10  12 16 "
 "   0 18   1 16   2 14   3 12   4 17   5  7   6  8   9 11  10 13  15 19 "
 "   0 19   1 17   2 13   3 15   4  6   5 16   7  9   8 10  11 12  14 18 "

#31 |Aut| = 6
 "   0  1   2  3   4  5   6  7   8  9  10 11  12 13  14 15  16 17  18 19 "
 "   0  2   1  4   3  6   5  8   7 10   9 12  11 14  13 16  15 18  17 19 "
 "   0  3   1  5   2  7   4  9   6 11   8 13  10 15  12 17  14 19  16 18 "
 "   0  4   1  6   2  9   3 17   5 14   7 18   8 12  10 13  11 15  16 19 "
 "   0  5   1  7   2 16   3  8   4 15   6 19   9 13  10 14  11 12  17 18 "
 "   0  6   1  3   2  5   4 10   7 16   8 11   9 18  12 14  13 19  15 17 "
 "   0  7   1  2   3  4   5 11   6 17   8 19   9 10  12 18  13 15  14 16 "
 "   0  8   1 15   2  4   3 11   5 16   6 18   7 13   9 19  10 12  14 17 "
 "   0  9   1 14   2 10   3  5   4 17   6 12   7 19   8 18  11 13  15 16 "
 "   0 10   1 17   2 19   3  7   4  8   5 15   6 14   9 11  12 16  13 18 "
 "   0 11   1 16   2  6   3 18   4 14   5  9   7 15   8 10  12 19  13 17 "
 "   0 12   1 11   2 17   3 14   4 13   5 18   6 10   7  8   9 16  15 19 "
 "   0 13   1 10   2 15   3 16   4 19   5 12   6  9   7 11   8 17  14 18 "
 "   0 14   1 18   2  8   3 10   4 16   5  7   6 13   9 17  11 19  12 15 "
 "   0 15   1 19   2 11   3  9   4  6   5 17   7 12   8 16  10 18  13 14 "
 "   0 16   1 13   2 12   3 15   4  7   5 19   6  8   9 14  10 17  11 18 "
 "   0 17   1 12   2 14   3 13   4 18   5  6   7  9   8 15  10 19  11 16 "
 "   0 18   1  8   2 13   3 19   4 12   5 10   6 16   7 14   9 15  11 17 "
 "   0 19   1  9   2 18   3 12   4 11   5 13   6 15   7 17   8 14  10 16 "

#32 |Aut| = 6
 "   0  1   2  3   4  5   6  7   8  9  10 11  12 13  14 15  16 17  18 19 "
 "   0  2   1  4   3  6   5  8   7 10   9 12  11 14  13 16  15 18  17 19 "
 "   0  3   1  5   2  7   4  9   6 11   8 13  10 15  12 17  14 19  16 18 "
 "   0  4   1  6   2 10   3  8   5 17   7 11   9 18  12 16  13 14  15 19 "
 "   0  5   1  7   2  9   3 11   4 16   6 10   8 19  12 15  13 17  14 18 "
 "   0  6   1 13   2  5   3  7   4 17   8 12   9 19  10 18  11 15  14 16 "
 "   0  7   1 12   2  6   3  4   5 16   8 18   9 13  10 14  11 19  15 17 "
 "   0  8   1  3   2 18   4 14   5 12   6 15   7 19   9 17  10 13  11 16 "
 "   0  9   1  2   3 19   4 13   5 15   6 18   7 14   8 16  10 17  11 12 "
 "   0 10   1  8   2 12   3  5   4  7   6 19   9 14  11 13  15 16  17 18 "
 "   0 11   1  9   2  4   3 13   5  6   7 18   8 15  10 12  14 17  16 19 "
 "   0 12   1 15   2 17   3  9   4 19   5 11   6 14   7 16   8 10  13 18 "
 "   0 13   1 14   2  8   3 16   4 10   5 18   6 17   7 15   9 11  12 19 "
 "   0 14   1 19   2 15   3 17   4 18   5 13   6  9   7 12   8 11  10 16 "
 "   0 15   1 18   2 16   3 14   4 12   5 19   6 13   7  8   9 10  11 17 "
 "   0 16   1 10   2 19   3 12   4  6   5 14   7 13   8 17   9 15  11 18 "
 "   0 17   1 11   2 13   3 18   4 15   5  7   6 12   8 14   9 16  10 19 "
 "   0 18   1 17   2 11   3 15   4  8   5 10   6 16   7  9  12 14  13 19 "
 "   0 19   1 16   2 14   3 10   4 11   5  9   6  8   7 17  12 18  13 15 "

#33 |Aut| = 6
 "   0  1   2  3   4  5   6  7   8  9  10 11  12 13  14 15  16 17  18 19 "
 "   0  2   1  4   3  6   5  8   7 10   9 12  11 14  13 16  15 18  17 19 "
 "   0  3   1  5   2  7   4  9   6 11   8 13  10 15  12 17  14 19  16 18 "
 "   0  4   1  6   2 10   3 13   5 12   7 14   8 18   9 11  15 17  16 19 "
 "   0  5   1  7   2 12   3 11   4 13   6 15   8 10   9 19  14 16  17 18 "
 "   0  6   1 15   2 13   3 18   4 19   5  9   7 11   8 14  10 17  12 16 "
 "   0  7   1 14   2 19   3 12   4  8   5 18   6 10   9 15  11 16  13 17 "
 "   0  8   1 19   2 18   3  5   4 11   6 17   7 12   9 14  10 16  13 15 "
 "   0  9   1 18   2  4   3 19   5 10   6 13   7 16   8 15  11 17  12 14 "
 "   0 10   1 12   2 15   3  9   4 16   5 13   6 14   7 17   8 19  11 18 "
 "   0 11   1 13   2  8   3 14   4 12   5 17   6 16   7 15   9 18  10 19 "
 "   0 12   1  8   2  6   3 10   4 15   5 11   7 18   9 16  13 19  14 17 "
 "   0 13   1  9   2 11   3  7   4 10   5 14   6 19   8 17  12 18  15 16 "
 "   0 14   1 16   2  5   3  8   4 17   6  9   7 13  10 18  11 15  12 19 "
 "   0 15   1 17   2  9   3  4   5 16   6 12   7  8  10 14  11 19  13 18 "
 "   0 16   1 11   2 17   3 15   4  7   5 19   6  8   9 13  10 12  14 18 "
 "   0 17   1 10   2 14   3 16   4 18   5  6   7  9   8 12  11 13  15 19 "
 "   0 18   1  2   3 17   4  6   5 15   7 19   8 16   9 10  11 12  13 14 "
 "   0 19   1  3   2 16   4 14   5  7   6 18   8 11   9 17  10 13  12 15 "

#34 |Aut| = 6
 "   0  1   2  3   4  5   6  7   8  9  10 11  12 13  14 15  16 17  18 19 "
 "   0  2   1  4   3  6   5  8   7 10   9 12  11 14  13 16  15 18  17 19 "
 "   0  3   1  5   2  7   4  9   6 11   8 13  10 15  12 17  14 19  16 18 "
 "   0  4   1  6   2 10   3 17   5 18   7 13   8 19   9 14  11 15  12 16 "
 "   0  5   1  7   2 16   3 11   4 19   6 12   8 15   9 18  10 14  13 17 "
 "   0  6   1 11   2 19   3  4   5  7   8 14   9 17  10 16  12 18  13 15 "
 "   0  7   1 10   2  5   3 18   4  6   8 16   9 15  11 17  12 14  13 19 "
 "   0  8   1 12   2  9   3 16   4 15   5 11   6 19   7 17  10 18  13 14 "
 "   0  9   1 13   2 17   3  8   4 10   5 14   6 16   7 18  11 19  12 15 "
 "   0 10   1  8   2  6   3  5   4 14   7 19   9 16  11 12  13 18  15 17 "
 "   0 11   1  9   2  4   3  7   5 15   6 18   8 17  10 13  12 19  14 16 "
 "   0 12   1 19   2 15   3 10   4 18   5 17   6 14   7 16   8 11   9 13 "
 "   0 13   1 18   2 11   3 14   4 16   5 19   6 17   7 15   8 12   9 10 "
 "   0 14   1  2   3  9   4  8   5 12   6 13   7 11  10 19  15 16  17 18 "
 "   0 15   1  3   2  8   4 13   5  9   6 10   7 12  11 18  14 17  16 19 "
 "   0 16   1 15   2 18   3 12   4 11   5 13   6  8   7 14   9 19  10 17 "
 "   0 17   1 14   2 13   3 19   4 12   5 10   6 15   7  9   8 18  11 16 "
 "   0 18   1 16   2 14   3 13   4 17   5  6   7  8   9 11  10 12  15 19 "
 "   0 19   1 17   2 12   3 15   4  7   5 16   6  9   8 10  11 13  14 18 "

#35 |Aut| = 6
 "   0  1   2  3   4  5   6  7   8  9  10 11  12 13  14 15  16 17  18 19 "
 "   0  2   1  4   3  6   5  8   7 10   9 12  11 14  13 16  15 18  17 19 "
 "   0  3   1  5   2  7   4  9   6 11   8 13  10 15  12 17  14 19  16 18 "
 "   0  4   1  6   2 10   3 19   5 12   7  9   8 18  11 16  13 15  14 17 "
 "   0  5   1  7   2 18   3 11   4 13   6  8   9 19  10 17  12 14  15 16 "
 "   0  6   1 13   2 15   3 10   4 18   5 14   7 19   8 17   9 11  12 16 "
 "   0  7   1 12   2 11   3 14   4 15   5 19   6 18   8 10   9 16  13 17 "
 "   0  8   1 18   2 12   3  9   4  7   5 13   6 15  10 14  11 17  16 19 "
 "   0  9   1 19   2  8   3 13   4 12   5  6   7 14  10 16  11 15  17 18 "
 "   0 10   1 14   2 13   3 17   4  8   5 18   6 16   7 11   9 15  12 19 "
 "   0 11   1 15   2 16   3 12   4 19   5  9   6 10   7 17   8 14  13 18 "
 "   0 12   1 17   2 19   3  7   4 14   5 16   6  9   8 15  10 18  11 13 "
 "   0 13   1 16   2  6   3 18   4 17   5 15   7  8   9 14  10 12  11 19 "
 "   0 14   1  9   2 17   3  5   4 11   6 12   7 18   8 16  10 13  15 19 "
 "   0 15   1  8   2  4   3 16   5 10   6 19   7 13   9 17  11 12  14 18 "
 "   0 16   1 10   2 14   3  8   4  6   5 11   7 12   9 18  13 19  15 17 "
 "   0 17   1 11   2  9   3 15   4 10   5  7   6 13   8 19  12 18  14 16 "
 "   0 18   1  2   3  4   5 17   6 14   7 16   8 11   9 13  10 19  12 15 "
 "   0 19   1  3   2  5   4 16   6 17   7 15   8 12   9 10  11 18  13 14 "

#36 |Aut| = 6
 "   0  1   2  3   4  5   6  7   8  9  10 11  12 13  14 15  16 17  18 19 "
 "   0  2   1  4   3  6   5  8   7 10   9 12  11 14  13 16  15 18  17 19 "
 "   0  3   1  5   2  7   4  9   6 11   8 13  10 15  12 17  14 19  16 18 "
 "   0  4   1  6   2 10   3 19   5 17   7 11   8 12   9 15  13 18  14 16 "
 "   0  5   1  7   2 18   3 11   4 16   6 10   8 14   9 13  12 19  15 17 "
 "   0  6   1  3   2 19   4 14   5 12   7 15   8 10   9 16  11 13  17 18 "
 "   0  7   1  2   3 18   4 13   5 15   6 14   8 17   9 11  10 12  16 19 "
 "   0  8   1 15   2 13   3 16   4 19   5 11   6 18   7 12   9 17  10 14 "
 "   0  9   1 14   2 17   3 12   4 10   5 18   6 13   7 19   8 16  11 15 "
 "   0 10   1 12   2 14   3 13   4  8   5 16   6 15   7 17   9 19  11 18 "
 "   0 11   1 13   2 12   3 15   4 17   5  9   6 16   7 14   8 18  10 19 "
 "   0 12   1 18   2  5   3 14   4  6   7 13   8 19   9 10  11 17  15 16 "
 "   0 13   1 19   2 15   3  4   5  7   6 12   8 11   9 18  10 16  14 17 "
 "   0 14   1 16   2  9   3 17   4 11   5  6   7  8  10 13  12 18  15 19 "
 "   0 15   1 17   2 16   3  8   4  7   5 10   6  9  11 12  13 19  14 18 "
 "   0 16   1  8   2 11   3  5   4 15   6 19   7  9  10 18  12 14  13 17 "
 "   0 17   1  9   2  4   3 10   5 14   6  8   7 18  11 19  12 16  13 15 "
 "   0 18   1 11   2  6   3  9   4 12   5 19   7 16   8 15  10 17  13 14 "
 "   0 19   1 10   2  8   3  7   4 18   5 13   6 17   9 14  11 16  12 15 "

#37 |Aut| = 6
 "   0  1   2  3   4  5   6  7   8  9  10 11  12 13  14 15  16 17  18 19 "
 "   0  2   1  4   3  6   5  8   7 10   9 12  11 14  13 16  15 18  17 19 "
 "   0  3   1  5   2  7   4  9   6 11   8 13  10 15  12 17  14 19  16 18 "
 "   0  4   1  6   2 11   3 17   5 10   7 13   8 19   9 16  12 15  14 18 "
 "   0  5   1  7   2 16   3 10   4 11   6 12   8 17   9 18  13 14  15 19 "
 "   0  6   1  3   2 19   4  8   5 15   7 16   9 10  11 18  12 14  13 17 "
 "   0  7   1  2   3 18   4 14   5  9   6 17   8 11  10 19  12 16  13 15 "
 "   0  8   1 12   2 14   3 11   4 18   5 13   6  9   7 15  10 17  16 19 "
 "   0  9   1 13   2 10   3 15   4 12   5 19   6 14   7  8  11 16  17 18 "
 "   0 10   1  8   2  4   3 14   5 17   6 16   7 12   9 15  11 19  13 18 "
 "   0 11   1  9   2 15   3  5   4 16   6 13   7 17   8 14  10 18  12 19 "
 "   0 12   1 11   2  5   3 19   4  6   7 14   8 18   9 13  10 16  15 17 "
 "   0 13   1 10   2 18   3  4   5  7   6 15   8 12   9 19  11 17  14 16 "
 "   0 14   1 18   2  9   3  7   4 17   5 12   6 19   8 10  11 13  15 16 "
 "   0 15   1 19   2  6   3  8   4 13   5 16   7 18   9 11  10 12  14 17 "
 "   0 16   1 15   2  8   3 12   4  7   5 11   6 18   9 17  10 14  13 19 "
 "   0 17   1 14   2 13   3  9   4 10   5  6   7 19   8 16  11 15  12 18 "
 "   0 18   1 16   2 17   3 13   4 19   5 14   6 10   7  9   8 15  11 12 "
 "   0 19   1 17   2 12   3 16   4 15   5 18   6  8   7 11   9 14  10 13 "

#38 |Aut| = 6
 "   0  1   2  3   4  5   6  7   8  9  10 11  12 13  14 15  16 17  18 19 "
 "   0  2   1  4   3  6   5  8   7 10   9 12  11 14  13 16  15 18  17 19 "
 "   0  3   1  5   2  7   4  9   6 11   8 13  10 15  12 17  14 19  16 18 "
 "   0  4   1  6   2 11   3 17   5 12   7 14   8 16   9 18  10 13  15 19 "
 "   0  5   1  7   2 16   3 10   4 13   6 15   8 19   9 17  11 12  14 18 "
 "   0  6   1  9   2 19   3  5   4 15   7 11   8 12  10 17  13 18  14 16 "
 "   0  7   1  8   2  4   3 18   5 14   6 10   9 13  11 16  12 19  15 17 "
 "   0  8   1 15   2 13   3  4   5  6   7 16   9 10  11 19  12 14  17 18 "
 "   0  9   1 14   2  5   3 12   4  7   6 17   8 11  10 18  13 15  16 19 "
 "   0 10   1 13   2 12   3  7   4 17   5 19   6  8   9 14  11 18  15 16 "
 "   0 11   1 12   2  6   3 13   4 18   5 16   7  9   8 15  10 19  14 17 "
 "   0 12   1 16   2 17   3  8   4 11   5  7   6 18   9 15  10 14  13 19 "
 "   0 13   1 17   2  9   3 16   4  6   5 10   7 19   8 14  11 15  12 18 "
 "   0 14   1 11   2 18   3 15   4  8   5 13   6 12   7 17   9 19  10 16 "
 "   0 15   1 10   2 14   3 19   4 12   5  9   6 16   7 13   8 18  11 17 "
 "   0 16   1 19   2 15   3 11   4 10   5 18   6  9   7 12   8 17  13 14 "
 "   0 17   1 18   2 10   3 14   4 19   5 11   6 13   7  8   9 16  12 15 "
 "   0 18   1  2   3  9   4 14   5 17   6 19   7 15   8 10  11 13  12 16 "
 "   0 19   1  3   2  8   4 16   5 15   6 14   7 18   9 11  10 12  13 17 "

#39 |Aut| = 6
 "   0  1   2  3   4  5   6  7   8  9  10 11  12 13  14 15  16 17  18 19 "
 "   0  2   1  4   3  6   5  8   7 10   9 12  11 14  13 16  15 18  17 19 "
 "   0  3   1  5   2  7   4  9   6 11   8 13  10 15  12 17  14 19  16 18 "
 "   0  4   1  6   2 11   3 17   5 19   7  8   9 13  10 18  12 15  14 16 "
 "   0  5   1  7   2 16   3 10   4 18   6  9   8 12  11 19  13 14  15 17 "
 "   0  6   1 11   2 15   3  4   5 12   7  9   8 16  10 14  13 19  17 18 "
 "   0  7   1 10   2  5   3 14   4 13   6  8   9 17  11 15  12 18  16 19 "
 "   0  8   1 19   2 12   3  5   4 16   6 10   7 18   9 14  11 17  13 15 "
 "   0  9   1 18   2  4   3 13   5 17   6 19   7 11   8 15  10 16  12 14 "
 "   0 10   1 17   2  6   3 12   4 14   5 13   7 19   8 11   9 18  15 16 "
 "   0 11   1 16   2 13   3  7   4 12   5 15   6 18   8 19   9 10  14 17 "
 "   0 12   1 15   2 10   3 18   4 19   5  9   6 14   7 16   8 17  11 13 "
 "   0 13   1 14   2 19   3 11   4  8   5 18   6 17   7 15   9 16  10 12 "
 "   0 14   1  2   3  8   4  7   5 11   6 15   9 19  10 17  12 16  13 18 "
 "   0 15   1  3   2  9   4 10   5  6   7 14   8 18  11 16  12 19  13 17 "
 "   0 16   1  9   2 17   3 19   4 15   5  7   6 12   8 14  10 13  11 18 "
 "   0 17   1  8   2 18   3 16   4  6   5 14   7 13   9 15  10 19  11 12 "
 "   0 18   1 12   2 14   3  9   4 11   5 16   6 13   7 17   8 10  15 19 "
 "   0 19   1 13   2  8   3 15   4 17   5 10   6 16   7 12   9 11  14 18 "

#40 |Aut| = 6
 "   0  1   2  3   4  5   6  7   8  9  10 11  12 13  14 15  16 17  18 19 "
 "   0  2   1  4   3  6   5  8   7 10   9 12  11 14  13 16  15 18  17 19 "
 "   0  3   1  5   2  7   4  9   6 11   8 13  10 15  12 17  14 19  16 18 "
 "   0  4   1  6   2 11   3 19   5  9   7 18   8 17  10 14  12 16  13 15 "
 "   0  5   1  7   2 18   3 10   4  8   6 19   9 16  11 15  12 14  13 17 "
 "   0  6   1 13   2 16   3  5   4 14   7 15   8 10   9 17  11 19  12 18 "
 "   0  7   1 12   2  4   3 17   5 15   6 14   8 16   9 11  10 18  13 19 "
 "   0  8   1 19   2 15   3 18   4 12   5 16   6  9   7 11  10 13  14 17 "
 "   0  9   1 18   2 19   3 14   4 17   5 13   6 10   7  8  11 12  15 16 "
 "   0 10   1  2   3  8   4  6   5 18   7 13   9 14  11 17  12 15  16 19 "
 "   0 11   1  3   2  9   4 19   5  7   6 12   8 15  10 16  13 14  17 18 "
 "   0 12   1 14   2  5   3 11   4  7   6 16   8 19   9 10  13 18  15 17 "
 "   0 13   1 15   2 10   3  4   5  6   7 17   8 11   9 18  12 19  14 16 "
 "   0 14   1 11   2 12   3 15   4 16   5 19   6 13   7  9   8 18  10 17 "
 "   0 15   1 10   2 14   3 13   4 18   5 17   6  8   7 12   9 19  11 16 "
 "   0 16   1  9   2 17   3 12   4 13   5 10   6 15   7 19   8 14  11 18 "
 "   0 17   1  8   2 13   3 16   4 11   5 12   6 18   7 14   9 15  10 19 "
 "   0 18   1 17   2  6   3  9   4 10   5 14   7 16   8 12  11 13  15 19 "
 "   0 19   1 16   2  8   3  7   4 15   5 11   6 17   9 13  10 12  14 18 "

#41 |Aut| = 6
 "   0  1   2  3   4  5   6  7   8  9  10 11  12 13  14 15  16 17  18 19 "
 "   0  2   1  4   3  6   5  8   7 10   9 12  11 14  13 16  15 18  17 19 "
 "   0  3   1  5   2  7   4  9   6 11   8 13  10 15  12 17  14 19  16 18 "
 "   0  4   1  6   2 12   3 11   5 19   7 16   8 10   9 18  13 14  15 17 "
 "   0  5   1  7   2 10   3 13   4 18   6 17   8 19   9 11  12 15  14 16 "
 "   0  6   1  8   2 16   3  4   5 14   7 13   9 17  10 19  11 15  12 18 "
 "   0  7   1  9   2  5   3 17   4 15   6 12   8 16  10 14  11 18  13 19 "
 "   0  8   1 13   2  6   3 10   4 12   5 11   7 19   9 14  15 16  17 18 "
 "   0  9   1 12   2 11   3  7   4 10   5 13   6 18   8 15  14 17  16 19 "
 "   0 10   1 15   2  4   3 18   5  6   7 17   8 14   9 16  11 13  12 19 "
 "   0 11   1 14   2 19   3  5   4  7   6 16   8 17   9 15  10 12  13 18 "
 "   0 12   1 16   2 13   3 14   4 17   5  7   6  9   8 11  10 18  15 19 "
 "   0 13   1 17   2 15   3 12   4  6   5 16   7  8   9 10  11 19  14 18 "
 "   0 14   1 18   2 17   3  8   4 19   5  9   6 15   7 11  10 13  12 16 "
 "   0 15   1 19   2  9   3 16   4  8   5 18   6 10   7 14  11 12  13 17 "
 "   0 16   1  2   3  9   4 14   5 10   6 19   7 12   8 18  11 17  13 15 "
 "   0 17   1  3   2  8   4 11   5 15   6 13   7 18   9 19  10 16  12 14 "
 "   0 18   1 11   2 14   3 19   4 16   5 12   6  8   7 15   9 13  10 17 "
 "   0 19   1 10   2 18   3 15   4 13   5 17   6 14   7  9   8 12  11 16 "

#42 |Aut| = 6
 "   0  1   2  3   4  5   6  7   8  9  10 11  12 13  14 15  16 17  18 19 "
 "   0  2   1  4   3  6   5  8   7 10   9 12  11 14  13 16  15 18  17 19 "
 "   0  3   1  5   2  7   4  9   6 11   8 13  10 15  12 17  14 19  16 18 "
 "   0  4   1  6   2 12   3 17   5 18   7 15   8 14   9 16  10 13  11 19 "
 "   0  5   1  7   2 16   3 13   4 19   6 14   8 17   9 15  10 18  11 12 "
 "   0  6   1 19   2  9   3 15   4 14   5 12   7 16   8 10  11 18  13 17 "
 "   0  7   1 18   2 14   3  8   4 13   5 15   6 17   9 11  10 19  12 16 "
 "   0  8   1 13   2 19   3 10   4 12   5  7   6 18   9 14  11 17  15 16 "
 "   0  9   1 12   2 11   3 18   4  6   5 13   7 19   8 15  10 16  14 17 "
 "   0 10   1  8   2 13   3  5   4 11   6 12   7 14   9 18  15 17  16 19 "
 "   0 11   1  9   2  4   3 12   5 10   6 15   7 13   8 19  14 16  17 18 "
 "   0 12   1 10   2  5   3 14   4 16   6 19   7  8   9 17  11 15  13 18 "
 "   0 13   1 11   2 15   3  4   5 17   6  9   7 18   8 16  10 14  12 19 "
 "   0 14   1  3   2 18   4 15   5  9   6 16   7 12   8 11  10 17  13 19 "
 "   0 15   1  2   3 19   4  8   5 14   6 13   7 17   9 10  11 16  12 18 "
 "   0 16   1 15   2 17   3  9   4  7   5 19   6 10   8 18  11 13  12 14 "
 "   0 17   1 14   2  8   3 16   4 18   5  6   7 11   9 19  10 12  13 15 "
 "   0 18   1 17   2  6   3 11   4 10   5 16   7  9   8 12  13 14  15 19 "
 "   0 19   1 16   2 10   3  7   4 17   5 11   6  8   9 13  12 15  14 18 "

#43 |Aut| = 6
 "   0  1   2  3   4  5   6  7   8  9  10 11  12 13  14 15  16 17  18 19 "
 "   0  2   1  4   3  6   5  8   7 10   9 12  11 14  13 16  15 18  17 19 "
 "   0  3   1  5   2  7   4  9   6 11   8 13  10 15  12 17  14 19  16 18 "
 "   0  4   1  6   2 12   3 18   5 14   7  8   9 10  11 13  15 17  16 19 "
 "   0  5   1  7   2 19   3 13   4 15   6  9   8 11  10 12  14 16  17 18 "
 "   0  6   1 10   2 13   3 17   4  8   5 19   7 15   9 16  11 18  12 14 "
 "   0  7   1 11   2 16   3 12   4 18   5  9   6 14   8 17  10 19  13 15 "
 "   0  8   1 17   2  9   3 15   4 14   5 18   6 10   7 16  11 12  13 19 "
 "   0  9   1 16   2 14   3  8   4 19   5 15   6 17   7 11  10 13  12 18 "
 "   0 10   1 15   2 11   3  9   4 13   5  6   7 17   8 16  12 19  14 18 "
 "   0 11   1 14   2  8   3 10   4  7   5 12   6 16   9 17  13 18  15 19 "
 "   0 12   1  3   2 17   4 10   5 16   6 13   7 19   8 18   9 14  11 15 "
 "   0 13   1  2   3 16   4 17   5 11   6 18   7 12   8 15   9 19  10 14 "
 "   0 14   1 13   2 15   3  4   5  7   6  8   9 18  10 17  11 19  12 16 "
 "   0 15   1 12   2  5   3 14   4  6   7  9   8 19  10 18  11 16  13 17 "
 "   0 16   1 18   2  4   3 19   5 10   6 15   7 13   8 12   9 11  14 17 "
 "   0 17   1 19   2 18   3  5   4 11   6 12   7 14   8 10   9 13  15 16 "
 "   0 18   1  9   2 10   3  7   4 16   5 13   6 19   8 14  11 17  12 15 "
 "   0 19   1  8   2  6   3 11   4 12   5 17   7 18   9 15  10 16  13 14 "

#44 |Aut| = 6
 "   0  1   2  3   4  5   6  7   8  9  10 11  12 13  14 15  16 17  18 19 "
 "   0  2   1  4   3  6   5  8   7 10   9 12  11 14  13 16  15 18  17 19 "
 "   0  3   1  5   2  7   4  9   6 11   8 13  10 15  12 17  14 19  16 18 "
 "   0  4   1  6   2 13   3 14   5  9   7 12   8 19  10 16  11 15  17 18 "
 "   0  5   1  7   2 15   3 12   4  8   6 13   9 18  10 14  11 17  16 19 "
 "   0  6   1 10   2 11   3 18   4 12   5 17   7  8   9 16  13 14  15 19 "
 "   0  7   1 11   2 19   3 10   4 16   5 13   6  9   8 17  12 15  14 18 "
 "   0  8   1 13   2 14   3 19   4 18   5 10   6 15   7 16   9 17  11 12 "
 "   0  9   1 12   2 18   3 15   4 11   5 19   6 17   7 14   8 16  10 13 "
 "   0 10   1 15   2  6   3 17   4 19   5  7   8 12   9 11  13 18  14 16 "
 "   0 11   1 14   2 16   3  7   4  6   5 18   8 10   9 13  12 19  15 17 "
 "   0 12   1 19   2  4   3 16   5 15   6 18   7 11   8 14   9 10  13 17 "
 "   0 13   1 18   2 17   3  5   4 14   6 10   7 19   8 11   9 15  12 16 "
 "   0 14   1  8   2  9   3 11   4 17   5  6   7 13  10 19  12 18  15 16 "
 "   0 15   1  9   2 10   3  8   4  7   5 16   6 12  11 18  13 19  14 17 "
 "   0 16   1  2   3 13   4 15   5 11   6  8   7 17   9 19  10 18  12 14 "
 "   0 17   1  3   2 12   4 10   5 14   6 16   7  9   8 18  11 19  13 15 "
 "   0 18   1 16   2  8   3  4   5 12   6 19   7 15   9 14  10 17  11 13 "
 "   0 19   1 17   2  5   3  9   4 13   6 14   7 18   8 15  10 12  11 16 "

#45 |Aut| = 6
 "   0  1   2  3   4  5   6  7   8  9  10 11  12 13  14 15  16 17  18 19 "
 "   0  2   1  4   3  6   5  8   7 10   9 12  11 14  13 16  15 18  17 19 "
 "   0  3   1  5   2  7   4  9   6 11   8 13  10 15  12 17  14 19  16 18 "
 "   0  4   1  6   2 13   3 15   5 18   7 11   8 12   9 19  10 16  14 17 "
 "   0  5   1  7   2 14   3 12   4 19   6 10   8 18   9 13  11 17  15 16 "
 "   0  6   1 14   2 16   3  7   4 13   5 15   8 17   9 10  11 19  12 18 "
 "   0  7   1 15   2  6   3 17   4 14   5 12   8 11   9 16  10 18  13 19 "
 "   0  8   1 11   2 12   3  4   5  7   6 16   9 14  10 17  13 18  15 19 "
 "   0  9   1 10   2  5   3 13   4  6   7 17   8 15  11 16  12 19  14 18 "
 "   0 10   1 19   2 17   3 14   4  8   5 16   6 18   7  9  11 13  12 15 "
 "   0 11   1 18   2 15   3 16   4 17   5  9   6  8   7 19  10 12  13 14 "
 "   0 12   1  2   3 19   4  7   5 11   6 14   8 16   9 18  10 13  15 17 "
 "   0 13   1  3   2 18   4 10   5  6   7 15   8 19   9 17  11 12  14 16 "
 "   0 14   1 17   2 10   3  8   4 11   5 19   6 13   7 18   9 15  12 16 "
 "   0 15   1 16   2  9   3 11   4 18   5 10   6 19   7 12   8 14  13 17 "
 "   0 16   1  8   2 19   3  9   4 12   5 17   6 15   7 13  10 14  11 18 "
 "   0 17   1  9   2  8   3 18   4 16   5 13   6 12   7 14  10 19  11 15 "
 "   0 18   1 12   2  4   3 10   5 14   6 17   7  8   9 11  13 15  16 19 "
 "   0 19   1 13   2 11   3  5   4 15   6  9   7 16   8 10  12 14  17 18 "

#46 |Aut| = 6
 "   0  1   2  3   4  5   6  7   8  9  10 11  12 13  14 15  16 17  18 19 "
 "   0  2   1  4   3  6   5  8   7 10   9 12  11 14  13 16  15 18  17 19 "
 "   0  3   1  5   2  7   4  9   6 11   8 13  10 15  12 17  14 19  16 18 "
 "   0  4   1  6   2 14   3  8   5 16   7 18   9 11  10 12  13 17  15 19 "
 "   0  5   1  7   2  9   3 15   4 17   6 19   8 10  11 13  12 16  14 18 "
 "   0  6   1  8   2 10   3 12   4 13   5 15   7 11   9 19  14 16  17 18 "
 "   0  7   1  9   2 13   3 11   4 14   5 12   6 10   8 18  15 17  16 19 "
 "   0  8   1 11   2 17   3 18   4 10   5 13   6 12   7 19   9 14  15 16 "
 "   0  9   1 10   2 19   3 16   4 12   5 11   6 18   7 13   8 15  14 17 "
 "   0 10   1 18   2 11   3  7   4 19   5 14   6 16   8 12   9 17  13 15 "
 "   0 11   1 19   2  6   3 10   4 15   5 18   7 17   8 16   9 13  12 14 "
 "   0 12   1 16   2 15   3 13   4 18   5 17   6 14   7  9   8 11  10 19 "
 "   0 13   1 17   2 12   3 14   4 16   5 19   6  8   7 15   9 10  11 18 "
 "   0 14   1 13   2 16   3  5   4  6   7  8   9 18  10 17  11 15  12 19 "
 "   0 15   1 12   2  4   3 17   5  7   6  9   8 19  10 14  11 16  13 18 "
 "   0 16   1 15   2 18   3  4   5  9   6 17   7 12   8 14  10 13  11 19 "
 "   0 17   1 14   2  5   3 19   4  8   6 13   7 16   9 15  10 18  11 12 "
 "   0 18   1  2   3  9   4 11   5  6   7 14   8 17  10 16  12 15  13 19 "
 "   0 19   1  3   2  8   4  7   5 10   6 15   9 16  11 17  12 18  13 14 "

#47 |Aut| = 6
 "   0  1   2  3   4  5   6  7   8  9  10 11  12 13  14 15  16 17  18 19 "
 "   0  2   1  4   3  6   5  8   7 10   9 12  11 14  13 16  15 18  17 19 "
 "   0  3   1  5   2  7   4  9   6 11   8 13  10 15  12 17  14 19  16 18 "
 "   0  4   1  6   2 14   3 19   5 12   7 11   8 17   9 18  10 16  13 15 "
 "   0  5   1  7   2 18   3 15   4 13   6 10   8 19   9 16  11 17  12 14 "
 "   0  6   1  8   2  5   3 13   4 14   7 15   9 11  10 17  12 18  16 19 "
 "   0  7   1  9   2 12   3  4   5 15   6 14   8 10  11 16  13 19  17 18 "
 "   0  8   1 15   2  6   3 16   4 19   5 14   7 12   9 17  10 13  11 18 "
 "   0  9   1 14   2 17   3  7   4 15   5 18   6 13   8 16  10 19  11 12 "
 "   0 10   1  2   3  8   4 12   5 17   6 18   7 14   9 13  11 19  15 16 "
 "   0 11   1  3   2  9   4 16   5 13   6 15   7 19   8 12  10 18  14 17 "
 "   0 12   1 16   2 11   3  5   4 17   6 19   7 13   8 15   9 10  14 18 "
 "   0 13   1 17   2  4   3 10   5 16   6 12   7 18   8 11   9 14  15 19 "
 "   0 14   1 10   2 15   3  9   4 11   5 19   6 17   7  8  12 16  13 18 "
 "   0 15   1 11   2  8   3 14   4 18   5 10   6  9   7 16  12 19  13 17 "
 "   0 16   1 18   2 10   3 12   4  7   5 11   6  8   9 19  13 14  15 17 "
 "   0 17   1 19   2 13   3 11   4 10   5  6   7  9   8 18  12 15  14 16 "
 "   0 18   1 12   2 19   3 17   4  8   5  7   6 16   9 15  10 14  11 13 "
 "   0 19   1 13   2 16   3 18   4  6   5  9   7 17   8 14  10 12  11 15 "

#48 |Aut| = 6
 "   0  1   2  3   4  5   6  7   8  9  10 11  12 13  14 15  16 17  18 19 "
 "   0  2   1  4   3  6   5  8   7 10   9 12  11 14  13 16  15 18  17 19 "
 "   0  3   1  5   2  7   4  9   6 11   8 13  10 15  12 17  14 19  16 18 "
 "   0  4   1  6   2 14   3 19   5 15   7 11   8 17   9 18  10 13  12 16 "
 "   0  5   1  7   2 18   3 15   4 14   6 10   8 19   9 16  11 12  13 17 "
 "   0  6   1 16   2  4   3  9   5 13   7 14   8 10  11 15  12 19  17 18 "
 "   0  7   1 17   2  8   3  5   4 12   6 15   9 11  10 14  13 18  16 19 "
 "   0  8   1 10   2 19   3 12   4 16   5  9   6 14   7 17  11 18  13 15 "
 "   0  9   1 11   2 13   3 18   4  8   5 17   6 16   7 15  10 19  12 14 "
 "   0 10   1 12   2  9   3  7   4 11   5 18   6 13   8 16  14 17  15 19 "
 "   0 11   1 13   2  6   3  8   4 19   5 10   7 12   9 17  14 18  15 16 "
 "   0 12   1 15   2 11   3 16   4 17   5 14   6  8   7 18   9 10  13 19 "
 "   0 13   1 14   2 17   3 10   4 15   5 16   6 19   7  9   8 11  12 18 "
 "   0 14   1 18   2 16   3  4   5 11   6 17   7 19   8 15   9 13  10 12 "
 "   0 15   1 19   2  5   3 17   4 10   6 18   7 16   8 12   9 14  11 13 "
 "   0 16   1  8   2 12   3 14   4 18   5  6   7 13   9 15  10 17  11 19 "
 "   0 17   1  9   2 15   3 13   4  7   5 19   6 12   8 14  10 18  11 16 "
 "   0 18   1  2   3 11   4  6   5 12   7  8   9 19  10 16  13 14  15 17 "
 "   0 19   1  3   2 10   4 13   5  7   6  9   8 18  11 17  12 15  14 16 "

#49 |Aut| = 6
 "   0  1   2  3   4  5   6  7   8  9  10 11  12 13  14 15  16 17  18 19 "
 "   0  2   1  4   3  6   5  8   7 10   9 12  11 14  13 16  15 18  17 19 "
 "   0  3   1  5   2  7   4  9   6 11   8 13  10 15  12 17  14 19  16 18 "
 "   0  4   1  6   2 15   3  5   7  9   8 12  10 14  11 16  13 19  17 18 "
 "   0  5   1  7   2  4   3 14   6  8   9 13  10 17  11 15  12 18  16 19 "
 "   0  6   1 17   2 10   3 12   4 13   5 19   7 18   8 15   9 11  14 16 "
 "   0  7   1 16   2 13   3 11   4 18   5 12   6 19   8 10   9 14  15 17 "
 "   0  8   1 15   2 14   3  7   4 19   5 17   6 16   9 10  11 12  13 18 "
 "   0  9   1 14   2  6   3 15   4 16   5 18   7 17   8 11  10 13  12 19 "
 "   0 10   1  3   2 12   4 17   5  7   6 15   8 18   9 16  11 19  13 14 "
 "   0 11   1  2   3 13   4  6   5 16   7 14   8 17   9 19  10 18  12 15 "
 "   0 12   1  9   2  5   3 18   4 10   6 14   7 11   8 19  13 17  15 16 "
 "   0 13   1  8   2 19   3  4   5 11   6 10   7 15   9 18  12 16  14 17 "
 "   0 14   1 12   2 17   3  9   4  8   5 15   6 13   7 19  10 16  11 18 "
 "   0 15   1 13   2  8   3 16   4 14   5  9   6 18   7 12  10 19  11 17 "
 "   0 16   1 19   2 11   3  8   4 12   5 10   6 17   7 13   9 15  14 18 "
 "   0 17   1 18   2  9   3 10   4 11   5 13   6 12   7 16   8 14  15 19 "
 "   0 18   1 10   2 16   3 19   4 15   5  6   7  8   9 17  11 13  12 14 "
 "   0 19   1 11   2 18   3 17   4  7   5 14   6  9   8 16  10 12  13 15 "

#50 |Aut| = 6
 "   0  1   2  3   4  5   6  7   8  9  10 11  12 13  14 15  16 17  18 19 "
 "   0  2   1  4   3  6   5  8   7 10   9 12  11 14  13 16  15 18  17 19 "
 "   0  3   1  5   2  7   4  9   6 11   8 13  10 15  12 17  14 19  16 18 "
 "   0  4   1  6   2 15   3  7   5 13   8 10   9 14  11 17  12 18  16 19 "
 "   0  5   1  7   2  6   3 14   4 12   8 15   9 11  10 16  13 19  17 18 "
 "   0  6   1  8   2 13   3 19   4 17   5 12   7 18   9 10  11 15  14 16 "
 "   0  7   1  9   2 18   3 12   4 13   5 16   6 19   8 11  10 14  15 17 "
 "   0  8   1 16   2 12   3  4   5 19   6 10   7 15   9 18  11 13  14 17 "
 "   0  9   1 17   2  5   3 13   4 18   6 14   7 11   8 19  10 12  15 16 "
 "   0 10   1 12   2  9   3 17   4 16   5  6   7 19   8 14  11 18  13 15 "
 "   0 11   1 13   2 16   3  8   4  7   5 17   6 18   9 15  10 19  12 14 "
 "   0 12   1  3   2 17   4 10   5  9   6 15   7 13   8 16  11 19  14 18 "
 "   0 13   1  2   3 16   4  8   5 11   6 12   7 14   9 17  10 18  15 19 "
 "   0 14   1 10   2 19   3 11   4  6   5 18   7  8   9 16  12 15  13 17 "
 "   0 15   1 11   2 10   3 18   4 19   5  7   6  9   8 17  12 16  13 14 "
 "   0 16   1 18   2  8   3 15   4 11   5 14   6 17   7 12   9 19  10 13 "
 "   0 17   1 19   2 14   3  9   4 15   5 10   6 13   7 16   8 18  11 12 "
 "   0 18   1 14   2  4   3 10   5 15   6  8   7 17   9 13  11 16  12 19 "
 "   0 19   1 15   2 11   3  5   4 14   6 16   7  9   8 12  10 17  13 18 "

#51 |Aut| = 6
 "   0  1   2  3   4  5   6  7   8  9  10 11  12 13  14 15  16 17  18 19 "
 "   0  2   1  4   3  6   5  8   7 10   9 12  11 14  13 16  15 18  17 19 "
 "   0  3   1  5   2  7   4  9   6 11   8 13  10 15  12 17  14 19  16 18 "
 "   0  4   1  6   2 15   3 13   5 10   7 16   8 19   9 11  12 18  14 17 "
 "   0  5   1  7   2 12   3 14   4 11   6 17   8 10   9 18  13 19  15 16 "
 "   0  6   1  3   2  8   4 10   5 12   7 19   9 13  11 15  14 16  17 18 "
 "   0  7   1  2   3  9   4 13   5 11   6 18   8 12  10 14  15 17  16 19 "
 "   0  8   1 18   2 17   3  5   4 14   6 10   7 13   9 15  11 16  12 19 "
 "   0  9   1 19   2  4   3 16   5 15   6 12   7 11   8 14  10 17  13 18 "
 "   0 10   1  9   2  5   3 18   4  8   6 19   7 15  11 17  12 16  13 14 "
 "   0 11   1  8   2 19   3  4   5  9   6 14   7 18  10 16  12 15  13 17 "
 "   0 12   1 14   2 13   3 11   4 19   5 17   6 15   7  9   8 16  10 18 "
 "   0 13   1 15   2 10   3 12   4 16   5 18   6  8   7 14   9 17  11 19 "
 "   0 14   1 16   2 18   3 10   4 12   5 19   6  9   7 17   8 11  13 15 "
 "   0 15   1 17   2 11   3 19   4 18   5 13   6 16   7  8   9 10  12 14 "
 "   0 16   1 13   2  9   3  7   4 17   5  6   8 15  10 19  11 12  14 18 "
 "   0 17   1 12   2  6   3  8   4  7   5 16   9 14  10 13  11 18  15 19 "
 "   0 18   1 10   2 16   3 15   4  6   5 14   7 12   8 17   9 19  11 13 "
 "   0 19   1 11   2 14   3 17   4 15   5  7   6 13   8 18   9 16  10 12 "

#52 |Aut| = 6
 "   0  1   2  3   4  5   6  7   8  9  10 11  12 13  14 15  16 17  18 19 "
 "   0  2   1  4   3  6   5  8   7 10   9 12  11 14  13 16  15 18  17 19 "
 "   0  3   1  5   2  7   4  9   6 11   8 13  10 15  12 17  14 19  16 18 "
 "   0  4   1  6   2 15   3 16   5 12   7 18   8 11   9 17  10 19  13 14 "
 "   0  5   1  7   2 17   3 14   4 13   6 19   8 16   9 10  11 18  12 15 "
 "   0  6   1 11   2  5   3  9   4 17   7 14   8 18  10 13  12 16  15 19 "
 "   0  7   1 10   2  8   3  4   5 16   6 15   9 19  11 12  13 17  14 18 "
 "   0  8   1 15   2 18   3 12   4 19   5  7   6 17   9 13  10 14  11 16 "
 "   0  9   1 14   2 13   3 19   4  6   5 18   7 16   8 12  10 17  11 15 "
 "   0 10   1 19   2  6   3 18   4  8   5 15   7 13   9 16  11 17  12 14 "
 "   0 11   1 18   2 19   3  7   4 14   5  9   6 12   8 17  10 16  13 15 "
 "   0 12   1  3   2 16   4 18   5 11   6 14   7 17   8 10   9 15  13 19 "
 "   0 13   1  2   3 17   4 10   5 19   6 16   7 15   8 14   9 11  12 18 "
 "   0 14   1 12   2  4   3 11   5 13   6 10   7  8   9 18  15 17  16 19 "
 "   0 15   1 13   2 10   3  5   4 12   6  9   7 11   8 19  14 16  17 18 "
 "   0 16   1  9   2 14   3 10   4 15   5 17   6  8   7 12  11 19  13 18 "
 "   0 17   1  8   2 11   3 15   4 16   5 14   6 13   7  9  10 18  12 19 "
 "   0 18   1 16   2  9   3 13   4 11   5  6   7 19   8 15  10 12  14 17 "
 "   0 19   1 17   2 12   3  8   4  7   5 10   6 18   9 14  11 13  15 16 "

#53 |Aut| = 6
 "   0  1   2  3   4  5   6  7   8  9  10 11  12 13  14 15  16 17  18 19 "
 "   0  2   1  4   3  6   5  8   7 10   9 12  11 14  13 16  15 18  17 19 "
 "   0  3   1  5   2  7   4  9   6 11   8 13  10 15  12 17  14 19  16 18 "
 "   0  4   1  6   2 15   3 17   5  9   7 16   8 11  10 19  12 18  13 14 "
 "   0  5   1  7   2 16   3 14   4  8   6 17   9 10  11 18  12 15  13 19 "
 "   0  6   1  8   2 13   3  5   4 10   7 18   9 16  11 17  12 14  15 19 "
 "   0  7   1  9   2  4   3 12   5 11   6 19   8 17  10 16  13 15  14 18 "
 "   0  8   1 18   2 11   3 15   4 19   5  7   6 13   9 17  10 12  14 16 "
 "   0  9   1 19   2 14   3 10   4  6   5 18   7 12   8 16  11 13  15 17 "
 "   0 10   1 12   2  8   3 19   4 11   5  6   7 14   9 13  15 16  17 18 "
 "   0 11   1 13   2 18   3  9   4  7   5 10   6 15   8 12  14 17  16 19 "
 "   0 12   1 15   2 10   3 16   4 14   5 19   6 18   7  8   9 11  13 17 "
 "   0 13   1 14   2 17   3 11   4 18   5 15   6  9   7 19   8 10  12 16 "
 "   0 14   1 10   2  6   3  4   5 12   7 17   8 19   9 15  11 16  13 18 "
 "   0 15   1 11   2  5   3  7   4 13   6 16   8 14   9 18  10 17  12 19 "
 "   0 16   1  2   3  8   4 12   5 17   6 14   7 13   9 19  10 18  11 15 "
 "   0 17   1  3   2  9   4 16   5 13   6 12   7 15   8 18  10 14  11 19 "
 "   0 18   1 16   2 19   3 13   4 17   5 14   6 10   7  9   8 15  11 12 "
 "   0 19   1 17   2 12   3 18   4 15   5 16   6  8   7 11   9 14  10 13 "

#54 |Aut| = 6
 "   0  1   2  3   4  5   6  7   8  9  10 11  12 13  14 15  16 17  18 19 "
 "   0  2   1  4   3  6   5  8   7 10   9 12  11 14  13 16  15 18  17 19 "
 "   0  3   1  5   2  7   4  9   6 11   8 13  10 15  12 17  14 19  16 18 "
 "   0  4   1  6   2 15   3 19   5  9   7 12   8 18  10 16  11 13  14 17 "
 "   0  5   1  7   2 18   3 14   4  8   6 13   9 19  10 12  11 17  15 16 "
 "   0  6   1 18   2 14   3  8   4 12   5 15   7 16   9 10  11 19  13 17 "
 "   0  7   1 19   2  9   3 15   4 14   5 13   6 17   8 11  10 18  12 16 "
 "   0  8   1 10   2  6   3  4   5 17   7 13   9 15  11 16  12 19  14 18 "
 "   0  9   1 11   2  5   3  7   4 16   6 12   8 14  10 17  13 18  15 19 "
 "   0 10   1 12   2 13   3 18   4 11   5 14   6 19   7 17   8 15   9 16 "
 "   0 11   1 13   2 19   3 12   4 15   5 10   6 16   7 18   8 17   9 14 "
 "   0 12   1  8   2 11   3 16   4 10   5 18   6 14   7  9  13 19  15 17 "
 "   0 13   1  9   2 17   3 10   4 19   5 11   6  8   7 15  12 18  14 16 "
 "   0 14   1  2   3 11   4 13   5 16   6  9   7 19   8 10  12 15  17 18 "
 "   0 15   1  3   2 10   4 17   5 12   6 18   7  8   9 11  13 14  16 19 "
 "   0 16   1 15   2  8   3 17   4  6   5 19   7 11   9 18  10 13  12 14 "
 "   0 17   1 14   2 16   3  9   4 18   5  7   6 10   8 19  11 12  13 15 "
 "   0 18   1 16   2  4   3 13   5  6   7 14   8 12   9 17  10 19  11 15 "
 "   0 19   1 17   2 12   3  5   4  7   6 15   8 16   9 13  10 14  11 18 "

#55 |Aut| = 6
 "   0  1   2  3   4  5   6  7   8  9  10 11  12 13  14 15  16 17  18 19 "
 "   0  2   1  4   3  6   5  8   7 10   9 12  11 14  13 16  15 18  17 19 "
 "   0  3   1  5   2  7   4  9   6 11   8 13  10 15  12 17  14 19  16 18 "
 "   0  4   1  6   2 16   3  5   7 11   8 18   9 14  10 19  12 15  13 17 "
 "   0  5   1  7   2  4   3 17   6 10   8 15   9 19  11 18  12 16  13 14 "
 "   0  6   1  3   2 17   4  8   5  7   9 18  10 13  11 15  12 19  14 16 "
 "   0  7   1  2   3 16   4  6   5  9   8 19  10 14  11 12  13 18  15 17 "
 "   0  8   1 10   2  9   3 12   4 11   5 16   6 18   7 13  14 17  15 19 "
 "   0  9   1 11   2 13   3  8   4 17   5 10   6 12   7 19  14 18  15 16 "
 "   0 10   1 17   2 14   3 19   4 18   5 11   6  9   7 16   8 12  13 15 "
 "   0 11   1 16   2 18   3 15   4 10   5 19   6 17   7  8   9 13  12 14 "
 "   0 12   1 18   2 15   3 13   4 14   5  6   7  9   8 11  10 17  16 19 "
 "   0 13   1 19   2 12   3 14   4  7   5 15   6  8   9 10  11 16  17 18 "
 "   0 14   1 12   2  5   3 18   4 16   6 19   7 15   8 10   9 17  11 13 "
 "   0 15   1 13   2 19   3  4   5 17   6 14   7 18   8 16   9 11  10 12 "
 "   0 16   1  9   2  8   3 10   4 13   5 14   6 15   7 17  11 19  12 18 "
 "   0 17   1  8   2 11   3  9   4 15   5 12   6 16   7 14  10 18  13 19 "
 "   0 18   1 14   2  6   3 11   4 19   5 13   7 12   8 17   9 15  10 16 "
 "   0 19   1 15   2 10   3  7   4 12   5 18   6 13   8 14   9 16  11 17 "

#56 |Aut| = 6
 "   0  1   2  3   4  5   6  7   8  9  10 11  12 13  14 15  16 17  18 19 "
 "   0  2   1  4   3  6   5  8   7 10   9 12  11 14  13 16  15 18  17 19 "
 "   0  3   1  5   2  7   4  9   6 11   8 13  10 15  12 17  14 19  16 18 "
 "   0  4   1  6   2 16   3 10   5 12   7 14   8 17   9 13  11 18  15 19 "
 "   0  5   1  7   2 11   3 17   4 13   6 15   8 12   9 16  10 19  14 18 "
 "   0  6   1  3   2 12   4 14   5  9   7 18   8 10  11 13  15 17  16 19 "
 "   0  7   1  2   3 13   4  8   5 15   6 19   9 11  10 12  14 16  17 18 "
 "   0  8   1 19   2 17   3 12   4 18   5  6   7 11   9 14  10 16  13 15 "
 "   0  9   1 18   2 13   3 16   4  7   5 19   6 10   8 15  11 17  12 14 "
 "   0 10   1 14   2  4   3 11   5 18   6 12   7  8   9 17  13 19  15 16 "
 "   0 11   1 15   2 10   3  5   4 19   6  9   7 13   8 16  12 18  14 17 "
 "   0 12   1 11   2  8   3 19   4  6   5 14   7 16   9 15  10 18  13 17 "
 "   0 13   1 10   2 18   3  9   4 15   5  7   6 17   8 14  11 19  12 16 "
 "   0 14   1 12   2 19   3  4   5 16   6 13   7 17   8 18   9 10  11 15 "
 "   0 15   1 13   2  5   3 18   4 17   6 16   7 12   8 11   9 19  10 14 "
 "   0 16   1  9   2 14   3  8   4 11   5 17   6 18   7 15  10 13  12 19 "
 "   0 17   1  8   2  9   3 15   4 16   5 10   6 14   7 19  11 12  13 18 "
 "   0 18   1 17   2  6   3 14   4 10   5 13   7  9   8 19  11 16  12 15 "
 "   0 19   1 16   2 15   3  7   4 12   5 11   6  8   9 18  10 17  13 14 "

#57 |Aut| = 6
 "   0  1   2  3   4  5   6  7   8  9  10 11  12 13  14 15  16 17  18 19 "
 "   0  2   1  4   3  6   5  8   7 10   9 12  11 14  13 16  15 18  17 19 "
 "   0  3   1  5   2  7   4  9   6 11   8 13  10 15  12 17  14 19  16 18 "
 "   0  4   1  6   2 16   3 14   5 17   7  8   9 10  11 18  12 15  13 19 "
 "   0  5   1  7   2 15   3 17   4 16   6  9   8 11  10 19  12 18  13 14 "
 "   0  6   1 13   2 14   3  9   4  8   5 18   7 17  10 12  11 15  16 19 "
 "   0  7   1 12   2  8   3 15   4 19   5  9   6 16  10 14  11 13  17 18 "
 "   0  8   1 11   2 18   3 10   4 17   5 13   6 19   7 12   9 15  14 16 "
 "   0  9   1 10   2 11   3 19   4 12   5 16   6 13   7 18   8 14  15 17 "
 "   0 10   1 18   2  5   3 13   4 11   6  8   7 19   9 17  12 14  15 16 "
 "   0 11   1 19   2 12   3  4   5 10   6 18   7  9   8 16  13 15  14 17 "
 "   0 12   1 16   2 13   3  7   4  6   5 14   8 15   9 19  10 18  11 17 "
 "   0 13   1 17   2  6   3 12   4 15   5  7   8 18   9 14  10 16  11 19 "
 "   0 14   1  3   2 19   4 13   5 11   6 17   7 15   8 10   9 18  12 16 "
 "   0 15   1  2   3 18   4 10   5 12   6 14   7 16   8 19   9 11  13 17 "
 "   0 16   1 15   2 17   3  8   4  7   5 19   6 10   9 13  11 12  14 18 "
 "   0 17   1 14   2  9   3 16   4 18   5  6   7 11   8 12  10 13  15 19 "
 "   0 18   1  9   2 10   3  5   4 14   6 15   7 13   8 17  11 16  12 19 "
 "   0 19   1  8   2  4   3 11   5 15   6 12   7 14   9 16  10 17  13 18 "

#58 |Aut| = 6
 "   0  1   2  3   4  5   6  7   8  9  10 11  12 13  14 15  16 17  18 19 "
 "   0  2   1  4   3  6   5  8   7 10   9 12  11 14  13 16  15 18  17 19 "
 "   0  3   1  5   2  7   4  9   6 11   8 13  10 15  12 17  14 19  16 18 "
 "   0  4   1  6   2 16   3 18   5 14   7 19   8 15   9 13  10 12  11 17 "
 "   0  5   1  7   2 19   3 17   4 15   6 18   8 12   9 14  10 16  11 13 "
 "   0  6   1  3   2 15   4 14   5 17   7  9   8 11  10 13  12 18  16 19 "
 "   0  7   1  2   3 14   4 16   5 15   6  8   9 10  11 12  13 19  17 18 "
 "   0  8   1 13   2  6   3 11   4 17   5 10   7 18   9 19  12 15  14 16 "
 "   0  9   1 12   2 10   3  7   4 11   5 16   6 19   8 18  13 14  15 17 "
 "   0 10   1 14   2 11   3 19   4  6   5 18   7 13   8 17   9 15  12 16 "
 "   0 11   1 15   2 18   3 10   4 19   5  7   6 12   8 14   9 16  13 17 "
 "   0 12   1 18   2 14   3 13   4  7   5  9   6 17   8 10  11 19  15 16 "
 "   0 13   1 19   2 12   3 15   4  8   5  6   7 16   9 11  10 18  14 17 "
 "   0 14   1 16   2 17   3  5   4 12   6 13   7  8   9 18  10 19  11 15 "
 "   0 15   1 17   2  4   3 16   5 13   6  9   7 12   8 19  10 14  11 18 "
 "   0 16   1 11   2  8   3  4   5 19   6 10   7 15   9 17  12 14  13 18 "
 "   0 17   1 10   2  5   3  9   4 18   6 14   7 11   8 16  12 19  13 15 "
 "   0 18   1  8   2  9   3 12   4 13   5 11   6 16   7 14  10 17  15 19 "
 "   0 19   1  9   2 13   3  8   4 10   5 12   6 15   7 17  11 16  14 18 "

#59 |Aut| = 6
 "   0  1   2  3   4  5   6  7   8  9  10 11  12 13  14 15  16 17  18 19 "
 "   0  2   1  4   3  6   5  8   7 10   9 12  11 14  13 16  15 18  17 19 "
 "   0  3   1  5   2  7   4  9   6 11   8 13  10 15  12 17  14 19  16 18 "
 "   0  4   1  6   2 17   3  7   5 10   8 15   9 18  11 12  13 19  14 16 "
 "   0  5   1  7   2  6   3 16   4 11   8 19   9 14  10 13  12 18  15 17 "
 "   0  6   1  9   2 10   3 14   4 13   5 15   7 19   8 12  11 16  17 18 "
 "   0  7   1  8   2 15   3 11   4 14   5 12   6 18   9 13  10 17  16 19 "
 "   0  8   1 18   2  4   3 12   5 17   6 19   7 15   9 16  10 14  11 13 "
 "   0  9   1 19   2 13   3  5   4 16   6 14   7 18   8 17  10 12  11 15 "
 "   0 10   1 14   2 11   3  8   4 19   5  7   6 15   9 17  12 16  13 18 "
 "   0 11   1 15   2  9   3 10   4  6   5 18   7 14   8 16  12 19  13 17 "
 "   0 12   1  2   3 19   4  7   5 16   6  9   8 14  10 18  11 17  13 15 "
 "   0 13   1  3   2 18   4 17   5  6   7  8   9 15  10 16  11 19  12 14 "
 "   0 14   1 16   2 12   3 17   4 18   5 11   6  8   7 13   9 10  15 19 "
 "   0 15   1 17   2 16   3 13   4 10   5 19   6 12   7  9   8 11  14 18 "
 "   0 16   1 10   2  8   3  4   5 14   6 13   7 17   9 19  11 18  12 15 "
 "   0 17   1 11   2  5   3  9   4 15   6 16   7 12   8 18  10 19  13 14 "
 "   0 18   1 12   2 19   3 15   4  8   5 13   6 10   7 16   9 11  14 17 "
 "   0 19   1 13   2 14   3 18   4 12   5  9   6 17   7 11   8 10  15 16 "

#60 |Aut| = 6
 "   0  1   2  3   4  5   6  7   8  9  10 11  12 13  14 15  16 17  18 19 "
 "   0  2   1  4   3  6   5  8   7 10   9 12  11 14  13 16  15 18  17 19 "
 "   0  3   1  5   2  7   4  9   6 11   8 13  10 15  12 17  14 19  16 18 "
 "   0  4   1  6   2 17   3  8   5 15   7  9  10 19  11 16  12 14  13 18 "
 "   0  5   1  7   2  9   3 16   4 14   6  8  10 17  11 18  12 19  13 15 "
 "   0  6   1 18   2 19   3 14   4 10   5  7   8 17   9 13  11 12  15 16 "
 "   0  7   1 19   2 15   3 18   4  6   5 11   8 12   9 16  10 13  14 17 "
 "   0  8   1 12   2 11   3  7   4 16   5 10   6 15   9 14  13 19  17 18 "
 "   0  9   1 13   2  6   3 10   4 11   5 17   7 14   8 15  12 18  16 19 "
 "   0 10   1  3   2 13   4 15   5 12   6 14   7 19   8 16   9 18  11 17 "
 "   0 11   1  2   3 12   4 13   5 14   6 18   7 15   8 19   9 17  10 16 "
 "   0 12   1 17   2  5   3 15   4  8   6 19   7 16   9 10  11 13  14 18 "
 "   0 13   1 16   2 14   3  4   5  9   6 17   7 18   8 11  10 12  15 19 "
 "   0 14   1  9   2 16   3 13   4 18   5  6   7 12   8 10  11 19  15 17 "
 "   0 15   1  8   2 12   3 17   4  7   5 19   6 13   9 11  10 18  14 16 "
 "   0 16   1 10   2  8   3 19   4 17   5 18   6 12   7 11   9 15  13 14 "
 "   0 17   1 11   2 18   3  9   4 19   5 16   6 10   7 13   8 14  12 15 "
 "   0 18   1 14   2 10   3  5   4 12   6 16   7  8   9 19  11 15  13 17 "
 "   0 19   1 15   2  4   3 11   5 13   6  9   7 17   8 18  10 14  12 16 "

#61 |Aut| = 6
 "   0  1   2  3   4  5   6  7   8  9  10 11  12 13  14 15  16 17  18 19 "
 "   0  2   1  4   3  6   5  8   7 10   9 12  11 14  13 16  15 18  17 19 "
 "   0  3   1  5   2  7   4  9   6 11   8 13  10 15  12 17  14 19  16 18 "
 "   0  4   1  6   2 17   3 14   5 10   7 18   8 11   9 16  12 15  13 19 "
 "   0  5   1  7   2 15   3 16   4 11   6 19   8 17   9 10  12 18  13 14 "
 "   0  6   1  8   2 14   3  4   5  9   7 16  10 12  11 18  13 17  15 19 "
 "   0  7   1  9   2  5   3 15   4  8   6 17  10 19  11 13  12 16  14 18 "
 "   0  8   1 14   2 11   3  5   4 18   6 12   7 19   9 13  10 16  15 17 "
 "   0  9   1 15   2  4   3 10   5 19   6 18   7 13   8 12  11 17  14 16 "
 "   0 10   1  2   3 19   4 16   5 14   6  8   7 12   9 11  13 15  17 18 "
 "   0 11   1  3   2 18   4 15   5 17   6 13   7  9   8 10  12 14  16 19 "
 "   0 12   1 16   2 10   3 13   4 19   5  6   7 11   8 15   9 18  14 17 "
 "   0 13   1 17   2 12   3 11   4  7   5 18   6 10   8 19   9 14  15 16 "
 "   0 14   1 13   2 16   3  8   4 12   5 11   6 15   7 17   9 19  10 18 "
 "   0 15   1 12   2  9   3 17   4 10   5 13   6 16   7 14   8 18  11 19 "
 "   0 16   1 18   2 19   3  7   4 13   5 15   6  9   8 14  10 17  11 12 "
 "   0 17   1 19   2  6   3 18   4 14   5 12   7  8   9 15  10 13  11 16 "
 "   0 18   1 10   2 13   3  9   4 17   5  7   6 14   8 16  11 15  12 19 "
 "   0 19   1 11   2  8   3 12   4  6   5 16   7 15   9 17  10 14  13 18 "

#62 |Aut| = 6
 "   0  1   2  3   4  5   6  7   8  9  10 11  12 13  14 15  16 17  18 19 "
 "   0  2   1  4   3  6   5  8   7 10   9 12  11 14  13 16  15 18  17 19 "
 "   0  3   1  5   2  7   4  9   6 11   8 13  10 15  12 17  14 19  16 18 "
 "   0  4   1  6   2 18   3  5   7 13   8 11   9 19  10 14  12 16  15 17 "
 "   0  5   1  7   2  4   3 19   6 12   8 18   9 10  11 15  13 17  14 16 "
 "   0  6   1 13   2 15   3  9   4 17   5 14   7  8  10 18  11 16  12 19 "
 "   0  7   1 12   2  8   3 14   4 15   5 16   6  9  10 17  11 19  13 18 "
 "   0  8   1 17   2 11   3 16   4 10   5  6   7 15   9 18  12 14  13 19 "
 "   0  9   1 16   2 17   3 10   4  7   5 11   6 14   8 19  12 18  13 15 "
 "   0 10   1 18   2 19   3 17   4 11   5 13   6 15   7 16   8 12   9 14 "
 "   0 11   1 19   2 16   3 18   4 12   5 10   6 17   7 14   8 15   9 13 "
 "   0 12   1 15   2  6   3  8   4 14   5 19   7 18   9 16  10 13  11 17 "
 "   0 13   1 14   2  9   3  7   4 18   5 15   6 19   8 17  10 16  11 12 "
 "   0 14   1 11   2 13   3  4   5 17   6 18   7  9   8 16  10 19  12 15 "
 "   0 15   1 10   2  5   3 12   4 16   6  8   7 19   9 17  11 18  13 14 "
 "   0 16   1  2   3 13   4  8   5 18   6 10   7 12   9 11  14 17  15 19 "
 "   0 17   1  3   2 12   4 19   5  9   6 13   7 11   8 10  14 18  15 16 "
 "   0 18   1  9   2 10   3 15   4  6   5 12   7 17   8 14  11 13  16 19 "
 "   0 19   1  8   2 14   3 11   4 13   5  7   6 16   9 15  10 12  17 18 "

#63 |Aut| = 6
 "   0  1   2  3   4  5   6  7   8  9  10 11  12 13  14 15  16 17  18 19 "
 "   0  2   1  4   3  6   5  8   7 10   9 12  11 14  13 16  15 18  17 19 "
 "   0  3   1  5   2  7   4  9   6 11   8 13  10 15  12 17  14 19  16 18 "
 "   0  4   1  6   2 18   3 13   5 10   7 15   8 19   9 16  11 17  12 14 "
 "   0  5   1  7   2 12   3 19   4 11   6 14   8 17   9 18  10 16  13 15 "
 "   0  6   1 16   2  4   3  8   5 15   7 14   9 10  11 18  12 19  13 17 "
 "   0  7   1 17   2  9   3  5   4 14   6 15   8 11  10 19  12 16  13 18 "
 "   0  8   1 19   2 17   3  9   4 12   5  7   6 18  10 14  11 13  15 16 "
 "   0  9   1 18   2  8   3 16   4  6   5 13   7 19  10 12  11 15  14 17 "
 "   0 10   1  3   2  6   4 17   5 18   7  8   9 14  11 16  12 15  13 19 "
 "   0 11   1  2   3  7   4 19   5 16   6  9   8 15  10 17  12 18  13 14 "
 "   0 12   1  8   2 10   3  4   5 19   6 13   7 11   9 15  14 16  17 18 "
 "   0 13   1  9   2  5   3 11   4 18   6 10   7 12   8 14  15 17  16 19 "
 "   0 14   1 11   2 15   3 17   4  8   5 12   6 16   7 13   9 19  10 18 "
 "   0 15   1 10   2 16   3 14   4 13   5  9   6 12   7 17   8 18  11 19 "
 "   0 16   1 14   2 19   3 15   4 10   5 17   6  8   7 18   9 13  11 12 "
 "   0 17   1 15   2 14   3 18   4 16   5 11   6 19   7  9   8 12  10 13 "
 "   0 18   1 12   2 13   3 10   4  7   5 14   6 17   8 16   9 11  15 19 "
 "   0 19   1 13   2 11   3 12   4 15   5  6   7 16   8 10   9 17  14 18 "

#64 |Aut| = 6
 "   0  1   2  3   4  5   6  7   8  9  10 11  12 13  14 15  16 17  18 19 "
 "   0  2   1  4   3  6   5  8   7 10   9 12  11 14  13 16  15 18  17 19 "
 "   0  3   1  5   2  7   4  9   6 11   8 13  10 15  12 17  14 19  16 18 "
 "   0  4   1  6   2 19   3 10   5 16   7 13   8 15   9 18  11 12  14 17 "
 "   0  5   1  7   2 11   3 18   4 17   6 12   8 19   9 14  10 13  15 16 "
 "   0  6   1 13   2 16   3  8   4 18   5 17   7 11   9 15  10 19  12 14 "
 "   0  7   1 12   2  9   3 17   4 16   5 19   6 10   8 14  11 18  13 15 "
 "   0  8   1  3   2  4   5 10   6  9   7 15  11 16  12 19  13 17  14 18 "
 "   0  9   1  2   3  5   4 11   6 14   7  8  10 17  12 16  13 18  15 19 "
 "   0 10   1 17   2 13   3 14   4  8   5 15   6 18   7 12   9 11  16 19 "
 "   0 11   1 16   2 15   3 12   4 14   5  9   6 13   7 19   8 10  17 18 "
 "   0 12   1 14   2  5   3 16   4 19   6 15   7 17   8 18   9 10  11 13 "
 "   0 13   1 15   2 17   3  4   5 18   6 16   7 14   8 11   9 19  10 12 "
 "   0 14   1 11   2 18   3 15   4  7   5 12   6 19   8 17   9 13  10 16 "
 "   0 15   1 10   2 14   3 19   4 13   5  6   7 18   8 12   9 16  11 17 "
 "   0 16   1 19   2 12   3 11   4 15   5  7   6  8   9 17  10 18  13 14 "
 "   0 17   1 18   2 10   3 13   4  6   5 14   7  9   8 16  11 19  12 15 "
 "   0 18   1  8   2  6   3  9   4 12   5 11   7 16  10 14  13 19  15 17 "
 "   0 19   1  9   2  8   3  7   4 10   5 13   6 17  11 15  12 18  14 16 "

#65 |Aut| = 6
 "   0  1   2  3   4  5   6  7   8  9  10 11  12 13  14 15  16 17  18 19 "
 "   0  2   1  4   3  6   5  8   7 10   9 12  11 14  13 16  15 18  17 19 "
 "   0  3   1  5   2  7   4  9   6 11   8 13  10 15  12 17  14 19  16 18 "
 "   0  4   1  6   2 19   3 13   5 17   7  9   8 12  10 18  11 15  14 16 "
 "   0  5   1  7   2 12   3 18   4 16   6  8   9 13  10 14  11 19  15 17 "
 "   0  6   1 13   2  8   3 16   4 15   5 10   7 19   9 18  11 12  14 17 "
 "   0  7   1 12   2 17   3  9   4 11   5 14   6 18   8 19  10 13  15 16 "
 "   0  8   1 17   2 18   3 10   4  7   5 13   6 14   9 15  11 16  12 19 "
 "   0  9   1 16   2 11   3 19   4 12   5  6   7 15   8 14  10 17  13 18 "
 "   0 10   1 15   2  9   3 12   4 14   5 18   6 17   7 11   8 16  13 19 "
 "   0 11   1 14   2 13   3  8   4 19   5 15   6 10   7 16   9 17  12 18 "
 "   0 12   1 10   2 16   3  7   4 18   5 11   6 19   8 17   9 14  13 15 "
 "   0 13   1 11   2  6   3 17   4 10   5 19   7 18   8 15   9 16  12 14 "
 "   0 14   1 18   2 15   3  5   4 13   6 16   7 12   8 10   9 19  11 17 "
 "   0 15   1 19   2  4   3 14   5 12   6 13   7 17   8 18   9 11  10 16 "
 "   0 16   1  3   2  5   4  8   6  9   7 14  10 12  11 18  13 17  15 19 "
 "   0 17   1  2   3  4   5  9   6 15   7  8  10 19  11 13  12 16  14 18 "
 "   0 18   1  9   2 10   3 15   4 17   5  7   6 12   8 11  13 14  16 19 "
 "   0 19   1  8   2 14   3 11   4  6   5 16   7 13   9 10  12 15  17 18 "

#66 |Aut| = 6
 "   0  1   2  3   4  5   6  7   8  9  10 11  12 13  14 15  16 17  18 19 "
 "   0  2   1  4   3  6   5  8   7 10   9 12  11 14  13 16  15 18  17 19 "
 "   0  3   1  5   2  7   4  9   6 11   8 13  10 15  12 17  14 19  16 18 "
 "   0  4   1  6   2 19   3 15   5 10   7  9   8 18  11 12  13 17  14 16 "
 "   0  5   1  7   2 14   3 18   4 11   6  8   9 19  10 13  12 16  15 17 "
 "   0  6   1 12   2  8   3 17   4 19   5 16   7 18   9 10  11 15  13 14 "
 "   0  7   1 13   2 16   3  9   4 17   5 18   6 19   8 11  10 14  12 15 "
 "   0  8   1 15   2 11   3 12   4  6   5  9   7 13  10 18  14 17  16 19 "
 "   0  9   1 14   2 13   3 10   4  8   5  7   6 12  11 19  15 16  17 18 "
 "   0 10   1  2   3 16   4 12   5 15   6 17   7 19   8 14   9 18  11 13 "
 "   0 11   1  3   2 17   4 14   5 13   6 18   7 16   8 19   9 15  10 12 "
 "   0 12   1 18   2  6   3 14   4 13   5 11   7 17   8 10   9 16  15 19 "
 "   0 13   1 19   2 15   3  7   4 10   5 12   6 16   8 17   9 11  14 18 "
 "   0 14   1 17   2  9   3  4   5  6   7 11   8 16  10 19  12 18  13 15 "
 "   0 15   1 16   2  5   3  8   4  7   6 10   9 17  11 18  12 14  13 19 "
 "   0 16   1  8   2  4   3 11   5 19   6 15   7 12   9 14  10 17  13 18 "
 "   0 17   1  9   2 10   3  5   4 18   6 13   7 14   8 15  11 16  12 19 "
 "   0 18   1 11   2 12   3 19   4 15   5 17   6 14   7  8   9 13  10 16 "
 "   0 19   1 10   2 18   3 13   4 16   5 14   6  9   7 15   8 12  11 17 "

#67 |Aut| = 6
 "   0  1   2  3   4  5   6  7   8  9  10 11  12 13  14 15  16 17  18 19 "
 "   0  2   1  4   3  6   5  8   7 10   9 12  11 14  13 16  15 18  17 19 "
 "   0  3   1  5   2  7   4  9   6 11   8 13  10 15  12 17  14 19  16 18 "
 "   0  4   1  6   2 19   3 15   5 12   7  9   8 17  10 16  11 18  13 14 "
 "   0  5   1  7   2 14   3 18   4 13   6  8   9 16  10 19  11 17  12 15 "
 "   0  6   1  3   2 17   4 11   5 19   7 13   8 18   9 15  10 12  14 16 "
 "   0  7   1  2   3 16   4 18   5 10   6 12   8 14   9 19  11 13  15 17 "
 "   0  8   1 16   2 13   3 10   4 12   5 15   6 19   7 11   9 14  17 18 "
 "   0  9   1 17   2 11   3 12   4 14   5 13   6 10   7 18   8 15  16 19 "
 "   0 10   1 13   2 12   3  4   5 16   6 18   7 14   8 19   9 17  11 15 "
 "   0 11   1 12   2  5   3 13   4 17   6 15   7 19   8 16   9 18  10 14 "
 "   0 12   1 19   2  8   3  7   4  6   5 18   9 10  11 16  13 15  14 17 "
 "   0 13   1 18   2  6   3  9   4 19   5  7   8 11  10 17  12 14  15 16 "
 "   0 14   1  9   2 18   3 17   4 16   5  6   7 15   8 10  11 12  13 19 "
 "   0 15   1  8   2 16   3 19   4  7   5 17   6 14   9 11  10 13  12 18 "
 "   0 16   1 14   2  4   3  8   5 11   6 17   7 12   9 13  10 18  15 19 "
 "   0 17   1 15   2  9   3  5   4 10   6 13   7 16   8 12  11 19  14 18 "
 "   0 18   1 11   2 10   3 14   4 15   5  9   6 16   7  8  12 19  13 17 "
 "   0 19   1 10   2 15   3 11   4  8   5 14   6  9   7 17  12 16  13 18 "

#68 |Aut| = 6
 "   0  1   2  3   4  5   6  7   8  9  10 11  12 13  14 15  16 17  18 19 "
 "   0  2   1  4   3  6   5  8   7 10   9 12  11 14  13 16  15 18  17 19 "
 "   0  3   1  5   2  7   4  9   6 11   8 13  10 15  12 17  14 19  16 18 "
 "   0  4   1  7   2  8   3  5   6 13   9 16  10 19  11 12  14 18  15 17 "
 "   0  5   1  6   2  4   3  9   7 12   8 17  10 13  11 18  14 16  15 19 "
 "   0  6   1  3   2 11   4  7   5 12   8 10   9 15  13 18  14 17  16 19 "
 "   0  7   1  2   3 10   4 13   5  6   8 14   9 11  12 19  15 16  17 18 "
 "   0  8   1 12   2  9   3 16   4 19   5 15   6 18   7 13  10 14  11 17 "
 "   0  9   1 13   2 17   3  8   4 14   5 18   6 12   7 19  10 16  11 15 "
 "   0 10   1  9   2 16   3 18   4  8   5 17   6 14   7 11  12 15  13 19 "
 "   0 11   1  8   2 19   3 17   4 16   5  9   6 10   7 15  12 18  13 14 "
 "   0 12   1 10   2 14   3 11   4 18   5 13   6 15   7 16   8 19   9 17 "
 "   0 13   1 11   2 10   3 15   4 12   5 19   6 17   7 14   8 16   9 18 "
 "   0 14   1 19   2 15   3 12   4 11   5  7   6 16   8 18   9 10  13 17 "
 "   0 15   1 18   2 13   3 14   4  6   5 10   7 17   8 11   9 19  12 16 "
 "   0 16   1 14   2  6   3 19   4 17   5 11   7  9   8 12  10 18  13 15 "
 "   0 17   1 15   2 18   3  7   4 10   5 16   6  8   9 13  11 19  12 14 "
 "   0 18   1 17   2  5   3 13   4 15   6 19   7  8   9 14  10 12  11 16 "
 "   0 19   1 16   2 12   3  4   5 14   6  9   7 18   8 15  10 17  11 13 "

#69 |Aut| = 6
 "   0  1   2  3   4  5   6  7   8  9  10 11  12 13  14 15  16 17  18 19 "
 "   0  2   1  4   3  6   5  8   7 10   9 12  11 14  13 16  15 18  17 19 "
 "   0  3   1  5   2  7   4  9   6 11   8 13  10 15  12 17  14 19  16 18 "
 "   0  4   1  7   2  8   3  5   6 13   9 18  10 14  11 12  15 17  16 19 "
 "   0  5   1  6   2  4   3  9   7 12   8 19  10 13  11 15  14 16  17 18 "
 "   0  6   1  3   2 11   4  7   5 12   8 10   9 19  13 17  14 18  15 16 "
 "   0  7   1  2   3 10   4 13   5  6   8 18   9 11  12 16  14 17  15 19 "
 "   0  8   1 17   2 19   3  7   4 18   5 10   6 16   9 15  11 13  12 14 "
 "   0  9   1 16   2  6   3 18   4 11   5 19   7 17   8 14  10 12  13 15 "
 "   0 10   1 19   2 14   3 13   4  6   5 18   7 15   8 12   9 16  11 17 "
 "   0 11   1 18   2 12   3 15   4 19   5  7   6 14   8 17   9 13  10 16 "
 "   0 12   1 14   2 15   3  4   5 16   6 17   7  9   8 11  10 19  13 18 "
 "   0 13   1 15   2  5   3 14   4 17   6  8   7 16   9 10  11 18  12 19 "
 "   0 14   1 10   2 18   3 17   4  8   5 13   6  9   7 19  11 16  12 15 "
 "   0 15   1 11   2 16   3 19   4 12   5  9   6 18   7  8  10 17  13 14 "
 "   0 16   1 13   2 10   3  8   4 15   5 11   6 19   7 14   9 17  12 18 "
 "   0 17   1 12   2  9   3 11   4 10   5 14   6 15   7 18   8 16  13 19 "
 "   0 18   1  8   2 17   3 12   4 16   5 15   6 10   7 13   9 14  11 19 "
 "   0 19   1  9   2 13   3 16   4 14   5 17   6 12   7 11   8 15  10 18 "

#70 |Aut| = 6
 "   0  1   2  3   4  5   6  7   8  9  10 11  12 13  14 15  16 17  18 19 "
 "   0  2   1  4   3  6   5  8   7 10   9 12  11 14  13 16  15 18  17 19 "
 "   0  3   1  5   2  7   4  9   6 11   8 13  10 15  12 17  14 19  16 18 "
 "   0  4   1  7   2  8   3  5   6 15   9 11  10 17  12 16  13 19  14 18 "
 "   0  5   1  6   2  4   3  9   7 14   8 10  11 16  12 18  13 17  15 19 "
 "   0  6   1 11   2 14   3 19   4 13   5  9   7 16   8 15  10 12  17 18 "
 "   0  7   1 10   2 18   3 15   4  8   5 12   6 17   9 14  11 13  16 19 "
 "   0  8   1 18   2  6   3 16   4 10   5 15   7 12   9 17  11 19  13 14 "
 "   0  9   1 19   2 17   3  7   4 14   5 11   6 13   8 16  10 18  12 15 "
 "   0 10   1 13   2 19   3 12   4  7   5 17   6 18   8 14   9 16  11 15 "
 "   0 11   1 12   2 13   3 18   4 16   5  6   7 19   8 17   9 15  10 14 "
 "   0 12   1 15   2 11   3  8   4 17   5 19   6  9   7 18  10 13  14 16 "
 "   0 13   1 14   2  9   3 10   4 18   5 16   6 19   7  8  11 12  15 17 "
 "   0 14   1  8   2 16   3 13   4  6   5 10   7 15   9 18  11 17  12 19 "
 "   0 15   1  9   2 12   3 17   4 11   5  7   6 14   8 19  10 16  13 18 "
 "   0 16   1  3   2  5   4 19   6 10   7  9   8 12  11 18  13 15  14 17 "
 "   0 17   1  2   3  4   5 18   6  8   7 11   9 13  10 19  12 14  15 16 "
 "   0 18   1 16   2 10   3 14   4 15   5 13   6 12   7 17   8 11   9 19 "
 "   0 19   1 17   2 15   3 11   4 12   5 14   6 16   7 13   8 18   9 10 "

#71 |Aut| = 6
 "   0  1   2  3   4  5   6  7   8  9  10 11  12 13  14 15  16 17  18 19 "
 "   0  2   1  4   3  6   5  8   7 10   9 12  11 14  13 16  15 18  17 19 "
 "   0  3   1  5   2  7   4  9   6 11   8 13  10 15  12 17  14 19  16 18 "
 "   0  4   1  7   2  8   3  5   6 17   9 10  11 19  12 18  13 14  15 16 "
 "   0  5   1  6   2  4   3  9   7 16   8 11  10 18  12 15  13 19  14 17 "
 "   0  6   1 12   2 13   3 18   4 14   5 11   7  9   8 16  10 17  15 19 "
 "   0  7   1 13   2 19   3 12   4 10   5 15   6  8   9 17  11 16  14 18 "
 "   0  8   1 19   2  9   3 14   4  6   5 10   7 18  11 13  12 16  15 17 "
 "   0  9   1 18   2 15   3  8   4 11   5  7   6 19  10 12  13 17  14 16 "
 "   0 10   1 16   2 12   3  4   5 19   6 15   7 11   8 14   9 13  17 18 "
 "   0 11   1 17   2  5   3 13   4 18   6 10   7 14   8 12   9 15  16 19 "
 "   0 12   1  8   2  6   3 16   4 17   5 18   7 13   9 14  10 19  11 15 "
 "   0 13   1  9   2 17   3  7   4 19   5 16   6 12   8 15  10 14  11 18 "
 "   0 14   1 10   2 16   3 15   4  8   5  6   7 17   9 19  11 12  13 18 "
 "   0 15   1 11   2 14   3 17   4  7   5  9   6 16   8 18  10 13  12 19 "
 "   0 16   1 15   2 10   3 19   4 13   5 14   6 18   7 12   8 17   9 11 "
 "   0 17   1 14   2 18   3 11   4 15   5 12   6 13   7 19   8 10   9 16 "
 "   0 18   1  2   3 10   4 16   5 13   6  9   7 15   8 19  11 17  12 14 "
 "   0 19   1  3   2 11   4 12   5 17   6 14   7  8   9 18  10 16  13 15 "

#72 |Aut| = 6
 "   0  1   2  3   4  5   6  7   8  9  10 11  12 13  14 15  16 17  18 19 "
 "   0  2   1  4   3  6   5  8   7 10   9 12  11 14  13 16  15 18  17 19 "
 "   0  3   1  5   2  7   4  9   6 11   8 13  10 15  12 17  14 19  16 18 "
 "   0  4   1  7   2  8   3 10   5 19   6 16   9 17  11 15  12 14  13 18 "
 "   0  5   1  6   2 11   3  9   4 18   7 17   8 16  10 14  12 19  13 15 "
 "   0  6   1 11   2 12   3  8   4 10   5 14   7 18   9 19  13 17  15 16 "
 "   0  7   1 10   2  9   3 13   4 15   5 11   6 19   8 18  12 16  14 17 "
 "   0  8   1 18   2 14   3  7   4 19   5 17   6 13   9 15  10 12  11 16 "
 "   0  9   1 19   2  6   3 15   4 16   5 18   7 12   8 14  10 17  11 13 "
 "   0 10   1  9   2 16   3  5   4 14   6 12   7 15   8 17  11 18  13 19 "
 "   0 11   1  8   2  4   3 17   5 15   6 14   7 13   9 16  10 19  12 18 "
 "   0 12   1 17   2 15   3 19   4 11   5 16   6 18   7  8   9 10  13 14 "
 "   0 13   1 16   2 18   3 14   4 17   5 10   6  9   7 19   8 11  12 15 "
 "   0 14   1  3   2 17   4  7   5 13   6 15   8 10   9 18  11 12  16 19 "
 "   0 15   1  2   3 16   4 12   5  6   7 14   8 19   9 11  10 13  17 18 "
 "   0 16   1 14   2 19   3 12   4 13   5  9   6 17   7 11   8 15  10 18 "
 "   0 17   1 15   2 13   3 18   4  8   5 12   6 10   7 16   9 14  11 19 "
 "   0 18   1 12   2 10   3  4   5  7   6  8   9 13  11 17  14 16  15 19 "
 "   0 19   1 13   2  5   3 11   4  6   7  9   8 12  10 16  14 18  15 17 "

#73 |Aut| = 6
 "   0  1   2  3   4  5   6  7   8  9  10 11  12 13  14 15  16 17  18 19 "
 "   0  2   1  4   3  6   5  8   7 10   9 12  11 14  13 16  15 18  17 19 "
 "   0  3   1  5   2  7   4  9   6 11   8 13  10 15  12 17  14 19  16 18 "
 "   0  4   1  7   2  8   3 16   5 15   6 12   9 14  10 17  11 19  13 18 "
 "   0  5   1  6   2 17   3  9   4 14   7 13   8 15  10 18  11 16  12 19 "
 "   0  6   1 19   2  5   3 12   4 10   7  9   8 16  11 18  13 15  14 17 "
 "   0  7   1 18   2 13   3  4   5 11   6  8   9 17  10 19  12 14  15 16 "
 "   0  8   1  3   2 19   4 15   5  7   6 17   9 16  10 14  11 13  12 18 "
 "   0  9   1  2   3 18   4  6   5 14   7 16   8 17  10 12  11 15  13 19 "
 "   0 10   1 13   2  6   3  5   4 18   7 14   8 19   9 11  12 16  15 17 "
 "   0 11   1 12   2  4   3  7   5 19   6 15   8 10   9 18  13 17  14 16 "
 "   0 12   1  9   2 15   3 19   4 13   5 16   6 10   7 18   8 14  11 17 "
 "   0 13   1  8   2 18   3 14   4 17   5 12   6 19   7 11   9 15  10 16 "
 "   0 14   1 16   2  9   3 10   4 11   5 17   6 13   7 19   8 18  12 15 "
 "   0 15   1 17   2 11   3  8   4 16   5 10   6 18   7 12   9 19  13 14 "
 "   0 16   1 11   2 10   3 15   4 19   5 13   6  9   7 17   8 12  14 18 "
 "   0 17   1 10   2 14   3 11   4 12   5 18   6 16   7  8   9 13  15 19 "
 "   0 18   1 15   2 12   3 17   4  7   5  9   6 14   8 11  10 13  16 19 "
 "   0 19   1 14   2 16   3 13   4  8   5  6   7 15   9 10  11 12  17 18 "

#74 |Aut| = 6
 "   0  1   2  3   4  5   6  7   8  9  10 11  12 13  14 15  16 17  18 19 "
 "   0  2   1  4   3  6   5  8   7 10   9 12  11 14  13 16  15 18  17 19 "
 "   0  3   1  5   2  7   4  9   6 11   8 13  10 15  12 17  14 19  16 18 "
 "   0  4   1  7   2  9   3 14   5 12   6 19   8 16  10 17  11 18  13 15 "
 "   0  5   1  6   2 15   3  8   4 13   7 18   9 17  10 19  11 16  12 14 "
 "   0  6   1  2   3 13   4 15   5  9   7 16   8 19  10 14  11 12  17 18 "
 "   0  7   1  3   2 12   4  8   5 14   6 17   9 18  10 13  11 15  16 19 "
 "   0  8   1 14   2  6   3  4   5 18   7 17   9 11  10 12  13 19  15 16 "
 "   0  9   1 15   2  5   3  7   4 19   6 16   8 10  11 13  12 18  14 17 "
 "   0 10   1  9   2  4   3 11   5 17   6 12   7  8  13 18  14 16  15 19 "
 "   0 11   1  8   2 10   3  5   4 16   6  9   7 13  12 19  14 18  15 17 "
 "   0 12   1 17   2 19   3 15   4 18   5  6   7 11   8 14   9 13  10 16 "
 "   0 13   1 16   2 14   3 18   4  7   5 19   6 10   8 12   9 15  11 17 "
 "   0 14   1 10   2 16   3 12   4 11   5 13   6 18   7 15   8 17   9 19 "
 "   0 15   1 11   2 13   3 17   4 12   5 10   6 14   7 19   8 18   9 16 "
 "   0 16   1 19   2 18   3 10   4  6   5 15   7 12   8 11   9 14  13 17 "
 "   0 17   1 18   2 11   3 19   4 14   5  7   6 13   8 15   9 10  12 16 "
 "   0 18   1 13   2 17   3  9   4 10   5 16   6  8   7 14  11 19  12 15 "
 "   0 19   1 12   2  8   3 16   4 17   5 11   6 15   7  9  10 18  13 14 "

#75 |Aut| = 6
 "   0  1   2  3   4  5   6  7   8  9  10 11  12 13  14 15  16 17  18 19 "
 "   0  2   1  4   3  6   5  8   7 10   9 12  11 14  13 16  15 18  17 19 "
 "   0  3   1  5   2  7   4  9   6 11   8 13  10 15  12 17  14 19  16 18 "
 "   0  4   1  7   2  9   3 17   5 19   6 15   8 14  10 16  11 12  13 18 "
 "   0  5   1  6   2 16   3  8   4 18   7 14   9 15  10 13  11 17  12 19 "
 "   0  6   1 13   2  4   3 18   5  7   8 17   9 10  11 15  12 14  16 19 "
 "   0  7   1 12   2 19   3  5   4  6   8 11   9 16  10 14  13 15  17 18 "
 "   0  8   1 11   2 17   3 12   4 10   5 14   6 18   7 16   9 13  15 19 "
 "   0  9   1 10   2 13   3 16   4 15   5 11   6 17   7 19   8 12  14 18 "
 "   0 10   1  3   2  5   4 17   6 14   7 13   8 19   9 11  12 18  15 16 "
 "   0 11   1  2   3  4   5 16   6 12   7 15   8 10   9 18  13 19  14 17 "
 "   0 12   1 15   2 11   3  9   4 14   5 18   6 16   7  8  10 19  13 17 "
 "   0 13   1 14   2  8   3 10   4 19   5 15   6  9   7 17  11 18  12 16 "
 "   0 14   1 17   2 18   3 15   4 13   5  9   6 19   7 11   8 16  10 12 "
 "   0 15   1 16   2 14   3 19   4  8   5 12   6 10   7 18   9 17  11 13 "
 "   0 16   1 18   2 12   3 11   4  7   5 10   6  8   9 19  13 14  15 17 "
 "   0 17   1 19   2 10   3 13   4 11   5  6   7  9   8 18  12 15  14 16 "
 "   0 18   1  9   2  6   3 14   4 16   5 13   7 12   8 15  10 17  11 19 "
 "   0 19   1  8   2 15   3  7   4 12   5 17   6 13   9 14  10 18  11 16 "

#76 |Aut| = 6
 "   0  1   2  3   4  5   6  7   8  9  10 11  12 13  14 15  16 17  18 19 "
 "   0  2   1  4   3  6   5  8   7 10   9 12  11 14  13 16  15 18  17 19 "
 "   0  3   1  5   2  7   4  9   6 11   8 13  10 15  12 17  14 19  16 18 "
 "   0  4   1  7   2  9   3 18   5 15   6 17   8 10  11 16  12 14  13 19 "
 "   0  5   1  6   2 19   3  8   4 14   7 16   9 11  10 17  12 18  13 15 "
 "   0  6   1 11   2  5   3 19   4  8   7 15   9 17  10 13  12 16  14 18 "
 "   0  7   1 10   2 18   3  4   5  9   6 14   8 16  11 12  13 17  15 19 "
 "   0  8   1 13   2  6   3 17   4 19   5 14   7 12   9 15  10 16  11 18 "
 "   0  9   1 12   2 16   3  7   4 15   5 18   6 13   8 14  10 19  11 17 "
 "   0 10   1 15   2 17   3 11   4  6   5 16   7 13   8 18   9 14  12 19 "
 "   0 11   1 14   2 10   3 16   4 17   5  7   6 12   8 15   9 19  13 18 "
 "   0 12   1 16   2 11   3 13   4 18   5 10   6  9   7 14   8 19  15 17 "
 "   0 13   1 17   2 12   3 10   4 11   5 19   6 15   7  8   9 18  14 16 "
 "   0 14   1 18   2  4   3 15   5  6   7 11   8 17   9 13  10 12  16 19 "
 "   0 15   1 19   2 14   3  5   4  7   6 10   8 12   9 16  11 13  17 18 "
 "   0 16   1  9   2  8   3 14   4 13   5 11   6 19   7 17  10 18  12 15 "
 "   0 17   1  8   2 15   3  9   4 10   5 12   6 16   7 18  11 19  13 14 "
 "   0 18   1  2   3 12   4 16   5 13   6  8   7 19   9 10  11 15  14 17 "
 "   0 19   1  3   2 13   4 12   5 17   6 18   7  9   8 11  10 14  15 16 "

#77 |Aut| = 6
 "   0  1   2  3   4  5   6  7   8  9  10 11  12 13  14 15  16 17  18 19 "
 "   0  2   1  4   3  6   5  8   7 10   9 12  11 14  13 16  15 18  17 19 "
 "   0  3   1  5   2  7   4  9   6 11   8 13  10 15  12 17  14 19  16 18 "
 "   0  4   1  7   2 11   3 12   5 18   6 15   8 16   9 14  10 17  13 19 "
 "   0  5   1  6   2 13   3 10   4 19   7 14   8 15   9 17  11 16  12 18 "
 "   0  6   1  2   3  8   4 12   5 19   7 15   9 13  10 16  11 18  14 17 "
 "   0  7   1  3   2  9   4 18   5 13   6 14   8 12  10 19  11 17  15 16 "
 "   0  8   1 14   2  4   3 18   5 16   6 10   7 19   9 11  12 15  13 17 "
 "   0  9   1 15   2 19   3  5   4 17   6 18   7 11   8 10  12 16  13 14 "
 "   0 10   1 17   2  6   3  9   4 16   5 15   7 18   8 14  11 13  12 19 "
 "   0 11   1 16   2  8   3  7   4 14   5 17   6 19   9 15  10 12  13 18 "
 "   0 12   1 11   2 17   3 19   4 15   5 10   6  8   7 13   9 18  14 16 "
 "   0 13   1 10   2 18   3 16   4 11   5 14   6 12   7  9   8 19  15 17 "
 "   0 14   1 19   2 10   3  4   5 12   6  9   7 16   8 11  13 15  17 18 "
 "   0 15   1 18   2  5   3 11   4 13   6 17   7  8   9 10  12 14  16 19 "
 "   0 16   1 13   2 15   3 17   4  6   5  9   7 12   8 18  10 14  11 19 "
 "   0 17   1 12   2 16   3 14   4  8   5  7   6 13   9 19  10 18  11 15 "
 "   0 18   1  8   2 14   3 13   4 10   5  6   7 17   9 16  11 12  15 19 "
 "   0 19   1  9   2 12   3 15   4  7   5 11   6 16   8 17  10 13  14 18 "

#78 |Aut| = 6
 "   0  1   2  3   4  5   6  7   8  9  10 11  12 13  14 15  16 17  18 19 "
 "   0  2   1  4   3  6   5  8   7 10   9 12  11 14  13 16  15 18  17 19 "
 "   0  3   1  5   2  7   4  9   6 11   8 13  10 15  12 17  14 19  16 18 "
 "   0  4   1  7   2 11   3 14   5 13   6 18   8 19   9 17  10 16  12 15 "
 "   0  5   1  6   2 15   3 10   4 12   7 19   8 16   9 18  11 17  13 14 "
 "   0  6   1 18   2 10   3  8   4 16   5 14   7 12   9 15  11 19  13 17 "
 "   0  7   1 19   2  9   3 11   4 15   5 17   6 13   8 14  10 18  12 16 "
 "   0  8   1 11   2 19   3 16   4 18   5  7   6 12   9 14  10 13  15 17 "
 "   0  9   1 10   2 17   3 18   4  6   5 19   7 13   8 15  11 12  14 16 "
 "   0 10   1 17   2 16   3 13   4  8   5 11   6  9   7 14  12 18  15 19 "
 "   0 11   1 16   2 12   3 17   4 10   5  9   6 15   7  8  13 19  14 18 "
 "   0 12   1 14   2 13   3  9   4 19   5 10   6 17   7 11   8 18  15 16 "
 "   0 13   1 15   2  8   3 12   4 11   5 18   6 10   7 16   9 19  14 17 "
 "   0 14   1  3   2  4   5 16   6 19   7 15   8 12   9 11  10 17  13 18 "
 "   0 15   1  2   3  5   4 17   6 14   7 18   8 10   9 13  11 16  12 19 "
 "   0 16   1  8   2  6   3 15   4 14   5 12   7  9  10 19  11 13  17 18 "
 "   0 17   1  9   2 14   3  7   4 13   5 15   6  8  10 12  11 18  16 19 "
 "   0 18   1 13   2  5   3 19   4  7   6 16   8 17   9 10  11 15  12 14 "
 "   0 19   1 12   2 18   3  4   5  6   7 17   8 11   9 16  10 14  13 15 "

#79 |Aut| = 6
 "   0  1   2  3   4  5   6  7   8  9  10 11  12 13  14 15  16 17  18 19 "
 "   0  2   1  4   3  6   5  8   7 10   9 12  11 14  13 16  15 18  17 19 "
 "   0  3   1  5   2  7   4  9   6 11   8 13  10 15  12 17  14 19  16 18 "
 "   0  4   1  7   2 11   3 14   5 18   6  8   9 16  10 19  12 15  13 17 "
 "   0  5   1  6   2 15   3 10   4 19   7  9   8 17  11 18  12 16  13 14 "
 "   0  6   1  2   3 17   4 12   5 14   7 13   8 18   9 10  11 16  15 19 "
 "   0  7   1  3   2 16   4 15   5 13   6 12   8 11   9 19  10 17  14 18 "
 "   0  8   1 13   2 10   3  4   5 16   6 19   7 12   9 14  11 15  17 18 "
 "   0  9   1 12   2  5   3 11   4 17   6 13   7 18   8 15  10 14  16 19 "
 "   0 10   1  8   2 14   3 13   4 11   5 19   6 15   7 16   9 17  12 18 "
 "   0 11   1  9   2 12   3 15   4 18   5 10   6 17   7 14   8 16  13 19 "
 "   0 12   1 10   2  4   3 18   5  6   7 15   8 19   9 13  11 17  14 16 "
 "   0 13   1 11   2 19   3  5   4  7   6 14   8 12   9 18  10 16  15 17 "
 "   0 14   1 19   2  8   3  7   4 13   5 17   6 18   9 11  10 12  15 16 "
 "   0 15   1 18   2  6   3  9   4 16   5 12   7 19   8 10  11 13  14 17 "
 "   0 16   1 14   2 17   3 19   4  8   5  7   6 10   9 15  11 12  13 18 "
 "   0 17   1 15   2 18   3 16   4  6   5  9   7 11   8 14  10 13  12 19 "
 "   0 18   1 16   2 13   3  8   4 10   5 15   6  9   7 17  11 19  12 14 "
 "   0 19   1 17   2  9   3 12   4 14   5 11   6 16   7  8  10 18  13 15 "

#80 |Aut| = 6
 "   0  1   2  3   4  5   6  7   8  9  10 11  12 13  14 15  16 17  18 19 "
 "   0  2   1  4   3  6   5  8   7 10   9 12  11 14  13 16  15 18  17 19 "
 "   0  3   1  5   2  7   4  9   6 11   8 13  10 15  12 17  14 19  16 18 "
 "   0  4   1  7   2 11   3 15   5 16   6  9   8 10  12 19  13 17  14 18 "
 "   0  5   1  6   2 14   3 10   4 17   7  8   9 11  12 16  13 18  15 19 "
 "   0  6   1 18   2  5   3 16   4 14   7 15   8 12   9 17  10 13  11 19 "
 "   0  7   1 19   2 17   3  4   5 15   6 14   8 16   9 13  10 18  11 12 "
 "   0  8   1 12   2 18   3 14   4 11   5 19   6 17   7  9  10 16  13 15 "
 "   0  9   1 13   2 15   3 19   4 18   5 10   6  8   7 16  11 17  12 14 "
 "   0 10   1 15   2 12   3  8   4  6   5 14   7 13   9 19  11 16  17 18 "
 "   0 11   1 14   2  9   3 13   4 15   5  7   6 12   8 18  10 17  16 19 "
 "   0 12   1 10   2 16   3 11   4 13   5  9   6 18   7 14   8 19  15 17 "
 "   0 13   1 11   2 10   3 17   4  8   5 12   6 15   7 19   9 18  14 16 "
 "   0 14   1 16   2  8   3  7   4 19   5 17   6 13   9 10  11 18  12 15 "
 "   0 15   1 17   2  6   3  9   4 16   5 18   7 12   8 11  10 19  13 14 "
 "   0 16   1  3   2 19   4 12   5  6   7 18   8 17   9 15  10 14  11 13 "
 "   0 17   1  2   3 18   4  7   5 13   6 19   8 14   9 16  10 12  11 15 "
 "   0 18   1  8   2  4   3 12   5 11   6 10   7 17   9 14  13 19  15 16 "
 "   0 19   1  9   2 13   3  5   4 10   6 16   7 11   8 15  12 18  14 17 "

#81 |Aut| = 6
 "   0  1   2  3   4  5   6  7   8  9  10 11  12 13  14 15  16 17  18 19 "
 "   0  2   1  4   3  6   5  8   7 10   9 12  11 14  13 16  15 18  17 19 "
 "   0  3   1  5   2  7   4  9   6 11   8 13  10 15  12 17  14 19  16 18 "
 "   0  4   1  7   2 11   3 16   5  9   6 10   8 14  12 18  13 17  15 19 "
 "   0  5   1  6   2 17   3 10   4  8   7 11   9 15  12 16  13 19  14 18 "
 "   0  6   1  2   3 13   4 15   5 16   7 17   8 10   9 14  11 18  12 19 "
 "   0  7   1  3   2 12   4 17   5 14   6 16   8 15   9 11  10 19  13 18 "
 "   0  8   1 16   2  4   3 12   5 19   6 18   7 14   9 10  11 13  15 17 "
 "   0  9   1 17   2 13   3  5   4 18   6 15   7 19   8 11  10 12  14 16 "
 "   0 10   1  8   2 16   3 14   4 12   5  7   6  9  11 19  13 15  17 18 "
 "   0 11   1  9   2 15   3 17   4  6   5 13   7  8  10 18  12 14  16 19 "
 "   0 12   1 14   2  8   3  7   4 13   5 18   6 17   9 19  10 16  11 15 "
 "   0 13   1 15   2  6   3  9   4 19   5 12   7 16   8 18  10 14  11 17 "
 "   0 14   1 19   2 10   3 18   4 16   5 11   6  8   7 13   9 17  12 15 "
 "   0 15   1 18   2 19   3 11   4 10   5 17   6 12   7  9   8 16  13 14 "
 "   0 16   1 11   2  5   3 15   4  7   6 19   8 12   9 18  10 13  14 17 "
 "   0 17   1 10   2 14   3  4   5  6   7 18   8 19   9 13  11 12  15 16 "
 "   0 18   1 12   2  9   3 19   4 14   5 10   6 13   7 15   8 17  11 16 "
 "   0 19   1 13   2 18   3  8   4 11   5 15   6 14   7 12   9 16  10 17 "

#82 |Aut| = 6
 "   0  1   2  3   4  5   6  7   8  9  10 11  12 13  14 15  16 17  18 19 "
 "   0  2   1  4   3  6   5  8   7 10   9 12  11 14  13 16  15 18  17 19 "
 "   0  3   1  5   2  7   4  9   6 11   8 13  10 15  12 17  14 19  16 18 "
 "   0  4   1  7   2 11   3 17   5 18   6 12   8 19   9 14  10 13  15 16 "
 "   0  5   1  6   2 16   3 10   4 19   7 13   8 15   9 18  11 12  14 17 "
 "   0  6   1 15   2 18   3 13   4 11   5 19   7 12   8 14   9 17  10 16 "
 "   0  7   1 14   2 12   3 19   4 18   5 10   6 13   8 16   9 15  11 17 "
 "   0  8   1 13   2 17   3  4   5  6   7 19   9 10  11 16  12 15  14 18 "
 "   0  9   1 12   2  5   3 16   4  7   6 18   8 11  10 17  13 14  15 19 "
 "   0 10   1  3   2 15   4  8   5 12   6 14   7 16   9 19  11 18  13 17 "
 "   0 11   1  2   3 14   4 13   5  9   6 17   7 15   8 18  10 19  12 16 "
 "   0 12   1 10   2  6   3 15   4 14   5 13   7  8   9 16  11 19  17 18 "
 "   0 13   1 11   2 14   3  7   4 12   5 15   6  9   8 17  10 18  16 19 "
 "   0 14   1 18   2 19   3  5   4 10   6 16   7  9   8 12  11 13  15 17 "
 "   0 15   1 19   2  4   3 18   5 11   6  8   7 17   9 13  10 12  14 16 "
 "   0 16   1  9   2 10   3  8   4 17   5 14   6 19   7 11  12 18  13 15 "
 "   0 17   1  8   2  9   3 11   4 15   5 16   6 10   7 18  12 14  13 19 "
 "   0 18   1 16   2 13   3  9   4  6   5 17   7 14   8 10  11 15  12 19 "
 "   0 19   1 17   2  8   3 12   4 16   5  7   6 15   9 11  10 14  13 18 "

#83 |Aut| = 6
 "   0  1   2  3   4  5   6  7   8  9  10 11  12 13  14 15  16 17  18 19 "
 "   0  2   1  4   3  6   5  8   7 10   9 12  11 14  13 16  15 18  17 19 "
 "   0  3   1  5   2  7   4  9   6 11   8 13  10 15  12 17  14 19  16 18 "
 "   0  4   1  7   2 12   3 15   5 18   6 13   8 19   9 16  10 14  11 17 "
 "   0  5   1  6   2 14   3 13   4 19   7 12   8 17   9 18  10 16  11 15 "
 "   0  6   1  8   2 17   3 10   4 12   5 19   7 15   9 13  11 18  14 16 "
 "   0  7   1  9   2 11   3 16   4 18   5 13   6 14   8 12  10 19  15 17 "
 "   0  8   1 14   2 16   3  7   4  6   5 15   9 10  11 13  12 19  17 18 "
 "   0  9   1 15   2  6   3 17   4 14   5  7   8 11  10 12  13 18  16 19 "
 "   0 10   1 16   2 18   3 12   4 15   5 11   6  8   7 17   9 19  13 14 "
 "   0 11   1 17   2 13   3 19   4 10   5 14   6 16   7  9   8 18  12 15 "
 "   0 12   1  3   2  8   4 16   5 10   6 15   7 18   9 14  11 19  13 17 "
 "   0 13   1  2   3  9   4 11   5 17   6 19   7 14   8 15  10 18  12 16 "
 "   0 14   1 12   2 15   3 18   4 13   5  9   6 17   7 19   8 10  11 16 "
 "   0 15   1 13   2 19   3 14   4  8   5 12   6 18   7 16   9 11  10 17 "
 "   0 16   1 19   2  5   3  8   4  7   6 10   9 17  11 12  13 15  14 18 "
 "   0 17   1 18   2  9   3  4   5  6   7 11   8 16  10 13  12 14  15 19 "
 "   0 18   1 10   2  4   3 11   5 16   6 12   7  8   9 15  13 19  14 17 "
 "   0 19   1 11   2 10   3  5   4 17   6  9   7 13   8 14  12 18  15 16 "

#84 |Aut| = 6
 "   0  1   2  3   4  5   6  7   8  9  10 11  12 13  14 15  16 17  18 19 "
 "   0  2   1  4   3  6   5  8   7 10   9 12  11 14  13 16  15 18  17 19 "
 "   0  3   1  5   2  7   4  9   6 11   8 13  10 15  12 17  14 19  16 18 "
 "   0  4   1  7   2 12   3 17   5 16   6 15   8 18   9 14  10 13  11 19 "
 "   0  5   1  6   2 16   3 13   4 17   7 14   8 15   9 19  10 18  11 12 "
 "   0  6   1  9   2  8   3 19   4 14   5  7  10 12  11 16  13 15  17 18 "
 "   0  7   1  8   2 18   3  9   4  6   5 15  10 17  11 13  12 14  16 19 "
 "   0  8   1 13   2 15   3 10   4  7   5 19   6 14   9 18  11 17  12 16 "
 "   0  9   1 12   2 11   3 14   4 18   5  6   7 15   8 19  10 16  13 17 "
 "   0 10   1 15   2 19   3  7   4 16   5 12   6 13   8 17   9 11  14 18 "
 "   0 11   1 14   2  6   3 18   4 13   5 17   7 12   8 10   9 16  15 19 "
 "   0 12   1 18   2 13   3  8   4 11   5 14   6 16   7 19   9 10  15 17 "
 "   0 13   1 19   2  9   3 12   4 15   5 10   6 18   7 17   8 11  14 16 "
 "   0 14   1  2   3 16   4 12   5 18   6 17   7  8   9 13  10 19  11 15 "
 "   0 15   1  3   2 17   4 19   5 13   6  9   7 16   8 12  10 14  11 18 "
 "   0 16   1 10   2  4   3 11   5  9   6  8   7 18  12 15  13 19  14 17 "
 "   0 17   1 11   2 10   3  5   4  8   6 19   7  9  12 18  13 14  15 16 "
 "   0 18   1 17   2 14   3  4   5 11   6 10   7 13   8 16   9 15  12 19 "
 "   0 19   1 16   2  5   3 15   4 10   6 12   7 11   8 14   9 17  13 18 "

#85 |Aut| = 6
 "   0  1   2  3   4  5   6  7   8  9  10 11  12 13  14 15  16 17  18 19 "
 "   0  2   1  4   3  6   5  8   7 10   9 12  11 14  13 16  15 18  17 19 "
 "   0  3   1  5   2  7   4  9   6 11   8 13  10 15  12 17  14 19  16 18 "
 "   0  4   1  7   2 12   3 18   5 15   6 10   8 16   9 19  11 13  14 17 "
 "   0  5   1  6   2 19   3 13   4 14   7 11   8 18   9 17  10 12  15 16 "
 "   0  6   1  2   3 17   4 13   5  9   7 18   8 15  10 14  11 19  12 16 "
 "   0  7   1  3   2 16   4  8   5 12   6 19   9 14  10 18  11 15  13 17 "
 "   0  8   1 13   2  6   3  4   5 17   7 15   9 11  10 16  12 19  14 18 "
 "   0  9   1 12   2  5   3  7   4 16   6 14   8 10  11 17  13 18  15 19 "
 "   0 10   1  9   2 11   3 16   4 17   5 18   6 15   7  8  12 14  13 19 "
 "   0 11   1  8   2 17   3 10   4 19   5 16   6  9   7 14  12 18  13 15 "
 "   0 12   1 11   2  8   3 19   4  7   5 13   6 18   9 15  10 17  14 16 "
 "   0 13   1 10   2 18   3  9   4 12   5  6   7 19   8 14  11 16  15 17 "
 "   0 14   1 17   2  9   3 11   4 18   5  7   6 16   8 19  10 13  12 15 "
 "   0 15   1 16   2 10   3  8   4  6   5 19   7 17   9 18  11 12  13 14 "
 "   0 16   1 18   2 15   3 12   4 11   5 14   6 13   7  9   8 17  10 19 "
 "   0 17   1 19   2 13   3 14   4 15   5 10   6  8   7 12   9 16  11 18 "
 "   0 18   1 14   2  4   3 15   5 11   6 17   7 13   8 12   9 10  16 19 "
 "   0 19   1 15   2 14   3  5   4 10   6 12   7 16   8 11   9 13  17 18 "

#86 |Aut| = 6
 "   0  1   2  3   4  5   6  7   8  9  10 11  12 13  14 15  16 17  18 19 "
 "   0  2   1  4   3  6   5  8   7 10   9 12  11 14  13 16  15 18  17 19 "
 "   0  3   1  5   2  7   4  9   6 11   8 13  10 15  12 17  14 19  16 18 "
 "   0  4   1  7   2 13   3  5   6 14   8 18   9 11  10 17  12 16  15 19 "
 "   0  5   1  6   2  4   3 12   7 15   8 10   9 19  11 16  13 17  14 18 "
 "   0  6   1  3   2 17   4  7   5 19   8 12   9 18  10 16  11 15  13 14 "
 "   0  7   1  2   3 16   4 18   5  6   8 19   9 13  10 14  11 17  12 15 "
 "   0  8   1 13   2  6   3 10   4 14   5 11   7  9  12 18  15 17  16 19 "
 "   0  9   1 12   2 11   3  7   4 10   5 15   6  8  13 19  14 16  17 18 "
 "   0 10   1 15   2 16   3 18   4 13   5 14   6  9   7 11   8 17  12 19 "
 "   0 11   1 14   2 19   3 17   4 15   5 12   6 10   7  8   9 16  13 18 "
 "   0 12   1 16   2 14   3 13   4 11   5  9   6 19   7 17   8 15  10 18 "
 "   0 13   1 17   2 12   3 15   4  8   5 10   6 16   7 18   9 14  11 19 "
 "   0 14   1 18   2 15   3  4   5 13   6 12   7 16   8 11   9 17  10 19 "
 "   0 15   1 19   2  5   3 14   4 12   6 17   7 13   8 16   9 10  11 18 "
 "   0 16   1 10   2  8   3 19   4 17   5  7   6 18   9 15  11 13  12 14 "
 "   0 17   1 11   2 18   3  9   4  6   5 16   7 19   8 14  10 12  13 15 "
 "   0 18   1  9   2 10   3  8   4 19   5 17   6 13   7 14  11 12  15 16 "
 "   0 19   1  8   2  9   3 11   4 16   5 18   6 15   7 12  10 13  14 17 "

#87 |Aut| = 6
 "   0  1   2  3   4  5   6  7   8  9  10 11  12 13  14 15  16 17  18 19 "
 "   0  2   1  4   3  6   5  8   7 10   9 12  11 14  13 16  15 18  17 19 "
 "   0  3   1  5   2  7   4  9   6 11   8 13  10 15  12 17  14 19  16 18 "
 "   0  4   1  7   2 13   3  5   6 18   8 16   9 14  10 12  11 17  15 19 "
 "   0  5   1  6   2  4   3 12   7 19   8 15   9 17  10 16  11 13  14 18 "
 "   0  6   1  3   2 16   4  7   5 15   8 19   9 13  10 17  11 18  12 14 "
 "   0  7   1  2   3 17   4 14   5  6   8 12   9 18  10 19  11 16  13 15 "
 "   0  8   1 13   2 19   3 16   4 17   5  7   6 14   9 11  10 18  12 15 "
 "   0  9   1 12   2 17   3 18   4  6   5 16   7 15   8 10  11 19  13 14 "
 "   0 10   1  9   2 15   3  8   4 13   5 19   6 12   7 11  14 16  17 18 "
 "   0 11   1  8   2  9   3 14   4 18   5 12   6 10   7 13  15 17  16 19 "
 "   0 12   1 18   2 14   3 13   4 19   5 10   6 15   7 17   8 11   9 16 "
 "   0 13   1 19   2 12   3 15   4 11   5 18   6 16   7 14   8 17   9 10 "
 "   0 14   1 16   2 10   3  9   4 15   5 11   6 17   7 12   8 18  13 19 "
 "   0 15   1 17   2  8   3 11   4 10   5 14   6 13   7 16   9 19  12 18 "
 "   0 16   1 11   2  5   3 19   4 12   6  8   7 18   9 15  10 13  14 17 "
 "   0 17   1 10   2 18   3  4   5 13   6 19   7  9   8 14  11 12  15 16 "
 "   0 18   1 14   2  6   3 10   4 16   5  9   7  8  11 15  12 19  13 17 "
 "   0 19   1 15   2 11   3  7   4  8   5 17   6  9  10 14  12 16  13 18 "

#88 |Aut| = 6
 "   0  1   2  3   4  5   6  7   8  9  10 11  12 13  14 15  16 17  18 19 "
 "   0  2   1  4   3  6   5  8   7 10   9 12  11 14  13 16  15 18  17 19 "
 "   0  3   1  5   2  7   4  9   6 11   8 13  10 15  12 17  14 19  16 18 "
 "   0  4   1  7   2 13   3 18   5 16   6  9   8 12  10 14  11 19  15 17 "
 "   0  5   1  6   2 19   3 12   4 17   7  8   9 13  10 18  11 15  14 16 "
 "   0  6   1 12   2 16   3  4   5 14   7 11   8 18   9 10  13 17  15 19 "
 "   0  7   1 13   2  5   3 17   4 15   6 10   8 11   9 19  12 16  14 18 "
 "   0  8   1 17   2 18   3 14   4 10   5  6   7 13   9 11  12 19  15 16 "
 "   0  9   1 16   2 15   3 19   4  7   5 11   6 12   8 10  13 18  14 17 "
 "   0 10   1 18   2  4   3  9   5 17   6 13   7 19   8 14  11 16  12 15 "
 "   0 11   1 19   2  8   3  5   4 16   6 18   7 12   9 15  10 17  13 14 "
 "   0 12   1 14   2  6   3  8   4 19   5 15   7 18   9 17  10 16  11 13 "
 "   0 13   1 15   2  9   3  7   4 14   5 18   6 19   8 16  10 12  11 17 "
 "   0 14   1 10   2 17   3 13   4 11   5 19   6  8   7 15   9 16  12 18 "
 "   0 15   1 11   2 12   3 16   4 18   5 10   6 14   7  9   8 17  13 19 "
 "   0 16   1  3   2 10   4 13   5  9   6 15   7 17   8 19  11 18  12 14 "
 "   0 17   1  2   3 11   4  8   5 12   6 16   7 14   9 18  10 19  13 15 "
 "   0 18   1  8   2 11   3 15   4 12   5  7   6 17   9 14  10 13  16 19 "
 "   0 19   1  9   2 14   3 10   4  6   5 13   7 16   8 15  11 12  17 18 "

#89 |Aut| = 6
 "   0  1   2  3   4  5   6  7   8  9  10 11  12 13  14 15  16 17  18 19 "
 "   0  2   1  4   3  6   5  8   7 10   9 12  11 14  13 16  15 18  17 19 "
 "   0  3   1  5   2  7   4  9   6 11   8 13  10 15  12 17  14 19  16 18 "
 "   0  4   1  7   2 14   3  5   6 19   8 11   9 18  10 13  12 16  15 17 "
 "   0  5   1  6   2  4   3 15   7 18   8 19   9 10  11 12  13 17  14 16 "
 "   0  6   1  3   2 12   4  7   5 16   8 10   9 15  11 17  13 19  14 18 "
 "   0  7   1  2   3 13   4 17   5  6   8 14   9 11  10 16  12 18  15 19 "
 "   0  8   1 19   2 13   3  9   4 18   5 10   6 17   7 11  12 14  15 16 "
 "   0  9   1 18   2  8   3 12   4 11   5 19   6 10   7 16  13 15  14 17 "
 "   0 10   1 16   2  6   3 18   4 12   5 11   7 17   8 15   9 19  13 14 "
 "   0 11   1 17   2 19   3  7   4 10   5 13   6 16   8 18   9 14  12 15 "
 "   0 12   1  9   2 16   3  8   4 15   5 17   6 18   7 13  10 14  11 19 "
 "   0 13   1  8   2  9   3 17   4 16   5 14   6 12   7 19  10 18  11 15 "
 "   0 14   1 11   2 10   3  4   5 12   6 15   7  9   8 17  13 18  16 19 "
 "   0 15   1 10   2  5   3 11   4 13   6  8   7 14   9 16  12 19  17 18 "
 "   0 16   1 14   2 17   3 19   4  6   5 15   7  8   9 13  10 12  11 18 "
 "   0 17   1 15   2 18   3 16   4 14   5  7   6  9   8 12  10 19  11 13 "
 "   0 18   1 12   2 11   3 14   4 19   5  9   6 13   7 15   8 16  10 17 "
 "   0 19   1 13   2 15   3 10   4  8   5 18   6 14   7 12   9 17  11 16 "

#90 |Aut| = 6
 "   0  1   2  3   4  5   6  7   8  9  10 11  12 13  14 15  16 17  18 19 "
 "   0  2   1  4   3  6   5  8   7 10   9 12  11 14  13 16  15 18  17 19 "
 "   0  3   1  5   2  7   4  9   6 11   8 13  10 15  12 17  14 19  16 18 "
 "   0  4   1  7   2 14   3  8   5 11   6 12   9 18  10 19  13 17  15 16 "
 "   0  5   1  6   2  9   3 15   4 10   7 13   8 19  11 18  12 16  14 17 "
 "   0  6   1  2   3 19   4 11   5 15   7 16   8 17   9 10  12 18  13 14 "
 "   0  7   1  3   2 18   4 14   5 10   6 17   8 11   9 16  12 15  13 19 "
 "   0  8   1 10   2 16   3  7   4 18   5 14   6 13   9 15  11 17  12 19 "
 "   0  9   1 11   2  6   3 17   4 15   5 19   7 12   8 14  10 16  13 18 "
 "   0 10   1 12   2 11   3 18   4 13   5 16   6  8   7 17   9 14  15 19 "
 "   0 11   1 13   2 19   3 10   4 17   5 12   6 16   7  9   8 15  14 18 "
 "   0 12   1  9   2 17   3  4   5  6   7 14   8 18  10 13  11 15  16 19 "
 "   0 13   1  8   2  5   3 16   4  7   6 15   9 19  10 14  11 12  17 18 "
 "   0 14   1 17   2 10   3  9   4 12   5  7   6 18   8 16  11 19  13 15 "
 "   0 15   1 16   2  8   3 11   4  6   5 13   7 19   9 17  10 18  12 14 "
 "   0 16   1 19   2  4   3 12   5 18   6 14   7 11   8 10   9 13  15 17 "
 "   0 17   1 18   2 13   3  5   4 19   6 10   7 15   8 12   9 11  14 16 "
 "   0 18   1 15   2 12   3 14   4 16   5  9   6 19   7  8  10 17  11 13 "
 "   0 19   1 14   2 15   3 13   4  8   5 17   6  9   7 18  10 12  11 16 "

#91 |Aut| = 6
 "   0  1   2  3   4  5   6  7   8  9  10 11  12 13  14 15  16 17  18 19 "
 "   0  2   1  4   3  6   5  8   7 10   9 12  11 14  13 16  15 18  17 19 "
 "   0  3   1  5   2  7   4  9   6 11   8 13  10 15  12 17  14 19  16 18 "
 "   0  4   1  7   2 14   3 12   5 17   6 15   8 18   9 10  11 16  13 19 "
 "   0  5   1  6   2 13   3 15   4 16   7 14   8 11   9 19  10 17  12 18 "
 "   0  6   1 18   2 16   3 19   4  7   5 10   8 12   9 14  11 13  15 17 "
 "   0  7   1 19   2 18   3 17   4 11   5  6   8 15   9 13  10 12  14 16 "
 "   0  8   1 10   2 15   3  7   4 14   5 19   6 13   9 17  11 18  12 16 "
 "   0  9   1 11   2  6   3 14   4 18   5 15   7 12   8 16  10 19  13 17 "
 "   0 10   1 16   2  4   3 18   5  9   6  8   7 17  11 15  12 19  13 14 "
 "   0 11   1 17   2 19   3  5   4  8   6 16   7  9  10 14  12 15  13 18 "
 "   0 12   1 14   2  5   3  9   4  6   7 13   8 10  11 19  15 16  17 18 "
 "   0 13   1 15   2  8   3  4   5  7   6 12   9 11  10 18  14 17  16 19 "
 "   0 14   1  8   2 10   3 16   4 12   5 11   6 17   7 19   9 18  13 15 "
 "   0 15   1  9   2 17   3 11   4 10   5 13   6 18   7 16   8 19  12 14 "
 "   0 16   1  2   3  8   4 19   5 12   6 14   7 18   9 15  10 13  11 17 "
 "   0 17   1  3   2  9   4 13   5 18   6 19   7 15   8 14  10 16  11 12 "
 "   0 18   1 12   2 11   3 13   4 17   5 14   6 10   7  8   9 16  15 19 "
 "   0 19   1 13   2 12   3 10   4 15   5 16   6  9   7 11   8 17  14 18 "

#92 |Aut| = 6
 "   0  1   2  3   4  5   6  7   8  9  10 11  12 13  14 15  16 17  18 19 "
 "   0  2   1  4   3  6   5  8   7 10   9 12  11 14  13 16  15 18  17 19 "
 "   0  3   1  5   2  7   4  9   6 11   8 13  10 15  12 17  14 19  16 18 "
 "   0  4   1  7   2 14   3 18   5 13   6 19   8 15   9 17  10 12  11 16 "
 "   0  5   1  6   2 19   3 15   4 12   7 18   8 16   9 14  10 17  11 13 "
 "   0  6   1 13   2 17   3  8   4 10   5  9   7 15  11 19  12 18  14 16 "
 "   0  7   1 12   2  9   3 16   4  8   5 11   6 14  10 18  13 19  15 17 "
 "   0  8   1 15   2 12   3  7   4 11   5 19   6 17   9 18  10 16  13 14 "
 "   0  9   1 14   2  6   3 13   4 18   5 10   7 16   8 19  11 17  12 15 "
 "   0 10   1 17   2 18   3  5   4 13   6 16   7 12   8 14   9 11  15 19 "
 "   0 11   1 16   2  4   3 19   5 12   6 13   7 17   8 10   9 15  14 18 "
 "   0 12   1 11   2 10   3  9   4  6   5 14   7 19   8 18  13 17  15 16 "
 "   0 13   1 10   2  8   3 11   4 15   5  7   6 18   9 19  12 16  14 17 "
 "   0 14   1 18   2 15   3  4   5  6   7 13   8 17   9 10  11 12  16 19 "
 "   0 15   1 19   2  5   3 14   4  7   6 12   8 11   9 16  10 13  17 18 "
 "   0 16   1  9   2 11   3 12   4 19   5 17   6 15   7  8  10 14  13 18 "
 "   0 17   1  8   2 13   3 10   4 16   5 18   6  9   7 14  11 15  12 19 "
 "   0 18   1  3   2 16   4 17   5 15   6  8   7 11   9 13  10 19  12 14 "
 "   0 19   1  2   3 17   4 14   5 16   6 10   7  9   8 12  11 18  13 15 "

#93 |Aut| = 6
 "   0  1   2  3   4  5   6  7   8  9  10 11  12 13  14 15  16 17  18 19 "
 "   0  2   1  4   3  6   5  8   7 10   9 12  11 14  13 16  15 18  17 19 "
 "   0  3   1  5   2  7   4  9   6 11   8 13  10 15  12 17  14 19  16 18 "
 "   0  4   1  7   2 14   3 19   5 17   6 12   8 16   9 10  11 18  13 15 "
 "   0  5   1  6   2 18   3 15   4 16   7 13   8 11   9 17  10 19  12 14 "
 "   0  6   1  8   2 11   3 13   4 14   5 19   7 12   9 15  10 16  17 18 "
 "   0  7   1  9   2 12   3 10   4 18   5 15   6 13   8 14  11 17  16 19 "
 "   0  8   1 10   2 13   3 18   4 15   5  6   7 19   9 16  11 12  14 17 "
 "   0  9   1 11   2 19   3 12   4  7   5 14   6 18   8 17  10 13  15 16 "
 "   0 10   1 17   2 16   3  5   4  8   6 15   7  9  11 19  12 18  13 14 "
 "   0 11   1 16   2  4   3 17   5  9   6  8   7 14  10 18  12 15  13 19 "
 "   0 12   1 14   2 15   3  8   4 19   5 10   6  9   7 17  11 16  13 18 "
 "   0 13   1 15   2  9   3 14   4 11   5 18   6 16   7  8  10 17  12 19 "
 "   0 14   1 19   2  6   3  4   5 16   7 15   8 18   9 11  10 12  13 17 "
 "   0 15   1 18   2  5   3  7   4 17   6 14   8 10   9 19  11 13  12 16 "
 "   0 16   1 12   2 17   3  9   4 10   5 13   6 19   7 11   8 15  14 18 "
 "   0 17   1 13   2  8   3 16   4 12   5 11   6 10   7 18   9 14  15 19 "
 "   0 18   1  2   3 11   4  6   5 12   7 16   8 19   9 13  10 14  15 17 "
 "   0 19   1  3   2 10   4 13   5  7   6 17   8 12   9 18  11 15  14 16 "

#94 |Aut| = 6
 "   0  1   2  3   4  5   6  7   8  9  10 11  12 13  14 15  16 17  18 19 "
 "   0  2   1  4   3  6   5  8   7 10   9 12  11 14  13 16  15 18  17 19 "
 "   0  3   1  5   2  7   4  9   6 11   8 13  10 15  12 17  14 19  16 18 "
 "   0  4   1  7   2 15   3  5   6 12   8 10   9 17  11 18  13 19  14 16 "
 "   0  5   1  6   2  4   3 14   7 13   8 16   9 11  10 19  12 18  15 17 "
 "   0  6   1  3   2 18   4  7   5 16   8 15   9 19  10 17  11 12  13 14 "
 "   0  7   1  2   3 19   4 17   5  6   8 18   9 14  10 13  11 16  12 15 "
 "   0  8   1 14   2 16   3 12   4 15   5 11   6 17   7 19   9 13  10 18 "
 "   0  9   1 15   2 13   3 17   4 10   5 14   6 18   7 16   8 12  11 19 "
 "   0 10   1 12   2 14   3 18   4 13   5  7   6  9   8 17  11 15  16 19 "
 "   0 11   1 13   2 19   3 15   4  6   5 12   7  8   9 16  10 14  17 18 "
 "   0 12   1 16   2  8   3 10   4 11   5 19   6 14   7 17   9 15  13 18 "
 "   0 13   1 17   2 11   3  9   4 18   5 10   6 16   7 15   8 14  12 19 "
 "   0 14   1 18   2 12   3  7   4  8   5 17   6 19   9 10  11 13  15 16 "
 "   0 15   1 19   2  6   3 13   4 16   5  9   7 18   8 11  10 12  14 17 "
 "   0 16   1  9   2  5   3  8   4 19   6 10   7 12  11 17  13 15  14 18 "
 "   0 17   1  8   2  9   3  4   5 18   6 13   7 11  10 16  12 14  15 19 "
 "   0 18   1 10   2 17   3 11   4 14   5 13   6 15   7  9   8 19  12 16 "
 "   0 19   1 11   2 10   3 16   4 12   5 15   6  8   7 14   9 18  13 17 "

#95 |Aut| = 6
 "   0  1   2  3   4  5   6  7   8  9  10 11  12 13  14 15  16 17  18 19 "
 "   0  2   1  4   3  6   5  8   7 10   9 12  11 14  13 16  15 18  17 19 "
 "   0  3   1  5   2  7   4  9   6 11   8 13  10 15  12 17  14 19  16 18 "
 "   0  4   1  7   2 15   3 10   5 17   6 12   8 16   9 19  11 18  13 14 "
 "   0  5   1  6   2 11   3 14   4 16   7 13   8 18   9 17  10 19  12 15 "
 "   0  6   1  2   3  8   4 14   5 10   7 17   9 11  12 16  13 18  15 19 "
 "   0  7   1  3   2  9   4 11   5 15   6 16   8 10  12 19  13 17  14 18 "
 "   0  8   1 14   2 12   3  5   4 10   6 19   7 16   9 18  11 17  13 15 "
 "   0  9   1 15   2  4   3 13   5 11   6 17   7 18   8 19  10 16  12 14 "
 "   0 10   1 12   2 13   3 18   4 17   5  7   6  8   9 14  11 15  16 19 "
 "   0 11   1 13   2 19   3 12   4  6   5 16   7  9   8 15  10 14  17 18 "
 "   0 12   1 17   2 16   3  9   4 18   5  6   7 15   8 14  10 13  11 19 "
 "   0 13   1 16   2  8   3 17   4  7   5 19   6 14   9 15  10 18  11 12 "
 "   0 14   1 19   2 18   3 16   4 15   5 13   6  9   7 11   8 17  10 12 "
 "   0 15   1 18   2 17   3 19   4 12   5 14   6 10   7  8   9 16  11 13 "
 "   0 16   1 10   2  6   3 15   4 13   5  9   7 19   8 11  12 18  14 17 "
 "   0 17   1 11   2 14   3  7   4  8   5 12   6 18   9 10  13 19  15 16 "
 "   0 18   1  8   2  5   3 11   4 19   6 15   7 12   9 13  10 17  14 16 "
 "   0 19   1  9   2 10   3  4   5 18   6 13   7 14   8 12  11 16  15 17 "

#96 |Aut| = 6
 "   0  1   2  3   4  5   6  7   8  9  10 11  12 13  14 15  16 17  18 19 "
 "   0  2   1  4   3  6   5  8   7 10   9 12  11 14  13 16  15 18  17 19 "
 "   0  3   1  5   2  7   4  9   6 11   8 13  10 15  12 17  14 19  16 18 "
 "   0  4   1  7   2 15   3 11   5  9   6 13   8 14  10 17  12 18  16 19 "
 "   0  5   1  6   2 10   3 14   4  8   7 12   9 15  11 16  13 19  17 18 "
 "   0  6   1  2   3 18   4 10   5 19   7  8   9 13  11 17  12 14  15 16 "
 "   0  7   1  3   2 19   4 18   5 11   6  9   8 12  10 16  13 15  14 17 "
 "   0  8   1 17   2 18   3 15   4 12   5 16   6 14   7 13   9 11  10 19 "
 "   0  9   1 16   2 14   3 19   4 17   5 13   6 12   7 15   8 10  11 18 "
 "   0 10   1 15   2 17   3  9   4 16   5  6   7 11   8 18  12 19  13 14 "
 "   0 11   1 14   2  8   3 16   4  7   5 17   6 10   9 19  12 15  13 18 "
 "   0 12   1  8   2 16   3 10   4 19   5 14   6 15   7 17   9 18  11 13 "
 "   0 13   1  9   2 11   3 17   4 15   5 18   6 16   7 14   8 19  10 12 "
 "   0 14   1 19   2 13   3  4   5  7   6 18   8 17   9 10  11 15  12 16 "
 "   0 15   1 18   2  5   3 12   4  6   7 19   8 11   9 16  10 14  13 17 "
 "   0 16   1 12   2  4   3  7   5 15   6  8   9 17  10 13  11 19  14 18 "
 "   0 17   1 13   2  6   3  5   4 14   7  9   8 16  10 18  11 12  15 19 "
 "   0 18   1 11   2 12   3  8   4 13   5 10   6 19   7 16   9 14  15 17 "
 "   0 19   1 10   2  9   3 13   4 11   5 12   6 17   7 18   8 15  14 16 "

#97 |Aut| = 6
 "   0  1   2  3   4  5   6  7   8  9  10 11  12 13  14 15  16 17  18 19 "
 "   0  2   1  4   3  6   5  8   7 10   9 12  11 14  13 16  15 18  17 19 "
 "   0  3   1  5   2  7   4  9   6 11   8 13  10 15  12 17  14 19  16 18 "
 "   0  4   1  7   2 15   3 11   5 13   6  8   9 18  10 17  12 14  16 19 "
 "   0  5   1  6   2 10   3 14   4 12   7  9   8 19  11 16  13 15  17 18 "
 "   0  6   1  2   3  8   4 10   5 17   7 14   9 16  11 12  13 18  15 19 "
 "   0  7   1  3   2  9   4 16   5 11   6 15   8 17  10 13  12 19  14 18 "
 "   0  8   1 13   2 16   3  4   5 18   6 19   7 15   9 14  10 12  11 17 "
 "   0  9   1 12   2  5   3 17   4 19   6 14   7 18   8 15  10 16  11 13 "
 "   0 10   1 14   2 19   3  5   4 15   6 13   7 11   8 18   9 17  12 16 "
 "   0 11   1 15   2  4   3 18   5 14   6 10   7 12   8 16   9 19  13 17 "
 "   0 12   1 19   2 11   3  9   4  8   5 15   6 16   7 13  10 18  14 17 "
 "   0 13   1 18   2  8   3 10   4 14   5  9   6 12   7 17  11 19  15 16 "
 "   0 14   1 17   2  6   3 13   4 18   5 16   7  8   9 11  10 19  12 15 "
 "   0 15   1 16   2 12   3  7   4 17   5 19   6  9   8 10  11 18  13 14 "
 "   0 16   1 10   2 18   3 12   4 11   5  6   7 19   8 14   9 13  15 17 "
 "   0 17   1 11   2 13   3 19   4  7   5 10   6 18   8 12   9 15  14 16 "
 "   0 18   1  9   2 17   3 15   4  6   5 12   7 16   8 11  10 14  13 19 "
 "   0 19   1  8   2 14   3 16   4 13   5  7   6 17   9 10  11 15  12 18 "

#98 |Aut| = 6
 "   0  1   2  3   4  5   6  7   8  9  10 11  12 13  14 15  16 17  18 19 "
 "   0  2   1  4   3  6   5  8   7 10   9 12  11 14  13 16  15 18  17 19 "
 "   0  3   1  5   2  7   4  9   6 11   8 13  10 15  12 17  14 19  16 18 "
 "   0  4   1  7   2 15   3 19   5 11   6 16   8 18   9 13  10 12  14 17 "
 "   0  5   1  6   2 18   3 14   4 10   7 17   8 12   9 19  11 13  15 16 "
 "   0  6   1  2   3 15   4 11   5 12   7 18   8 14   9 16  10 19  13 17 "
 "   0  7   1  3   2 14   4 13   5 10   6 19   8 17   9 15  11 18  12 16 "
 "   0  8   1 11   2 12   3  4   5 14   6 17   7 15   9 18  10 13  16 19 "
 "   0  9   1 10   2  5   3 13   4 15   6 14   7 16   8 19  11 12  17 18 "
 "   0 10   1 18   2 13   3 17   4  7   5 19   6  9   8 15  11 16  12 14 "
 "   0 11   1 19   2 16   3 12   4 18   5  6   7  8   9 14  10 17  13 15 "
 "   0 12   1 16   2 17   3  9   4 19   5 15   6 18   7 11   8 10  13 14 "
 "   0 13   1 17   2  8   3 16   4 14   5 18   6 10   7 19   9 11  12 15 "
 "   0 14   1 12   2 19   3 10   4 16   5  7   6 15   8 11   9 17  13 18 "
 "   0 15   1 13   2 11   3 18   4  6   5 17   7 14   8 16   9 10  12 19 "
 "   0 16   1 15   2  6   3  8   4 17   5  9   7 13  10 14  11 19  12 18 "
 "   0 17   1 14   2  9   3  7   4  8   5 16   6 12  10 18  11 15  13 19 "
 "   0 18   1  8   2 10   3  5   4 12   6 13   7  9  11 17  14 16  15 19 "
 "   0 19   1  9   2  4   3 11   5 13   6  8   7 12  10 16  14 18  15 17 "

#99 |Aut| = 6
 "   0  1   2  3   4  5   6  7   8  9  10 11  12 13  14 15  16 17  18 19 "
 "   0  2   1  4   3  6   5  8   7 10   9 12  11 14  13 16  15 18  17 19 "
 "   0  3   1  5   2  7   4  9   6 11   8 13  10 15  12 17  14 19  16 18 "
 "   0  4   1  7   2 15   3 19   5 18   6 13   8 14   9 17  10 12  11 16 "
 "   0  5   1  6   2 18   3 14   4 19   7 12   8 16   9 15  10 17  11 13 "
 "   0  6   1  9   2  4   3 10   5 17   7 11   8 15  12 16  13 19  14 18 "
 "   0  7   1  8   2 11   3  5   4 16   6 10   9 14  12 18  13 17  15 19 "
 "   0  8   1 11   2 19   3 12   4  7   5 14   6 17   9 16  10 18  13 15 "
 "   0  9   1 10   2 13   3 18   4 15   5  6   7 16   8 17  11 19  12 14 "
 "   0 10   1 15   2  6   3 11   4 14   5 16   7  8   9 13  12 19  17 18 "
 "   0 11   1 14   2 10   3  7   4 17   5 15   6  9   8 12  13 18  16 19 "
 "   0 12   1 18   2 17   3 15   4 13   5 11   6 14   7  9   8 19  10 16 "
 "   0 13   1 19   2 14   3 16   4 10   5 12   6  8   7 15   9 18  11 17 "
 "   0 14   1  3   2 16   4 18   5  9   6 19   7 17   8 11  10 13  12 15 "
 "   0 15   1  2   3 17   4  8   5 19   6 16   7 18   9 10  11 12  13 14 "
 "   0 16   1 13   2  5   3  8   4 12   6 18   7 14   9 11  10 19  15 17 "
 "   0 17   1 12   2  9   3  4   5 13   6 15   7 19   8 10  11 18  14 16 "
 "   0 18   1 17   2  8   3 13   4 11   5  7   6 12   9 19  10 14  15 16 "
 "   0 19   1 16   2 12   3  9   4  6   5 10   7 13   8 18  11 15  14 17 "

#100 |Aut| = 6
 "   0  1   2  3   4  5   6  7   8  9  10 11  12 13  14 15  16 17  18 19 "
 "   0  2   1  4   3  6   5  8   7 10   9 12  11 14  13 16  15 18  17 19 "
 "   0  3   1  5   2  7   4  9   6 11   8 13  10 15  12 17  14 19  16 18 "
 "   0  4   1  7   2 16   3  5   6 13   8 14   9 10  11 17  12 18  15 19 "
 "   0  5   1  6   2  4   3 17   7 12   8 11   9 15  10 16  13 19  14 18 "
 "   0  6   1  3   2 18   4  7   5 14   8 19   9 11  10 12  13 17  15 16 "
 "   0  7   1  2   3 19   4 15   5  6   8 10   9 18  11 13  12 16  14 17 "
 "   0  8   1 19   2 12   3  4   5 15   6 14   7 18   9 17  10 13  11 16 "
 "   0  9   1 18   2  5   3 13   4 14   6 19   7 15   8 16  10 17  11 12 "
 "   0 10   1 17   2 15   3 12   4 13   5  9   6 16   7 14   8 18  11 19 "
 "   0 11   1 16   2 13   3 14   4  8   5 12   6 15   7 17   9 19  10 18 "
 "   0 12   1  9   2 10   3  8   4  6   5 19   7 11  13 15  14 16  17 18 "
 "   0 13   1  8   2  9   3 11   4 18   5  7   6 10  12 14  15 17  16 19 "
 "   0 14   1 10   2 19   3  9   4 11   5 16   6 17   7  8  12 15  13 18 "
 "   0 15   1 11   2  8   3 18   4 17   5 10   6  9   7 16  12 19  13 14 "
 "   0 16   1 14   2 11   3 15   4 10   5 18   6 12   7 19   8 17   9 13 "
 "   0 17   1 15   2 14   3 10   4 19   5 11   6 18   7 13   8 12   9 16 "
 "   0 18   1 12   2 17   3  7   4 16   5 13   6  8   9 14  10 19  11 15 "
 "   0 19   1 13   2  6   3 16   4 12   5 17   7  9   8 15  10 14  11 18 "

#101 |Aut| = 6
 "   0  1   2  3   4  5   6  7   8  9  10 11  12 13  14 15  16 17  18 19 "
 "   0  2   1  4   3  6   5  8   7 10   9 12  11 14  13 16  15 18  17 19 "
 "   0  3   1  5   2  7   4  9   6 11   8 13  10 15  12 17  14 19  16 18 "
 "   0  4   1  7   2 16   3 11   5 19   6 12   8 15   9 13  10 18  14 17 "
 "   0  5   1  6   2 10   3 17   4 18   7 13   8 12   9 14  11 19  15 16 "
 "   0  6   1  2   3 10   4 11   5 18   7 12   8 17   9 19  13 15  14 16 "
 "   0  7   1  3   2 11   4 19   5 10   6 13   8 18   9 16  12 14  15 17 "
 "   0  8   1 17   2 13   3 14   4 10   5  7   6 19   9 18  11 15  12 16 "
 "   0  9   1 16   2 15   3 12   4  6   5 11   7 18   8 19  10 14  13 17 "
 "   0 10   1 12   2  4   3  7   5 16   6 14   8 11   9 17  13 18  15 19 "
 "   0 11   1 13   2  6   3  5   4 17   7 15   8 16   9 10  12 19  14 18 "
 "   0 12   1 15   2 14   3  8   4  7   5  9   6 17  10 13  11 18  16 19 "
 "   0 13   1 14   2  9   3 15   4  8   5  6   7 16  10 19  11 12  17 18 "
 "   0 14   1 10   2  8   3 16   4 13   5 17   6 15   7 19   9 11  12 18 "
 "   0 15   1 11   2 17   3  9   4 16   5 12   6 18   7 14   8 10  13 19 "
 "   0 16   1 18   2 12   3 19   4 14   5 13   6  8   7 11   9 15  10 17 "
 "   0 17   1 19   2 18   3 13   4 12   5 15   6 10   7  9   8 14  11 16 "
 "   0 18   1  8   2 19   3  4   5 14   6  9   7 17  10 16  11 13  12 15 "
 "   0 19   1  9   2  5   3 18   4 15   6 16   7  8  10 12  11 17  13 14 "

#102 |Aut| = 6
 "   0  1   2  3   4  5   6  7   8  9  10 11  12 13  14 15  16 17  18 19 "
 "   0  2   1  4   3  6   5  8   7 10   9 12  11 14  13 16  15 18  17 19 "
 "   0  3   1  5   2  7   4  9   6 11   8 13  10 15  12 17  14 19  16 18 "
 "   0  4   1  7   2 17   3  5   6 13   8 14   9 11  10 16  12 18  15 19 "
 "   0  5   1  6   2  4   3 16   7 12   8 10   9 15  11 17  13 19  14 18 "
 "   0  6   1  3   2 18   4  7   5 15   8 19   9 10  11 12  13 17  14 16 "
 "   0  7   1  2   3 19   4 14   5  6   8 11   9 18  10 13  12 16  15 17 "
 "   0  8   1 16   2 19   3 11   4 12   5  7   6  9  10 14  13 15  17 18 "
 "   0  9   1 17   2 10   3 18   4  6   5 13   7  8  11 15  12 14  16 19 "
 "   0 10   1 13   2 11   3 14   4 15   5 19   6 18   7 17   8 12   9 16 "
 "   0 11   1 12   2 15   3 10   4 18   5 14   6 16   7 19   8 17   9 13 "
 "   0 12   1 14   2 13   3  7   4 17   5  9   6 19   8 15  10 18  11 16 "
 "   0 13   1 15   2  6   3 12   4  8   5 16   7 18   9 14  10 17  11 19 "
 "   0 14   1  8   2 16   3 13   4 10   5 12   6 17   7 15   9 19  11 18 "
 "   0 15   1  9   2 12   3 17   4 13   5 11   6 14   7 16   8 18  10 19 "
 "   0 16   1 18   2  8   3 15   4 11   5 17   6 10   7  9  12 19  13 14 "
 "   0 17   1 19   2 14   3  9   4 16   5 10   6  8   7 11  12 15  13 18 "
 "   0 18   1 10   2  5   3  8   4 19   6 12   7 14   9 17  11 13  15 16 "
 "   0 19   1 11   2  9   3  4   5 18   6 15   7 13   8 16  10 12  14 17 "

#103 |Aut| = 6
 "   0  1   2  3   4  5   6  7   8  9  10 11  12 13  14 15  16 17  18 19 "
 "   0  2   1  4   3  6   5  8   7 10   9 12  11 14  13 16  15 18  17 19 "
 "   0  3   1  5   2  7   4  9   6 11   8 13  10 15  12 17  14 19  16 18 "
 "   0  4   1  7   2 18   3 10   5 12   6 14   8 15   9 17  11 16  13 19 "
 "   0  5   1  6   2 11   3 19   4 13   7 15   8 16   9 14  10 17  12 18 "
 "   0  6   1 12   2 13   3  4   5 10   7 17   8 14   9 18  11 15  16 19 "
 "   0  7   1 13   2  5   3 12   4 11   6 16   8 19   9 15  10 14  17 18 "
 "   0  8   1 14   2  6   3  9   4 12   5 17   7 16  10 18  11 13  15 19 "
 "   0  9   1 15   2  8   3  7   4 16   5 13   6 17  10 12  11 19  14 18 "
 "   0 10   1 19   2  4   3  8   5  7   6 18   9 13  11 17  12 14  15 16 "
 "   0 11   1 18   2  9   3  5   4  6   7 19   8 12  10 16  13 15  14 17 "
 "   0 12   1 10   2 15   3 16   4 17   5 11   6  8   7 14   9 19  13 18 "
 "   0 13   1 11   2 17   3 14   4 10   5 16   6 15   7  9   8 18  12 19 "
 "   0 14   1  2   3 17   4  8   5 19   6 10   7 13   9 16  11 18  12 15 "
 "   0 15   1  3   2 16   4 18   5  9   6 12   7 11   8 17  10 19  13 14 "
 "   0 16   1  8   2 12   3 11   4 19   5 14   6 13   7 18   9 10  15 17 "
 "   0 17   1  9   2 10   3 13   4 15   5 18   6 19   7 12   8 11  14 16 "
 "   0 18   1 17   2 19   3 15   4 14   5  6   7  8   9 11  10 13  12 16 "
 "   0 19   1 16   2 14   3 18   4  7   5 15   6  9   8 10  11 12  13 17 "

#104 |Aut| = 6
 "   0  1   2  3   4  5   6  7   8  9  10 11  12 13  14 15  16 17  18 19 "
 "   0  2   1  4   3  6   5  8   7 10   9 12  11 14  13 16  15 18  17 19 "
 "   0  3   1  5   2  7   4  9   6 11   8 13  10 15  12 17  14 19  16 18 "
 "   0  4   1  7   2 18   3 14   5 12   6  9   8 10  11 16  13 19  15 17 "
 "   0  5   1  6   2 15   3 19   4 13   7  8   9 11  10 17  12 18  14 16 "
 "   0  6   1 18   2 14   3  8   4 12   5 15   7 16   9 10  11 19  13 17 "
 "   0  7   1 19   2  9   3 15   4 14   5 13   6 17   8 11  10 18  12 16 "
 "   0  8   1 11   2 10   3  7   4 15   5 17   6 18   9 16  12 19  13 14 "
 "   0  9   1 10   2  6   3 11   4 16   5 14   7 19   8 17  12 15  13 18 "
 "   0 10   1 13   2 11   3 18   4 19   5  9   6 16   7 12   8 15  14 17 "
 "   0 11   1 12   2 19   3 10   4  8   5 18   6 13   7 17   9 14  15 16 "
 "   0 12   1  9   2 17   3  5   4 10   6 14   7 13   8 16  11 18  15 19 "
 "   0 13   1  8   2  4   3 16   5 11   6 12   7 15   9 17  10 19  14 18 "
 "   0 14   1  3   2 12   4 17   5 10   6  8   7 18   9 13  11 15  16 19 "
 "   0 15   1  2   3 13   4 11   5 16   6 19   7  9   8 12  10 14  17 18 "
 "   0 16   1 15   2  8   3 17   4  6   5 19   7 11   9 18  10 13  12 14 "
 "   0 17   1 14   2 16   3  9   4 18   5  7   6 10   8 19  11 12  13 15 "
 "   0 18   1 17   2  5   3 12   4  7   6 15   8 14   9 19  10 16  11 13 "
 "   0 19   1 16   2 13   3  4   5  6   7 14   8 18   9 15  10 12  11 17 "

#105 |Aut| = 6
 "   0  1   2  3   4  5   6  7   8  9  10 11  12 13  14 15  16 17  18 19 "
 "   0  2   1  4   3  6   5  8   7 10   9 12  11 14  13 16  15 18  17 19 "
 "   0  3   1  5   2  7   4  9   6 11   8 13  10 15  12 17  14 19  16 18 "
 "   0  4   1  7   2 18   3 15   5 13   6  9   8 10  11 17  12 14  16 19 "
 "   0  5   1  6   2 14   3 19   4 12   7  8   9 11  10 16  13 15  17 18 "
 "   0  6   1  2   3 17   4 10   5 16   7  9   8 15  11 19  12 18  13 14 "
 "   0  7   1  3   2 16   4 17   5 11   6  8   9 14  10 18  12 15  13 19 "
 "   0  8   1 19   2  6   3 12   4 11   5 15   7 17   9 16  10 13  14 18 "
 "   0  9   1 18   2 13   3  7   4 14   5 10   6 16   8 17  11 12  15 19 "
 "   0 10   1 15   2 11   3  8   4 19   5 17   6 14   7 13   9 18  12 16 "
 "   0 11   1 14   2  9   3 10   4 16   5 18   6 12   7 15   8 19  13 17 "
 "   0 12   1 11   2 10   3 16   4 15   5  7   6 17   8 14   9 19  13 18 "
 "   0 13   1 10   2 17   3 11   4  6   5 14   7 16   8 18   9 15  12 19 "
 "   0 14   1 13   2 12   3 18   4  7   5  9   6 19   8 16  10 17  11 15 "
 "   0 15   1 12   2 19   3 13   4  8   5  6   7 18   9 17  10 14  11 16 "
 "   0 16   1  8   2  4   3 14   5 12   6 13   7 19   9 10  11 18  15 17 "
 "   0 17   1  9   2 15   3  5   4 13   6 18   7 12   8 11  10 19  14 16 "
 "   0 18   1 16   2  8   3  4   5 19   6 15   7 11   9 13  10 12  14 17 "
 "   0 19   1 17   2  5   3  9   4 18   6 10   7 14   8 12  11 13  15 16 "

#106 |Aut| = 6
 "   0  1   2  3   4  5   6  7   8  9  10 11  12 13  14 15  16 17  18 19 "
 "   0  2   1  4   3  6   5  8   7 10   9 12  11 14  13 16  15 18  17 19 "
 "   0  3   1  5   2  7   4  9   6 11   8 13  10 15  12 17  14 19  16 18 "
 "   0  4   1  7   2 18   3 15   5 17   6  9   8 10  11 12  13 19  14 16 "
 "   0  5   1  6   2 14   3 19   4 16   7  8   9 11  10 13  12 18  15 17 "
 "   0  6   1 13   2  5   3 12   4 19   7 14   8 11   9 18  10 17  15 16 "
 "   0  7   1 12   2 13   3  4   5 18   6 15   8 19   9 10  11 16  14 17 "
 "   0  8   1 16   2 12   3 10   4 18   5 14   6 19   7 11   9 15  13 17 "
 "   0  9   1 17   2 11   3 13   4 15   5 19   6 10   7 18   8 14  12 16 "
 "   0 10   1 18   2 19   3 17   4 11   5  6   7 12   8 16   9 14  13 15 "
 "   0 11   1 19   2 16   3 18   4  7   5 10   6 13   8 15   9 17  12 14 "
 "   0 12   1 11   2 10   3  9   4  8   5 15   6 14   7 17  13 18  16 19 "
 "   0 13   1 10   2  8   3 11   4 14   5  9   6 16   7 15  12 19  17 18 "
 "   0 14   1  2   3  8   4 10   5 12   6 17   7 13   9 16  11 18  15 19 "
 "   0 15   1  3   2  9   4 13   5 11   6 12   7 16   8 17  10 19  14 18 "
 "   0 16   1 14   2  4   3  7   5 13   6  8   9 19  10 18  11 17  12 15 "
 "   0 17   1 15   2  6   3  5   4 12   7  9   8 18  10 16  11 19  13 14 "
 "   0 18   1  8   2 17   3 14   4  6   5 16   7 19   9 13  10 12  11 15 "
 "   0 19   1  9   2 15   3 16   4 17   5  7   6 18   8 12  10 14  11 13 "

#107 |Aut| = 6
 "   0  1   2  3   4  5   6  7   8  9  10 11  12 13  14 15  16 17  18 19 "
 "   0  2   1  4   3  6   5  8   7 10   9 12  11 14  13 16  15 18  17 19 "
 "   0  3   1  5   2  7   4  9   6 11   8 13  10 15  12 17  14 19  16 18 "
 "   0  4   1  7   2 18   3 16   5 15   6 10   8 11   9 19  12 14  13 17 "
 "   0  5   1  6   2 17   3 19   4 14   7 11   8 18   9 10  12 16  13 15 "
 "   0  6   1 16   2 13   3 10   4 19   5 11   7 15   8 12   9 17  14 18 "
 "   0  7   1 17   2 11   3 12   4 10   5 18   6 14   8 16   9 13  15 19 "
 "   0  8   1 15   2  4   3 11   5 17   6 19   7 12   9 18  10 13  14 16 "
 "   0  9   1 14   2 10   3  5   4 16   6 13   7 18   8 19  11 12  15 17 "
 "   0 10   1  8   2 14   3  9   4 11   5  6   7 13  12 19  15 16  17 18 "
 "   0 11   1  9   2  8   3 15   4  7   5 10   6 12  13 18  14 17  16 19 "
 "   0 12   1 10   2  6   3 18   4 15   5 13   7 17   8 14   9 16  11 19 "
 "   0 13   1 11   2 19   3  7   4 12   5 14   6 16   8 17   9 15  10 18 "
 "   0 14   1 18   2  5   3  8   4 13   6 17   7 19   9 11  10 16  12 15 "
 "   0 15   1 19   2  9   3  4   5 12   6 18   7 16   8 10  11 17  13 14 "
 "   0 16   1 13   2 12   3 14   4  6   5 19   7  9   8 15  10 17  11 18 "
 "   0 17   1 12   2 15   3 13   4 18   5  7   6  8   9 14  10 19  11 16 "
 "   0 18   1  2   3 17   4  8   5 16   6  9   7 14  10 12  11 15  13 19 "
 "   0 19   1  3   2 16   4 17   5  9   6 15   7  8  10 14  11 13  12 18 "

#108 |Aut| = 6
 "   0  1   2  3   4  5   6  7   8  9  10 11  12 13  14 15  16 17  18 19 "
 "   0  2   1  4   3  6   5  8   7 10   9 12  11 14  13 16  15 18  17 19 "
 "   0  3   1  5   2  7   4  9   6 11   8 13  10 15  12 17  14 19  16 18 "
 "   0  4   1  7   2 19   3  5   6 12   8 14   9 16  10 18  11 15  13 17 "
 "   0  5   1  6   2  4   3 18   7 13   8 17   9 15  10 14  11 19  12 16 "
 "   0  6   1  3   2 16   4  7   5 15   8 12   9 17  10 19  11 13  14 18 "
 "   0  7   1  2   3 17   4 14   5  6   8 16   9 13  10 12  11 18  15 19 "
 "   0  8   1 16   2 13   3 19   4 11   5  7   6 18   9 10  12 15  14 17 "
 "   0  9   1 17   2 18   3 12   4  6   5 10   7 19   8 11  13 14  15 16 "
 "   0 10   1 14   2 11   3 13   4  8   5 12   6 15   7 17   9 18  16 19 "
 "   0 11   1 15   2 12   3 10   4 13   5  9   6 16   7 14   8 19  17 18 "
 "   0 12   1  9   2  6   3 15   4 16   5 14   7 18   8 10  11 17  13 19 "
 "   0 13   1  8   2 14   3  7   4 15   5 17   6 19   9 11  10 16  12 18 "
 "   0 14   1 19   2 17   3  8   4 12   5 18   6  9   7 15  10 13  11 16 "
 "   0 15   1 18   2  9   3 16   4 19   5 13   6 14   7  8  10 17  11 12 "
 "   0 16   1 12   2  5   3 14   4 10   6  8   7 11   9 19  13 18  15 17 "
 "   0 17   1 13   2 15   3  4   5 11   6 10   7  9   8 18  12 19  14 16 "
 "   0 18   1 11   2 10   3  9   4 17   5 19   6 13   7 16   8 15  12 14 "
 "   0 19   1 10   2  8   3 11   4 18   5 16   6 17   7 12   9 14  13 15 "

#109 |Aut| = 6
 "   0  1   2  3   4  5   6  7   8  9  10 11  12 13  14 15  16 17  18 19 "
 "   0  2   1  4   3  6   5  8   7 10   9 12  11 14  13 16  15 18  17 19 "
 "   0  3   1  5   2  7   4  9   6 11   8 13  10 15  12 17  14 19  16 18 "
 "   0  4   1  7   2 19   3  5   6 13   8 15   9 17  10 14  11 18  12 16 "
 "   0  5   1  6   2  4   3 18   7 12   8 16   9 14  10 19  11 15  13 17 "
 "   0  6   1  3   2 16   4  7   5 14   8 17   9 13  10 18  11 12  15 19 "
 "   0  7   1  2   3 17   4 15   5  6   8 12   9 16  10 13  11 19  14 18 "
 "   0  8   1 16   2  6   3 14   4 12   5 15   7 18   9 19  10 17  11 13 "
 "   0  9   1 17   2 15   3  7   4 14   5 13   6 19   8 18  10 12  11 16 "
 "   0 10   1 19   2 12   3 16   4 13   5 18   6 15   7  8   9 11  14 17 "
 "   0 11   1 18   2 17   3 13   4 19   5 12   6  9   7 14   8 10  15 16 "
 "   0 12   1  8   2  5   3 15   4 10   6 17   7 11   9 18  13 14  16 19 "
 "   0 13   1  9   2 14   3  4   5 11   6 10   7 16   8 19  12 15  17 18 "
 "   0 14   1 11   2 10   3  9   4 18   5 16   6  8   7 13  12 19  15 17 "
 "   0 15   1 10   2  8   3 11   4 17   5 19   6 12   7  9  13 18  14 16 "
 "   0 16   1 13   2 18   3  8   4  6   5 10   7 19   9 15  11 17  12 14 "
 "   0 17   1 12   2  9   3 19   4 11   5  7   6 18   8 14  10 16  13 15 "
 "   0 18   1 14   2 11   3 12   4  8   5 17   6 16   7 15   9 10  13 19 "
 "   0 19   1 15   2 13   3 10   4 16   5  9   6 14   7 17   8 11  12 18 "

#110 |Aut| = 6
 "   0  1   2  3   4  5   6  7   8  9  10 11  12 13  14 15  16 17  18 19 "
 "   0  2   1  4   3  6   5  8   7 10   9 12  11 14  13 16  15 18  17 19 "
 "   0  3   1  5   2  7   4  9   6 11   8 13  10 15  12 17  14 19  16 18 "
 "   0  4   1  7   2 19   3  8   5 12   6 15   9 10  11 16  13 17  14 18 "
 "   0  5   1  6   2  9   3 18   4 13   7 14   8 11  10 17  12 16  15 19 "
 "   0  6   1  8   2 12   3 15   4 17   5 18   7 16   9 11  10 14  13 19 "
 "   0  7   1  9   2 14   3 13   4 19   5 16   6 17   8 10  11 15  12 18 "
 "   0  8   1 17   2 15   3  5   4 10   6 12   7 11   9 14  13 18  16 19 "
 "   0  9   1 16   2  4   3 14   5 11   6 10   7 13   8 15  12 19  17 18 "
 "   0 10   1  3   2 13   4 16   5  9   6  8   7 18  11 19  12 14  15 17 "
 "   0 11   1  2   3 12   4  8   5 17   6 19   7  9  10 18  13 15  14 16 "
 "   0 12   1 19   2 11   3  4   5  7   6 16   8 18   9 15  10 13  14 17 "
 "   0 13   1 18   2  5   3 10   4  6   7 17   8 14   9 19  11 12  15 16 "
 "   0 14   1 12   2 18   3 16   4 15   5  6   7  8   9 17  10 19  11 13 "
 "   0 15   1 13   2 17   3 19   4  7   5 14   6  9   8 16  10 12  11 18 "
 "   0 16   1 11   2  8   3 17   4 18   5 10   6 14   7 19   9 13  12 15 "
 "   0 17   1 10   2 16   3  9   4 11   5 19   6 18   7 15   8 12  13 14 "
 "   0 18   1 14   2 10   3  7   4 12   5 15   6 13   8 19   9 16  11 17 "
 "   0 19   1 15   2  6   3 11   4 14   5 13   7 12   8 17   9 18  10 16 "

#111 |Aut| = 6
 "   0  1   2  3   4  5   6  7   8  9  10 11  12 13  14 15  16 17  18 19 "
 "   0  2   1  4   3  6   5  8   7 10   9 12  11 14  13 16  15 18  17 19 "
 "   0  3   1  5   2  7   4  9   6 11   8 13  10 15  12 17  14 19  16 18 "
 "   0  4   1  7   2 19   3 11   5 17   6  8   9 18  10 12  13 15  14 16 "
 "   0  5   1  6   2 10   3 18   4 16   7  9   8 19  11 13  12 14  15 17 "
 "   0  6   1 19   2  9   3 13   4 15   5 16   7 17   8 18  10 14  11 12 "
 "   0  7   1 18   2 12   3  8   4 17   5 14   6 16   9 19  10 13  11 15 "
 "   0  8   1 16   2 15   3 12   4 18   5 11   6 13   7 19   9 10  14 17 "
 "   0  9   1 17   2 13   3 14   4 10   5 19   6 18   7 12   8 11  15 16 "
 "   0 10   1 13   2 18   3 17   4 19   5 12   6 15   7 11   8 14   9 16 "
 "   0 11   1 12   2 16   3 19   4 13   5 18   6 10   7 14   8 17   9 15 "
 "   0 12   1  8   2  4   3 10   5  6   7 16   9 14  11 18  13 17  15 19 "
 "   0 13   1  9   2 11   3  5   4  7   6 17   8 15  10 19  12 16  14 18 "
 "   0 14   1 11   2  8   3 16   4 12   5 10   6  9   7 15  13 19  17 18 "
 "   0 15   1 10   2 17   3  9   4 11   5 13   6 14   7  8  12 18  16 19 "
 "   0 16   1  2   3 15   4  6   5  9   7 18   8 10  11 17  12 19  13 14 "
 "   0 17   1  3   2 14   4  8   5  7   6 19   9 11  10 16  12 15  13 18 "
 "   0 18   1 15   2  5   3  7   4 14   6 12   8 16   9 13  10 17  11 19 "
 "   0 19   1 14   2  6   3  4   5 15   7 13   8 12   9 17  10 18  11 16 "

#112 |Aut| = 6
 "   0  1   2  3   4  5   6  7   8  9  10 11  12 13  14 15  16 17  18 19 "
 "   0  2   1  4   3  6   5  8   7 10   9 12  11 14  13 16  15 18  17 19 "
 "   0  3   1  5   2  7   4  9   6 11   8 13  10 15  12 17  14 19  16 18 "
 "   0  4   1  7   2 19   3 13   5 15   6  8   9 17  10 16  11 18  12 14 "
 "   0  5   1  6   2 12   3 18   4 14   7  9   8 16  10 19  11 17  13 15 "
 "   0  6   1  9   2 16   3 10   4 17   5 13   7 11   8 19  12 15  14 18 "
 "   0  7   1  8   2 11   3 17   4 12   5 16   6 10   9 18  13 14  15 19 "
 "   0  8   1 11   2 13   3  5   4  7   6 14   9 16  10 18  12 19  15 17 "
 "   0  9   1 10   2  4   3 12   5  6   7 15   8 17  11 19  13 18  14 16 "
 "   0 10   1 19   2  6   3 11   4 18   5 17   7 13   8 12   9 14  15 16 "
 "   0 11   1 18   2 10   3  7   4 16   5 19   6 12   8 15   9 13  14 17 "
 "   0 12   1 16   2 17   3 14   4 11   5  7   6 19   8 18   9 15  10 13 "
 "   0 13   1 17   2 15   3 16   4  6   5 10   7 18   8 14   9 19  11 12 "
 "   0 14   1 12   2  9   3 15   4 19   5 11   6 13   7 16   8 10  17 18 "
 "   0 15   1 13   2 14   3  8   4 10   5 18   6 17   7 12   9 11  16 19 "
 "   0 16   1 14   2  8   3 19   4 13   5  9   6 18   7 17  10 12  11 15 "
 "   0 17   1 15   2 18   3  9   4  8   5 12   6 16   7 19  10 14  11 13 "
 "   0 18   1  3   2  5   4 15   6  9   7 14   8 11  10 17  12 16  13 19 "
 "   0 19   1  2   3  4   5 14   6 15   7  8   9 10  11 16  12 18  13 17 "

#113 |Aut| = 6
 "   0  1   2  3   4  5   6  7   8  9  10 11  12 13  14 15  16 17  18 19 "
 "   0  2   1  4   3  6   5  8   7 10   9 12  11 14  13 16  15 18  17 19 "
 "   0  3   1  5   2  7   4  9   6 11   8 13  10 15  12 17  14 19  16 18 "
 "   0  4   1  7   2 19   3 17   5 15   6 16   8 14   9 11  10 12  13 18 "
 "   0  5   1  6   2 16   3 18   4 14   7 17   8 10   9 15  11 13  12 19 "
 "   0  6   1  2   3 12   4 13   5 19   7  9   8 15  10 18  11 16  14 17 "
 "   0  7   1  3   2 13   4 18   5 12   6  8   9 14  10 17  11 19  15 16 "
 "   0  8   1 19   2 11   3  7   4  6   5 17   9 16  10 13  12 15  14 18 "
 "   0  9   1 18   2  6   3 10   4 16   5  7   8 17  11 12  13 14  15 19 "
 "   0 10   1 14   2  8   3 13   4  7   5  9   6 15  11 17  12 18  16 19 "
 "   0 11   1 15   2 12   3  9   4  8   5  6   7 14  10 16  13 19  17 18 "
 "   0 12   1  9   2 14   3 16   4 17   5 13   6 18   7  8  10 19  11 15 "
 "   0 13   1  8   2 17   3 15   4 12   5 16   6  9   7 19  10 14  11 18 "
 "   0 14   1 16   2 10   3  5   4 19   6 12   7 18   8 11   9 17  13 15 "
 "   0 15   1 17   2  4   3 11   5 18   6 19   7 13   8 16   9 10  12 14 "
 "   0 16   1 11   2 18   3 14   4 15   5 10   6 17   7 12   8 19   9 13 "
 "   0 17   1 10   2 15   3 19   4 11   5 14   6 13   7 16   8 12   9 18 "
 "   0 18   1 13   2  5   3  8   4 10   6 14   7 11   9 19  12 16  15 17 "
 "   0 19   1 12   2  9   3  4   5 11   6 10   7 15   8 18  13 17  14 16 "

#114 |Aut| = 342
 "   0  1   2  3   4  5   6  7   8  9  10 11  12 13  14 15  16 17  18 19 "
 "   0  2   1  4   3  6   5  8   7 10   9 12  11 14  13 16  15 18  17 19 "
 "   0  3   1  5   2  7   4  9   6 11   8 13  10 15  12 17  14 19  16 18 "
 "   0  4   1  8   2  6   3 10   5 12   7 14   9 16  11 18  13 19  15 17 "
 "   0  5   1  9   2 11   3  7   4 13   6 15   8 17  10 19  12 18  14 16 "
 "   0  6   1 12   2 10   3 14   4  8   5 16   7 18   9 19  11 17  13 15 "
 "   0  7   1 13   2 15   3 11   4 17   5  9   6 19   8 18  10 16  12 14 "
 "   0  8   1 16   2 14   3 18   4 12   5 19   6 10   7 17   9 15  11 13 "
 "   0  9   1 17   2 19   3 15   4 18   5 13   6 16   7 11   8 14  10 12 "
 "   0 10   1 19   2 18   3 17   4 16   5 15   6 14   7 13   8 12   9 11 "
 "   0 11   1 18   2 16   3 19   4 14   5 17   6 12   7 15   8 10   9 13 "
 "   0 12   1 15   2 17   3 13   4 19   5 11   6 18   7  9   8 16  10 14 "
 "   0 13   1 14   2 12   3 16   4 10   5 18   6  8   7 19   9 17  11 15 "
 "   0 14   1 11   2 13   3  9   4 15   5  7   6 17   8 19  10 18  12 16 "
 "   0 15   1 10   2  8   3 12   4  6   5 14   7 16   9 18  11 19  13 17 "
 "   0 16   1  7   2  9   3  5   4 11   6 13   8 15  10 17  12 19  14 18 "
 "   0 17   1  6   2  4   3  8   5 10   7 12   9 14  11 16  13 18  15 19 "
 "   0 18   1  3   2  5   4  7   6  9   8 11  10 13  12 15  14 17  16 19 "
 "   0 19   1  2   3  4   5  6   7  8   9 10  11 12  13 14  15 16  17 18 "

#115 |Aut| = 6
 "   0  1   2  3   4  5   6  7   8  9  10 11  12 13  14 15  16 17  18 19 "
 "   0  2   1  4   3  6   5  8   7 10   9 12  11 14  13 16  15 18  17 19 "
 "   0  3   1  5   2  7   4  9   6 11   8 13  10 15  12 17  14 19  16 18 "
 "   0  4   1  8   2  6   3 12   5 17   7 14   9 15  10 19  11 16  13 18 "
 "   0  5   1  9   2 13   3  7   4 16   6 15   8 14  10 17  11 18  12 19 "
 "   0  6   1 17   2  5   3 14   4 12   7 18   8 15   9 11  10 16  13 19 "
 "   0  7   1 16   2 15   3  4   5 13   6 19   8 10   9 14  11 17  12 18 "
 "   0  8   1 19   2  4   3 11   5 16   6 12   7 15   9 13  10 14  17 18 "
 "   0  9   1 18   2 10   3  5   4 17   6 14   7 13   8 12  11 15  16 19 "
 "   0 10   1  3   2 14   4 13   5 19   6 17   7 12   8 11   9 18  15 16 "
 "   0 11   1  2   3 15   4 18   5 12   6 13   7 16   8 19   9 10  14 17 "
 "   0 12   1  6   2 17   3 10   4 14   5  7   8 18   9 16  11 13  15 19 "
 "   0 13   1  7   2 11   3 16   4  6   5 15   8 17   9 19  10 12  14 18 "
 "   0 14   1 13   2 18   3 17   4 15   5  9   6 10   7  8  11 19  12 16 "
 "   0 15   1 12   2 16   3 19   4  8   5 14   6  9   7 11  10 18  13 17 "
 "   0 16   1 11   2 12   3  9   4 10   5 18   6  8   7 19  13 14  15 17 "
 "   0 17   1 10   2  8   3 13   4 19   5 11   6 18   7  9  12 15  14 16 "
 "   0 18   1 14   2 19   3  8   4  7   5 10   6 16   9 17  11 12  13 15 "
 "   0 19   1 15   2  9   3 18   4 11   5  6   7 17   8 16  10 13  12 14 "

#116 |Aut| = 6
 "   0  1   2  3   4  5   6  7   8  9  10 11  12 13  14 15  16 17  18 19 "
 "   0  2   1  4   3  6   5  8   7 10   9 12  11 14  13 16  15 18  17 19 "
 "   0  3   1  5   2  7   4  9   6 11   8 13  10 15  12 17  14 19  16 18 "
 "   0  4   1  8   2  6   3 13   5 19   7 17   9 10  11 16  12 15  14 18 "
 "   0  5   1  9   2 12   3  7   4 18   6 16   8 11  10 17  13 14  15 19 "
 "   0  6   1 14   2  9   3 18   4 19   5 15   7 11   8 17  10 13  12 16 "
 "   0  7   1 15   2 19   3  8   4 14   5 18   6 10   9 16  11 12  13 17 "
 "   0  8   1 12   2 18   3 14   4 17   5  6   7 19   9 15  10 16  11 13 "
 "   0  9   1 13   2 15   3 19   4  7   5 16   6 18   8 14  10 12  11 17 "
 "   0 10   1 17   2  5   3 16   4 13   6  9   7 15   8 19  11 18  12 14 "
 "   0 11   1 16   2 17   3  4   5 12   6 14   7  8   9 18  10 19  13 15 "
 "   0 12   1 11   2  4   3 10   5 14   6 13   7 18   8 15   9 17  16 19 "
 "   0 13   1 10   2 11   3  5   4 15   6 19   7 12   8 16   9 14  17 18 "
 "   0 14   1 19   2 16   3 15   4 10   5 17   6  8   7 13   9 11  12 18 "
 "   0 15   1 18   2 14   3 17   4 16   5 11   6 12   7  9   8 10  13 19 "
 "   0 16   1  2   3  9   4  6   5 10   7 14   8 12  11 19  13 18  15 17 "
 "   0 17   1  3   2  8   4 11   5  7   6 15   9 13  10 18  12 19  14 16 "
 "   0 18   1  6   2 10   3 12   4  8   5 13   7 16   9 19  11 15  14 17 "
 "   0 19   1  7   2 13   3 11   4 12   5  9   6 17   8 18  10 14  15 16 "

#117 |Aut| = 6
 "   0  1   2  3   4  5   6  7   8  9  10 11  12 13  14 15  16 17  18 19 "
 "   0  2   1  4   3  6   5  8   7 10   9 12  11 14  13 16  15 18  17 19 "
 "   0  3   1  5   2  7   4  9   6 11   8 13  10 15  12 17  14 19  16 18 "
 "   0  4   1  8   2  6   3 19   5 10   7  9  11 13  12 14  15 16  17 18 "
 "   0  5   1  9   2 18   3  7   4 11   6  8  10 12  13 15  14 17  16 19 "
 "   0  6   1  2   3 14   4 13   5 16   7  8   9 17  10 18  11 12  15 19 "
 "   0  7   1  3   2 15   4 17   5 12   6  9   8 16  10 13  11 19  14 18 "
 "   0  8   1 15   2 11   3 17   4 10   5 18   6 16   7 12   9 19  13 14 "
 "   0  9   1 14   2 16   3 10   4 19   5 11   6 13   7 17   8 18  12 15 "
 "   0 10   1 18   2 12   3 16   4  7   5 13   6 15   8 19   9 14  11 17 "
 "   0 11   1 19   2 17   3 13   4 12   5  6   7 14   8 15   9 18  10 16 "
 "   0 12   1 17   2  5   3  8   4 18   6 14   7 16   9 10  11 15  13 19 "
 "   0 13   1 16   2  9   3  4   5 19   6 17   7 15   8 11  10 14  12 18 "
 "   0 14   1 10   2 19   3  5   4  6   7 13   8 17   9 15  11 18  12 16 "
 "   0 15   1 11   2  4   3 18   5  7   6 12   8 14   9 16  10 19  13 17 "
 "   0 16   1  6   2 10   3 15   4 14   5 17   7 19   8 12   9 11  13 18 "
 "   0 17   1  7   2 14   3 11   4 16   5 15   6 18   8 10   9 13  12 19 "
 "   0 18   1 13   2  8   3 12   4 15   5  9   6 19   7 11  10 17  14 16 "
 "   0 19   1 12   2 13   3  9   4  8   5 14   6 10   7 18  11 16  15 17 "

#118 |Aut| = 6
 "   0  1   2  3   4  5   6  7   8  9  10 11  12 13  14 15  16 17  18 19 "
 "   0  2   1  4   3  6   5  8   7 10   9 12  11 14  13 16  15 18  17 19 "
 "   0  3   1  5   2  7   4  9   6 11   8 13  10 15  12 17  14 19  16 18 "
 "   0  4   1  8   2 10   3 13   5 12   6 15   7 19   9 18  11 17  14 16 "
 "   0  5   1  9   2 12   3 11   4 13   6 18   7 14   8 19  10 16  15 17 "
 "   0  6   1 17   2 11   3 16   4  8   5 13   7  9  10 19  12 15  14 18 "
 "   0  7   1 16   2 17   3 10   4 12   5  9   6  8  11 18  13 14  15 19 "
 "   0  8   1 19   2  6   3 12   4 14   5 17   7 15   9 10  11 16  13 18 "
 "   0  9   1 18   2 13   3  7   4 16   5 15   6 14   8 11  10 17  12 19 "
 "   0 10   1  7   2 18   3  4   5 14   6  9   8 17  11 12  13 19  15 16 "
 "   0 11   1  6   2  5   3 19   4 15   7  8   9 16  10 13  12 18  14 17 "
 "   0 12   1 14   2  8   3 15   4 18   5 10   6 19   7 16   9 11  13 17 "
 "   0 13   1 15   2 14   3  9   4 11   5 19   6 17   7 18   8 10  12 16 "
 "   0 14   1  3   2  4   5 16   6 10   7 12   8 15   9 13  11 19  17 18 "
 "   0 15   1  2   3  5   4 17   6 13   7 11   8 12   9 14  10 18  16 19 "
 "   0 16   1 11   2 15   3 17   4  6   5 18   7 13   8 14   9 19  10 12 "
 "   0 17   1 10   2 16   3 14   4 19   5  7   6 12   8 18   9 15  11 13 "
 "   0 18   1 12   2 19   3  8   4  7   5 11   6 16   9 17  10 14  13 15 "
 "   0 19   1 13   2  9   3 18   4 10   5  6   7 17   8 16  11 15  12 14 "

#119 |Aut| = 18
 "   0  1   2  3   4  5   6  7   8  9  10 11  12 13  14 15  16 17  18 19 "
 "   0  2   1  4   3  6   5  8   7 10   9 12  11 14  13 16  15 18  17 19 "
 "   0  3   1  5   2  7   4  9   6 11   8 13  10 15  12 17  14 19  16 18 "
 "   0  4   1  8   2 10   3 18   5 17   6 12   7 11   9 19  13 14  15 16 "
 "   0  5   1  9   2 19   3 11   4 16   6 10   7 13   8 18  12 15  14 17 "
 "   0  6   1 17   2 18   3 14   4 13   5  9   7 12   8 15  10 19  11 16 "
 "   0  7   1 16   2 15   3 19   4  8   5 12   6 13   9 14  10 17  11 18 "
 "   0  8   1 19   2 13   3 17   4 15   5  6   7 18   9 11  10 12  14 16 "
 "   0  9   1 18   2 16   3 12   4  7   5 14   6 19   8 10  11 13  15 17 "
 "   0 10   1 15   2  6   3  8   4 11   5 18   7 19   9 16  12 14  13 17 "
 "   0 11   1 14   2  9   3  7   4 19   5 10   6 18   8 17  12 16  13 15 "
 "   0 12   1  3   2  5   4 14   6 15   7  9   8 11  10 16  13 19  17 18 "
 "   0 13   1  2   3  4   5 15   6  8   7 14   9 10  11 17  12 18  16 19 "
 "   0 14   1 13   2 12   3 10   4 18   5 16   6 17   7  8   9 15  11 19 "
 "   0 15   1 12   2 11   3 13   4 17   5 19   6  9   7 16   8 14  10 18 "
 "   0 16   1 10   2 17   3  9   4 12   5  7   6 14   8 19  11 15  13 18 "
 "   0 17   1 11   2  8   3 16   4  6   5 13   7 15   9 18  10 14  12 19 "
 "   0 18   1  6   2 14   3  5   4 10   7 17   8 16   9 13  11 12  15 19 "
 "   0 19   1  7   2  4   3 15   5 11   6 16   8 12   9 17  10 13  14 18 "

#120 |Aut| = 6
 "   0  1   2  3   4  5   6  7   8  9  10 11  12 13  14 15  16 17  18 19 "
 "   0  2   1  4   3  6   5  8   7 10   9 12  11 14  13 16  15 18  17 19 "
 "   0  3   1  5   2  7   4  9   6 11   8 13  10 15  12 17  14 19  16 18 "
 "   0  4   1  8   2 11   3 13   5 10   6 12   7 19   9 17  14 18  15 16 "
 "   0  5   1  9   2 12   3 10   4 11   6 18   7 13   8 16  14 17  15 19 "
 "   0  6   1 10   2 13   3 17   4  8   5 19   7 15   9 16  11 18  12 14 "
 "   0  7   1 11   2 16   3 12   4 18   5  9   6 14   8 17  10 19  13 15 "
 "   0  8   1  6   2 18   3 15   4 17   5 12   7 11   9 14  10 16  13 19 "
 "   0  9   1  7   2 14   3 19   4 13   5 16   6 10   8 15  11 17  12 18 "
 "   0 10   1 18   2 17   3  8   4  7   5 15   6 13   9 19  11 12  14 16 "
 "   0 11   1 19   2  9   3 16   4 14   5  6   7 12   8 18  10 13  15 17 "
 "   0 12   1 17   2  8   3 11   4 15   5 13   6  9   7 18  10 14  16 19 "
 "   0 13   1 16   2 10   3  9   4 12   5 14   6 19   7  8  11 15  17 18 "
 "   0 14   1 13   2 15   3  4   5  7   6  8   9 18  10 17  11 19  12 16 "
 "   0 15   1 12   2  5   3 14   4  6   7  9   8 19  10 18  11 16  13 17 "
 "   0 16   1  2   3  5   4 19   6 15   7 17   8 14   9 11  10 12  13 18 "
 "   0 17   1  3   2  4   5 18   6 16   7 14   8 10   9 15  11 13  12 19 "
 "   0 18   1 15   2 19   3  7   4 16   5 11   6 17   8 12   9 10  13 14 "
 "   0 19   1 14   2  6   3 18   4 10   5 17   7 16   8 11   9 13  12 15 "

#121 |Aut| = 6
 "   0  1   2  3   4  5   6  7   8  9  10 11  12 13  14 15  16 17  18 19 "
 "   0  2   1  4   3  6   5  8   7 10   9 12  11 14  13 16  15 18  17 19 "
 "   0  3   1  5   2  7   4  9   6 11   8 13  10 15  12 17  14 19  16 18 "
 "   0  4   1  8   2 11   3 13   5 15   6 17   7 14   9 19  10 16  12 18 "
 "   0  5   1  9   2 12   3 10   4 14   6 15   7 16   8 18  11 17  13 19 "
 "   0  6   1  2   3  9   4 16   5 11   7 15   8 10  12 19  13 14  17 18 "
 "   0  7   1  3   2  8   4 10   5 17   6 14   9 11  12 15  13 18  16 19 "
 "   0  8   1 17   2 14   3 18   4 13   5  7   6  9  10 19  11 12  15 16 "
 "   0  9   1 16   2 19   3 15   4  6   5 12   7  8  10 13  11 18  14 17 "
 "   0 10   1 12   2  4   3 19   5  9   6 13   7 18   8 17  11 15  14 16 "
 "   0 11   1 13   2 18   3  5   4  8   6 19   7 12   9 16  10 14  15 17 "
 "   0 12   1  6   2 15   3 16   4  7   5 18   8 14   9 13  10 17  11 19 "
 "   0 13   1  7   2 17   3 14   4 19   5  6   8 12   9 15  10 18  11 16 "
 "   0 14   1 11   2 13   3  4   5 19   6 10   7 17   8 15   9 18  12 16 "
 "   0 15   1 10   2  5   3 12   4 18   6 16   7 11   8 19   9 14  13 17 "
 "   0 16   1 18   2  6   3  8   4 11   5 14   7 13   9 17  10 12  15 19 "
 "   0 17   1 19   2  9   3  7   4 15   5 10   6 12   8 16  11 13  14 18 "
 "   0 18   1 15   2 16   3 11   4 17   5 13   6  8   7 19   9 10  12 14 "
 "   0 19   1 14   2 10   3 17   4 12   5 16   6 18   7  9   8 11  13 15 "

#122 |Aut| = 6
 "   0  1   2  3   4  5   6  7   8  9  10 11  12 13  14 15  16 17  18 19 "
 "   0  2   1  4   3  6   5  8   7 10   9 12  11 14  13 16  15 18  17 19 "
 "   0  3   1  5   2  7   4  9   6 11   8 13  10 15  12 17  14 19  16 18 "
 "   0  4   1  8   2 11   3 15   5  6   7 17   9 18  10 13  12 19  14 16 "
 "   0  5   1  9   2 14   3 10   4  7   6 16   8 19  11 12  13 18  15 17 "
 "   0  6   1 18   2 17   3 12   4 10   5  9   7 14   8 15  11 13  16 19 "
 "   0  7   1 19   2 13   3 16   4  8   5 11   6 15   9 14  10 12  17 18 "
 "   0  8   1 11   2 16   3 19   4 17   5  7   6 13   9 15  10 18  12 14 "
 "   0  9   1 10   2 18   3 17   4  6   5 16   7 12   8 14  11 19  13 15 "
 "   0 10   1  7   2  8   3 18   4 12   5 17   6 19   9 16  11 15  13 14 "
 "   0 11   1  6   2 19   3  9   4 16   5 13   7 18   8 17  10 14  12 15 "
 "   0 12   1 15   2  6   3  5   4 13   7  8   9 19  10 16  11 18  14 17 "
 "   0 13   1 14   2  4   3  7   5 12   6  9   8 18  10 19  11 17  15 16 "
 "   0 14   1 16   2 10   3 13   4 18   5 15   6 12   7 19   8 11   9 17 "
 "   0 15   1 17   2 12   3 11   4 14   5 19   6 18   7 13   8 16   9 10 "
 "   0 16   1  3   2  9   4 15   5 10   6 17   7 11   8 12  13 19  14 18 "
 "   0 17   1  2   3  8   4 11   5 14   6 10   7 16   9 13  12 18  15 19 "
 "   0 18   1 13   2  5   3 14   4 19   6  8   7 15   9 11  10 17  12 16 "
 "   0 19   1 12   2 15   3  4   5 18   6 14   7  9   8 10  11 16  13 17 "

#123 |Aut| = 18
 "   0  1   2  3   4  5   6  7   8  9  10 11  12 13  14 15  16 17  18 19 "
 "   0  2   1  4   3  6   5  8   7 10   9 12  11 14  13 16  15 18  17 19 "
 "   0  3   1  5   2  7   4  9   6 11   8 13  10 15  12 17  14 19  16 18 "
 "   0  4   1  8   2 11   3 19   5 17   6 10   7 13   9 18  12 14  15 16 "
 "   0  5   1  9   2 18   3 10   4 16   6 12   7 11   8 19  13 15  14 17 "
 "   0  6   1 17   2 19   3 14   4  8   5 13   7 12   9 15  10 16  11 18 "
 "   0  7   1 16   2 15   3 18   4 12   5  9   6 13   8 14  10 19  11 17 "
 "   0  8   1 18   2 16   3 12   4 14   5  6   7 19   9 10  11 13  15 17 "
 "   0  9   1 19   2 13   3 17   4  7   5 15   6 18   8 11  10 12  14 16 "
 "   0 10   1 15   2  6   3  9   4 19   5 11   7 18   8 17  12 16  13 14 "
 "   0 11   1 14   2  8   3  7   4 10   5 18   6 19   9 16  12 15  13 17 "
 "   0 12   1  3   2  5   4 15   6 14   7  8   9 11  10 17  13 18  16 19 "
 "   0 13   1  2   3  4   5 14   6  9   7 15   8 10  11 16  12 19  17 18 "
 "   0 14   1 12   2 10   3 13   4 18   5 16   6 17   7  9   8 15  11 19 "
 "   0 15   1 13   2 12   3 11   4 17   5 19   6  8   7 16   9 14  10 18 "
 "   0 16   1 11   2 17   3  8   4 13   5  7   6 15   9 19  10 14  12 18 "
 "   0 17   1 10   2  9   3 16   4  6   5 12   7 14   8 18  11 15  13 19 "
 "   0 18   1  7   2 14   3  5   4 11   6 16   8 12   9 17  10 13  15 19 "
 "   0 19   1  6   2  4   3 15   5 10   7 17   8 16   9 13  11 12  14 18 "

#124 |Aut| = 6
 "   0  1   2  3   4  5   6  7   8  9  10 11  12 13  14 15  16 17  18 19 "
 "   0  2   1  4   3  6   5  8   7 10   9 12  11 14  13 16  15 18  17 19 "
 "   0  3   1  5   2  7   4  9   6 11   8 13  10 15  12 17  14 19  16 18 "
 "   0  4   1  8   2 12   3 11   5  7   6 10   9 16  13 18  14 17  15 19 "
 "   0  5   1  9   2 10   3 13   4  6   7 11   8 17  12 19  14 18  15 16 "
 "   0  6   1 18   2 11   3 17   4 12   5  9   7 15   8 16  10 19  13 14 "
 "   0  7   1 19   2 16   3 10   4  8   5 13   6 14   9 17  11 18  12 15 "
 "   0  8   1 15   2 17   3  9   4 11   5 18   6 19   7 14  10 13  12 16 "
 "   0  9   1 14   2  8   3 16   4 19   5 10   6 15   7 18  11 12  13 17 "
 "   0 10   1  2   3  8   4 18   5 17   6 16   7 13   9 15  11 19  12 14 "
 "   0 11   1  3   2  9   4 16   5 19   6 12   7 17   8 14  10 18  13 15 "
 "   0 12   1 11   2  5   3 14   4 10   6 18   7  8   9 13  15 17  16 19 "
 "   0 13   1 10   2 15   3  4   5 11   6  9   7 19   8 12  14 16  17 18 "
 "   0 14   1 16   2 13   3 18   4  7   5 12   6 17   8 19   9 10  11 15 "
 "   0 15   1 17   2 19   3 12   4 13   5  6   7 16   8 11   9 18  10 14 "
 "   0 16   1  6   2 18   3  5   4 14   7 12   8 15   9 11  10 17  13 19 "
 "   0 17   1  7   2  4   3 19   5 15   6 13   8 10   9 14  11 16  12 18 "
 "   0 18   1 13   2 14   3  7   4 15   5 16   6  8   9 19  10 12  11 17 "
 "   0 19   1 12   2  6   3 15   4 17   5 14   7  9   8 18  10 16  11 13 "

#125 |Aut| = 6
 "   0  1   2  3   4  5   6  7   8  9  10 11  12 13  14 15  16 17  18 19 "
 "   0  2   1  4   3  6   5  8   7 10   9 12  11 14  13 16  15 18  17 19 "
 "   0  3   1  5   2  7   4  9   6 11   8 13  10 15  12 17  14 19  16 18 "
 "   0  4   1  8   2 12   3 11   5 10   6 18   7 16   9 15  13 19  14 17 "
 "   0  5   1  9   2 10   3 13   4 11   6 17   7 19   8 14  12 18  15 16 "
 "   0  6   1 15   2  8   3 17   4  7   5 16   9 11  10 13  12 19  14 18 "
 "   0  7   1 14   2 16   3  9   4 17   5  6   8 10  11 12  13 18  15 19 "
 "   0  8   1 17   2 19   3  4   5  9   6 13   7 18  10 16  11 15  12 14 "
 "   0  9   1 16   2  5   3 18   4  8   6 19   7 12  10 14  11 17  13 15 "
 "   0 10   1 19   2  9   3  5   4 15   6 12   7 11   8 18  13 17  14 16 "
 "   0 11   1 18   2  4   3  8   5 14   6 10   7 13   9 19  12 16  15 17 "
 "   0 12   1 11   2 17   3 15   4  6   5 13   7  8   9 14  10 18  16 19 "
 "   0 13   1 10   2 14   3 16   4 12   5  7   6  9   8 15  11 19  17 18 "
 "   0 14   1 13   2 18   3 10   4 19   5 12   6 15   7 17   8 11   9 16 "
 "   0 15   1 12   2 11   3 19   4 13   5 18   6 16   7 14   8 17   9 10 "
 "   0 16   1  7   2 15   3 12   4 18   5 11   6 14   8 19   9 13  10 17 "
 "   0 17   1  6   2 13   3 14   4 10   5 19   7 15   8 12   9 18  11 16 "
 "   0 18   1  3   2  6   4 14   5 17   7  9   8 16  10 19  11 13  12 15 "
 "   0 19   1  2   3  7   4 16   5 15   6  8   9 17  10 12  11 18  13 14 "

#126 |Aut| = 6
 "   0  1   2  3   4  5   6  7   8  9  10 11  12 13  14 15  16 17  18 19 "
 "   0  2   1  4   3  6   5  8   7 10   9 12  11 14  13 16  15 18  17 19 "
 "   0  3   1  5   2  7   4  9   6 11   8 13  10 15  12 17  14 19  16 18 "
 "   0  4   1  8   2 12   3 17   5  7   6 14   9 19  10 13  11 18  15 16 "
 "   0  5   1  9   2 16   3 13   4  6   7 15   8 18  10 19  11 12  14 17 "
 "   0  6   1 10   2 11   3 15   4 17   5 12   7  8   9 18  13 14  16 19 "
 "   0  7   1 11   2 14   3 10   4 13   5 16   6  9   8 19  12 15  17 18 "
 "   0  8   1 18   2  9   3  4   5 13   6 19   7 17  10 12  11 15  14 16 "
 "   0  9   1 19   2  5   3  8   4 12   6 16   7 18  10 14  11 13  15 17 "
 "   0 10   1  2   3  5   4 19   6 15   7 12   8 16   9 11  13 17  14 18 "
 "   0 11   1  3   2  4   5 18   6 13   7 14   8 10   9 17  12 16  15 19 "
 "   0 12   1 16   2 10   3  7   4 18   5 15   6 17   8 11   9 14  13 19 "
 "   0 13   1 17   2  6   3 11   4 14   5 19   7 16   8 15   9 10  12 18 "
 "   0 14   1 12   2 17   3 18   4 15   5 11   6  8   7 19   9 13  10 16 "
 "   0 15   1 13   2 19   3 16   4 10   5 14   6 18   7  9   8 12  11 17 "
 "   0 16   1 15   2  8   3 14   4  7   5  9   6 12  10 17  11 19  13 18 "
 "   0 17   1 14   2 15   3  9   4  8   5  6   7 13  10 18  11 16  12 19 "
 "   0 18   1  6   2 13   3 19   4 16   5 10   7 11   8 17   9 15  12 14 "
 "   0 19   1  7   2 18   3 12   4 11   5 17   6 10   8 14   9 16  13 15 "

#127 |Aut| = 6
 "   0  1   2  3   4  5   6  7   8  9  10 11  12 13  14 15  16 17  18 19 "
 "   0  2   1  4   3  6   5  8   7 10   9 12  11 14  13 16  15 18  17 19 "
 "   0  3   1  5   2  7   4  9   6 11   8 13  10 15  12 17  14 19  16 18 "
 "   0  4   1  8   2 12   3 18   5 14   6 19   7 11   9 17  10 16  13 15 "
 "   0  5   1  9   2 19   3 13   4 15   6 10   7 18   8 16  11 17  12 14 "
 "   0  6   1 16   2 13   3 14   4  7   5 19   8 15   9 11  10 17  12 18 "
 "   0  7   1 17   2 15   3 12   4 18   5  6   8 10   9 14  11 16  13 19 "
 "   0  8   1 19   2  4   3 17   5 13   6  9   7 15  10 12  11 18  14 16 "
 "   0  9   1 18   2 16   3  5   4 12   6 14   7  8  10 19  11 13  15 17 "
 "   0 10   1 12   2 14   3 16   4  6   5 11   7  9   8 18  13 17  15 19 "
 "   0 11   1 13   2 17   3 15   4 10   5  7   6  8   9 19  12 16  14 18 "
 "   0 12   1  6   2  5   3 10   4  8   7 16   9 15  11 19  13 14  17 18 "
 "   0 13   1  7   2 11   3  4   5  9   6 17   8 14  10 18  12 15  16 19 "
 "   0 14   1 11   2 18   3  7   4 13   5 16   6 15   8 17   9 10  12 19 "
 "   0 15   1 10   2  6   3 19   4 17   5 12   7 14   8 11   9 16  13 18 "
 "   0 16   1  3   2  8   4 11   5 15   6 12   7 19   9 18  10 13  14 17 "
 "   0 17   1  2   3  9   4 14   5 10   6 18   7 13   8 19  11 12  15 16 "
 "   0 18   1 14   2 10   3  8   4 19   5 17   6 16   7 12   9 13  11 15 "
 "   0 19   1 15   2  9   3 11   4 16   5 18   6 13   7 17   8 12  10 14 "

#128 |Aut| = 18
 "   0  1   2  3   4  5   6  7   8  9  10 11  12 13  14 15  16 17  18 19 "
 "   0  2   1  4   3  6   5  8   7 10   9 12  11 14  13 16  15 18  17 19 "
 "   0  3   1  5   2  7   4  9   6 11   8 13  10 15  12 17  14 19  16 18 "
 "   0  4   1  8   2 13   3 16   5 12   6 17   7 19   9 14  10 18  11 15 "
 "   0  5   1  9   2 17   3 12   4 13   6 18   7 16   8 15  10 14  11 19 "
 "   0  6   1 12   2  9   3 19   4  8   5 16   7 15  10 17  11 13  14 18 "
 "   0  7   1 13   2 18   3  8   4 17   5  9   6 14  10 12  11 16  15 19 "
 "   0  8   1 14   2  6   3 17   4 10   5 18   7 13   9 11  12 19  15 16 "
 "   0  9   1 15   2 16   3  7   4 19   5 11   6 12   8 10  13 18  14 17 "
 "   0 10   1  2   3  4   5  6   7 14   8 12   9 16  11 18  13 19  15 17 "
 "   0 11   1  3   2  5   4  7   6 15   8 17   9 13  10 19  12 18  14 16 "
 "   0 12   1 11   2 19   3 10   4 15   5  7   6 16   8 14   9 18  13 17 "
 "   0 13   1 10   2 11   3 18   4  6   5 14   7 17   8 19   9 15  12 16 "
 "   0 14   1 16   2  8   3 15   4 12   5 19   6  9   7 11  10 13  17 18 "
 "   0 15   1 17   2 14   3  9   4 18   5 13   6 10   7  8  11 12  16 19 "
 "   0 16   1 18   2 10   3 13   4 14   5 17   6 19   7  9   8 11  12 15 "
 "   0 17   1 19   2 12   3 11   4 16   5 15   6  8   7 18   9 10  13 14 "
 "   0 18   1  6   2  4   3 14   5 10   7 12   8 16   9 19  11 17  13 15 "
 "   0 19   1  7   2 15   3  5   4 11   6 13   8 18   9 17  10 16  12 14 "

#129 |Aut| = 6
 "   0  1   2  3   4  5   6  7   8  9  10 11  12 13  14 15  16 17  18 19 "
 "   0  2   1  4   3  6   5  8   7 10   9 12  11 14  13 16  15 18  17 19 "
 "   0  3   1  5   2  7   4  9   6 11   8 13  10 15  12 17  14 19  16 18 "
 "   0  4   1  8   2 13   3 18   5 11   6 17   7 15   9 19  10 16  12 14 "
 "   0  5   1  9   2 19   3 12   4 10   6 14   7 16   8 18  11 17  13 15 "
 "   0  6   1 11   2 17   3  9   4  8   5 19   7 14  10 13  12 18  15 16 "
 "   0  7   1 10   2  8   3 16   4 18   5  9   6 15  11 12  13 19  14 17 "
 "   0  8   1 15   2  9   3 11   4 12   5  6   7 19  10 18  13 17  14 16 "
 "   0  9   1 14   2 10   3  8   4  7   5 13   6 18  11 19  12 16  15 17 "
 "   0 10   1 12   2 14   3 19   4 17   5 15   6  8   7 18   9 13  11 16 "
 "   0 11   1 13   2 18   3 15   4 14   5 16   6 19   7  9   8 12  10 17 "
 "   0 12   1  2   3  4   5 18   6 16   7 13   8 17   9 14  10 19  11 15 "
 "   0 13   1  3   2  5   4 19   6 12   7 17   8 15   9 16  10 14  11 18 "
 "   0 14   1 17   2 15   3  5   4  6   7 12   8 10   9 18  11 13  16 19 "
 "   0 15   1 16   2  4   3 14   5  7   6 13   8 19   9 11  10 12  17 18 "
 "   0 16   1 18   2  6   3 10   4 11   5 17   7  8   9 15  12 19  13 14 "
 "   0 17   1 19   2 11   3  7   4 16   5 10   6  9   8 14  12 15  13 18 "
 "   0 18   1  6   2 12   3 17   4 13   5 14   7 11   8 16   9 10  15 19 "
 "   0 19   1  7   2 16   3 13   4 15   5 12   6 10   8 11   9 17  14 18 "

#130 |Aut| = 6
 "   0  1   2  3   4  5   6  7   8  9  10 11  12 13  14 15  16 17  18 19 "
 "   0  2   1  4   3  6   5  8   7 10   9 12  11 14  13 16  15 18  17 19 "
 "   0  3   1  5   2  7   4  9   6 11   8 13  10 15  12 17  14 19  16 18 "
 "   0  4   1  8   2 14   3 18   5 15   6 10   7 12   9 17  11 16  13 19 "
 "   0  5   1  9   2 19   3 15   4 14   6 13   7 11   8 16  10 17  12 18 "
 "   0  6   1 19   2 15   3  4   5  9   7 17   8 11  10 13  12 16  14 18 "
 "   0  7   1 18   2  5   3 14   4  8   6 16   9 10  11 12  13 17  15 19 "
 "   0  8   1 16   2 11   3  7   4 15   5 13   6 19   9 18  10 12  14 17 "
 "   0  9   1 17   2  6   3 10   4 12   5 14   7 18   8 19  11 13  15 16 "
 "   0 10   1  7   2 18   3 13   4 17   5 11   6  8   9 15  12 14  16 19 "
 "   0 11   1  6   2 12   3 19   4 10   5 16   7  9   8 14  13 15  17 18 "
 "   0 12   1  2   3  5   4 18   6 14   7 16   8 15   9 13  10 19  11 17 "
 "   0 13   1  3   2  4   5 19   6 17   7 15   8 12   9 14  10 16  11 18 "
 "   0 14   1 13   2 16   3 12   4  6   5 17   7  8   9 19  10 18  11 15 "
 "   0 15   1 12   2 13   3 17   4 16   5  7   6  9   8 18  10 14  11 19 "
 "   0 16   1 14   2 17   3  8   4 19   5 10   6 18   7 13   9 11  12 15 "
 "   0 17   1 15   2  9   3 16   4 11   5 18   6 12   7 19   8 10  13 14 "
 "   0 18   1 10   2  8   3 11   4 13   5  6   7 14   9 16  12 19  15 17 "
 "   0 19   1 11   2 10   3  9   4  7   5 12   6 15   8 17  13 18  14 16 "

#131 |Aut| = 6
 "   0  1   2  3   4  5   6  7   8  9  10 11  12 13  14 15  16 17  18 19 "
 "   0  2   1  4   3  6   5  8   7 10   9 12  11 14  13 16  15 18  17 19 "
 "   0  3   1  5   2  7   4  9   6 11   8 13  10 15  12 17  14 19  16 18 "
 "   0  4   1  8   2 16   3  7   5 14   6 13   9 19  10 17  11 15  12 18 "
 "   0  5   1  9   2  6   3 17   4 15   7 12   8 18  10 14  11 16  13 19 "
 "   0  6   1 19   2 17   3 18   4 12   5  7   8 14   9 10  11 13  15 16 "
 "   0  7   1 18   2 19   3 16   4  6   5 13   8 11   9 15  10 12  14 17 "
 "   0  8   1  7   2 10   3  5   4 13   6 18   9 14  11 17  12 15  16 19 "
 "   0  9   1  6   2  4   3 11   5 12   7 19   8 15  10 16  13 14  17 18 "
 "   0 10   1 13   2 18   3 12   4  8   5  6   7 11   9 17  14 16  15 19 "
 "   0 11   1 12   2 13   3 19   4  7   5  9   6 10   8 16  14 18  15 17 "
 "   0 12   1 17   2  5   3  8   4 11   6 14   7 18   9 16  10 19  13 15 "
 "   0 13   1 16   2  9   3  4   5 10   6 19   7 15   8 17  11 18  12 14 "
 "   0 14   1  2   3  9   4 18   5 11   6 15   7 16   8 10  12 19  13 17 "
 "   0 15   1  3   2  8   4 10   5 19   6 17   7 14   9 11  12 16  13 18 "
 "   0 16   1 10   2 12   3 15   4 14   5 17   6  8   7 13   9 18  11 19 "
 "   0 17   1 11   2 14   3 13   4 16   5 15   6 12   7  9   8 19  10 18 "
 "   0 18   1 15   2 11   3 14   4 19   5 16   6  9   7 17   8 12  10 13 "
 "   0 19   1 14   2 15   3 10   4 17   5 18   6 16   7  8   9 13  11 12 "

#132 |Aut| = 6
 "   0  1   2  3   4  5   6  7   8  9  10 11  12 13  14 15  16 17  18 19 "
 "   0  2   1  4   3  6   5  8   7 10   9 12  11 14  13 16  15 18  17 19 "
 "   0  3   1  5   2  7   4  9   6 11   8 13  10 15  12 17  14 19  16 18 "
 "   0  4   1  8   2 16   3 10   5 12   6 14   7  9  11 18  13 19  15 17 "
 "   0  5   1  9   2 11   3 17   4 13   6  8   7 15  10 19  12 18  14 16 "
 "   0  6   1 16   2  5   3 13   4 15   7 14   8 10   9 19  11 12  17 18 "
 "   0  7   1 17   2 12   3  4   5 14   6 15   8 18   9 11  10 13  16 19 "
 "   0  8   1  7   2 19   3  9   4 17   5 18   6 13  10 16  11 15  12 14 "
 "   0  9   1  6   2  8   3 18   4 19   5 16   7 12  10 14  11 17  13 15 "
 "   0 10   1 13   2  6   3 12   4 14   5  7   8 17   9 18  11 19  15 16 "
 "   0 11   1 12   2 13   3  7   4  6   5 15   8 19   9 16  10 18  14 17 "
 "   0 12   1  2   3 19   4 11   5 17   6 16   7 18   8 15   9 10  13 14 "
 "   0 13   1  3   2 18   4 16   5 10   6 19   7 17   8 11   9 14  12 15 "
 "   0 14   1 10   2 15   3 16   4 18   5  9   6 17   7  8  11 13  12 19 "
 "   0 15   1 11   2 17   3 14   4  8   5 19   6  9   7 16  10 12  13 18 "
 "   0 16   1 18   2 14   3 11   4  7   5 13   6 10   8 12   9 17  15 19 "
 "   0 17   1 19   2 10   3 15   4 12   5  6   7 11   8 16   9 13  14 18 "
 "   0 18   1 15   2  9   3  5   4 10   6 12   7 19   8 14  11 16  13 17 "
 "   0 19   1 14   2  4   3  8   5 11   6 18   7 13   9 15  10 17  12 16 "

#133 |Aut| = 6
 "   0  1   2  3   4  5   6  7   8  9  10 11  12 13  14 15  16 17  18 19 "
 "   0  2   1  4   3  6   5  8   7 10   9 12  11 14  13 16  15 18  17 19 "
 "   0  3   1  5   2  7   4  9   6 11   8 13  10 15  12 17  14 19  16 18 "
 "   0  4   1  8   2 16   3 11   5 10   6 18   7 14   9 15  12 19  13 17 "
 "   0  5   1  9   2 10   3 17   4 11   6 15   7 19   8 14  12 16  13 18 "
 "   0  6   1 13   2  4   3 14   5  9   7 18   8 19  10 17  11 12  15 16 "
 "   0  7   1 12   2 15   3  5   4  8   6 19   9 18  10 13  11 16  14 17 "
 "   0  8   1  7   2 13   3  4   5 15   6 12   9 17  10 14  11 18  16 19 "
 "   0  9   1  6   2  5   3 12   4 14   7 13   8 16  10 19  11 15  17 18 "
 "   0 10   1 18   2  6   3  9   4 16   5  7   8 15  11 17  12 14  13 19 "
 "   0 11   1 19   2  8   3  7   4  6   5 17   9 14  10 16  12 18  13 15 "
 "   0 12   1 16   2 17   3  8   4 15   5 13   6 10   7  9  11 19  14 18 "
 "   0 13   1 17   2  9   3 16   4 12   5 14   6  8   7 11  10 18  15 19 "
 "   0 14   1 10   2 12   3 18   4 13   5 16   6 17   7 15   8 11   9 19 "
 "   0 15   1 11   2 19   3 13   4 17   5 12   6 14   7 16   8 18   9 10 "
 "   0 16   1  2   3 19   4 18   5 11   6  9   7 12   8 10  13 14  15 17 "
 "   0 17   1  3   2 18   4 10   5 19   6 13   7  8   9 11  12 15  14 16 "
 "   0 18   1 15   2 14   3 10   4 19   5  6   7 17   8 12   9 16  11 13 "
 "   0 19   1 14   2 11   3 15   4  7   5 18   6 16   8 17   9 13  10 12 "

#134 |Aut| = 6
 "   0  1   2  3   4  5   6  7   8  9  10 11  12 13  14 15  16 17  18 19 "
 "   0  2   1  4   3  6   5  8   7 10   9 12  11 14  13 16  15 18  17 19 "
 "   0  3   1  5   2  7   4  9   6 11   8 13  10 15  12 17  14 19  16 18 "
 "   0  4   1  8   2 17   3 13   5  6   7 16   9 15  10 14  11 18  12 19 "
 "   0  5   1  9   2 12   3 16   4  7   6 17   8 14  10 19  11 15  13 18 "
 "   0  6   1 13   2  5   3 10   4 12   7 14   8 15   9 19  11 16  17 18 "
 "   0  7   1 12   2 11   3  4   5 13   6 15   8 18   9 14  10 17  16 19 "
 "   0  8   1 10   2 16   3 18   4 15   5 19   6 13   7  9  11 17  12 14 "
 "   0  9   1 11   2 19   3 17   4 18   5 14   6  8   7 12  10 16  13 15 "
 "   0 10   1 15   2 13   3  7   4 11   5 18   6 19   8 12   9 17  14 16 "
 "   0 11   1 14   2  6   3 12   4 19   5 10   7 18   8 16   9 13  15 17 "
 "   0 12   1  3   2  8   4 17   5  7   6 10   9 18  11 19  13 14  15 16 "
 "   0 13   1  2   3  9   4  6   5 16   7 11   8 19  10 18  12 15  14 17 "
 "   0 14   1 17   2 18   3  8   4 13   5 15   6 16   7 19   9 10  11 12 "
 "   0 15   1 16   2  9   3 19   4 14   5 12   6 18   7 17   8 11  10 13 "
 "   0 16   1 18   2 14   3 11   4  8   5 17   6  9   7 15  10 12  13 19 "
 "   0 17   1 19   2 10   3 15   4 16   5  9   6 14   7  8  11 13  12 18 "
 "   0 18   1  7   2  4   3 14   5 11   6 12   8 10   9 16  13 17  15 19 "
 "   0 19   1  6   2 15   3  5   4 10   7 13   8 17   9 11  12 16  14 18 "

#135 |Aut| = 6
 "   0  1   2  3   4  5   6  7   8  9  10 11  12 13  14 15  16 17  18 19 "
 "   0  2   1  4   3  6   5  8   7 10   9 12  11 14  13 16  15 18  17 19 "
 "   0  3   1  5   2  7   4  9   6 11   8 13  10 15  12 17  14 19  16 18 "
 "   0  4   1  8   2 18   3 13   5 11   6 17   7 12   9 15  10 19  14 16 "
 "   0  5   1  9   2 12   3 19   4 10   6 13   7 16   8 14  11 18  15 17 "
 "   0  6   1 19   2  5   3 18   4 16   7 15   8 17   9 10  11 12  13 14 "
 "   0  7   1 18   2 19   3  4   5 17   6 14   8 11   9 16  10 13  12 15 "
 "   0  8   1 14   2  6   3  9   4 17   5 10   7 13  11 15  12 18  16 19 "
 "   0  9   1 15   2  8   3  7   4 11   5 16   6 12  10 14  13 19  17 18 "
 "   0 10   1  7   2 13   3 14   4  8   5 12   6 18   9 19  11 17  15 16 "
 "   0 11   1  6   2 15   3 12   4 13   5  9   7 19   8 18  10 16  14 17 "
 "   0 12   1 10   2 11   3 16   4 14   5 19   6  8   7 17   9 18  13 15 "
 "   0 13   1 11   2 17   3 10   4 18   5 15   6 16   7  9   8 19  12 14 "
 "   0 14   1 17   2 10   3  5   4 15   6 19   7  8   9 11  12 16  13 18 "
 "   0 15   1 16   2  4   3 11   5 14   6  9   7 18   8 10  12 19  13 17 "
 "   0 16   1 13   2  9   3 17   4 19   5  6   7 11   8 15  10 12  14 18 "
 "   0 17   1 12   2 16   3  8   4  7   5 18   6 10   9 14  11 13  15 19 "
 "   0 18   1  3   2 14   4 12   5  7   6 15   8 16   9 13  10 17  11 19 "
 "   0 19   1  2   3 15   4  6   5 13   7 14   8 12   9 17  10 18  11 16 "

#136 |Aut| = 6
 "   0  1   2  3   4  5   6  7   8  9  10 11  12 13  14 15  16 17  18 19 "
 "   0  2   1  4   3  6   5  8   7 10   9 12  11 14  13 16  15 18  17 19 "
 "   0  3   1  5   2  7   4  9   6 11   8 13  10 15  12 17  14 19  16 18 "
 "   0  4   1  8   2 18   3 14   5  7   6 17   9 15  10 13  11 16  12 19 "
 "   0  5   1  9   2 15   3 19   4  6   7 16   8 14  10 17  11 12  13 18 "
 "   0  6   1  3   2 11   4 18   5 12   7 13   8 15   9 17  10 14  16 19 "
 "   0  7   1  2   3 10   4 13   5 19   6 12   8 16   9 14  11 15  17 18 "
 "   0  8   1 10   2 13   3 17   4 16   5  9   6 18   7 14  11 19  12 15 "
 "   0  9   1 11   2 16   3 12   4  8   5 17   6 15   7 19  10 18  13 14 "
 "   0 10   1 16   2  6   3 13   4 12   5 14   7 18   8 19   9 11  15 17 "
 "   0 11   1 17   2 12   3  7   4 15   5 13   6 19   8 10   9 18  14 16 "
 "   0 12   1  6   2  5   3 16   4 14   7  9   8 18  10 19  11 17  13 15 "
 "   0 13   1  7   2 17   3  4   5 15   6  8   9 19  10 16  11 18  12 14 "
 "   0 14   1 18   2 19   3  8   4  7   5 11   6  9  10 12  13 17  15 16 "
 "   0 15   1 19   2  9   3 18   4 10   5  6   7  8  11 13  12 16  14 17 "
 "   0 16   1 15   2 10   3  5   4 19   6 14   7 11   8 17   9 13  12 18 "
 "   0 17   1 14   2  4   3 11   5 18   6 10   7 15   8 12   9 16  13 19 "
 "   0 18   1 13   2 14   3  9   4 17   5 10   6 16   7 12   8 11  15 19 "
 "   0 19   1 12   2  8   3 15   4 11   5 16   6 13   7 17   9 10  14 18 "

#137 |Aut| = 6
 "   0  1   2  3   4  5   6  7   8  9  10 11  12 13  14 15  16 17  18 19 "
 "   0  2   1  4   3  6   5  8   7 10   9 12  11 14  13 16  15 18  17 19 "
 "   0  3   1  5   2  7   4  9   6 11   8 13  10 15  12 17  14 19  16 18 "
 "   0  4   1  8   2 19   3 17   5  7   6 13   9 11  10 18  12 15  14 16 "
 "   0  5   1  9   2 16   3 18   4  6   7 12   8 10  11 19  13 14  15 17 "
 "   0  6   1 12   2 15   3 13   4 18   5 16   7  8   9 19  10 14  11 17 "
 "   0  7   1 13   2 12   3 14   4 17   5 19   6  9   8 18  10 16  11 15 "
 "   0  8   1 15   2 17   3  9   4 19   5  6   7 14  10 13  11 18  12 16 "
 "   0  9   1 14   2  8   3 16   4  7   5 18   6 15  10 19  11 12  13 17 "
 "   0 10   1 16   2 11   3  7   4 15   5  9   6 12   8 17  13 19  14 18 "
 "   0 11   1 17   2  6   3 10   4  8   5 14   7 13   9 16  12 18  15 19 "
 "   0 12   1  3   2 18   4 10   5 15   6 17   7 11   8 14   9 13  16 19 "
 "   0 13   1  2   3 19   4 14   5 11   6 10   7 16   8 12   9 15  17 18 "
 "   0 14   1  6   2  5   3 15   4 12   7 17   8 19   9 10  11 16  13 18 "
 "   0 15   1  7   2 14   3  4   5 13   6 16   8 11   9 18  10 17  12 19 "
 "   0 16   1 18   2  4   3  8   5 10   6 19   7 15   9 17  11 13  12 14 "
 "   0 17   1 19   2  9   3  5   4 11   6 14   7 18   8 16  10 12  13 15 "
 "   0 18   1 11   2 10   3 12   4 13   5 17   6  8   7 19   9 14  15 16 "
 "   0 19   1 10   2 13   3 11   4 16   5 12   6 18   7  9   8 15  14 17 "

#138 |Aut| = 6
 "   0  1   2  3   4  5   6  7   8  9  10 11  12 13  14 15  16 17  18 19 "
 "   0  2   1  4   3  6   5  8   7 10   9 12  11 14  13 16  15 18  17 19 "
 "   0  3   1  5   2  7   4  9   6 11   8 13  10 15  12 17  14 19  16 18 "
 "   0  4   1  9   2 11   3 17   5 19   6 10   7 18   8 14  12 16  13 15 "
 "   0  5   1  8   2 16   3 10   4 18   6 19   7 11   9 15  12 14  13 17 "
 "   0  6   1 15   2 14   3 16   4  7   5 18   8 12   9 11  10 17  13 19 "
 "   0  7   1 14   2 17   3 15   4 19   5  6   8 10   9 13  11 16  12 18 "
 "   0  8   1  6   2 12   3  5   4 11   7 14   9 19  10 16  13 18  15 17 "
 "   0  9   1  7   2  4   3 13   5 10   6 15   8 18  11 17  12 19  14 16 "
 "   0 10   1 13   2  5   3  8   4 12   6 14   7 17   9 18  11 15  16 19 "
 "   0 11   1 12   2  9   3  4   5 13   6 16   7 15   8 19  10 14  17 18 "
 "   0 12   1 17   2 13   3 18   4 14   5 11   6  9   7 16   8 15  10 19 "
 "   0 13   1 16   2 19   3 12   4 10   5 15   6 17   7  8   9 14  11 18 "
 "   0 14   1 19   2 18   3 11   4 15   5 16   6 12   7  9   8 17  10 13 "
 "   0 15   1 18   2 10   3 19   4 17   5 14   6  8   7 13   9 16  11 12 "
 "   0 16   1 10   2 15   3  7   4  8   5 12   6 13   9 17  11 19  14 18 "
 "   0 17   1 11   2  6   3 14   4 13   5  9   7 12   8 16  10 18  15 19 "
 "   0 18   1  2   3  9   4  6   5 17   7 19   8 11  10 12  13 14  15 16 "
 "   0 19   1  3   2  8   4 16   5  7   6 18   9 10  11 13  12 15  14 17 "

#139 |Aut| = 6
 "   0  1   2  3   4  5   6  7   8  9  10 11  12 13  14 15  16 17  18 19 "
 "   0  2   1  4   3  6   5  8   7 10   9 12  11 14  13 16  15 18  17 19 "
 "   0  3   1  5   2  7   4  9   6 11   8 13  10 15  12 17  14 19  16 18 "
 "   0  4   1  9   2 13   3 16   5 19   6 10   7 18   8 15  11 12  14 17 "
 "   0  5   1  8   2 17   3 12   4 18   6 19   7 11   9 14  10 13  15 16 "
 "   0  6   1 13   2 19   3 14   4 11   5 12   7  8   9 15  10 16  17 18 "
 "   0  7   1 12   2 15   3 18   4 13   5 10   6  9   8 14  11 17  16 19 "
 "   0  8   1 11   2  9   3 17   4 19   5 14   6 16   7 15  10 12  13 18 "
 "   0  9   1 10   2 16   3  8   4 15   5 18   6 14   7 17  11 13  12 19 "
 "   0 10   1 15   2  8   3 13   4 17   5 11   6 12   7 16   9 19  14 18 "
 "   0 11   1 14   2 12   3  9   4 10   5 16   6 17   7 13   8 18  15 19 "
 "   0 12   1  2   3 19   4  7   5 15   6  8   9 18  10 14  11 16  13 17 "
 "   0 13   1  3   2 18   4 14   5  6   7  9   8 19  10 17  11 15  12 16 "
 "   0 14   1 18   2  6   3 10   4 16   5 13   7 19   8 17   9 11  12 15 "
 "   0 15   1 19   2 11   3  7   4 12   5 17   6 18   8 10   9 16  13 14 "
 "   0 16   1  7   2 14   3  5   4  8   6 13   9 10  11 19  12 18  15 17 "
 "   0 17   1  6   2  4   3 15   5  9   7 12   8 11  10 18  13 19  14 16 "
 "   0 18   1 16   2  5   3 11   4  6   7 14   8 12   9 17  10 19  13 15 "
 "   0 19   1 17   2 10   3  4   5  7   6 15   8 16   9 13  11 18  12 14 "

#140 |Aut| = 6
 "   0  1   2  3   4  5   6  7   8  9  10 11  12 13  14 15  16 17  18 19 "
 "   0  2   1  4   3  6   5  8   7 10   9 12  11 14  13 16  15 18  17 19 "
 "   0  3   1  5   2  7   4  9   6 11   8 13  10 15  12 17  14 19  16 18 "
 "   0  4   1  9   2 15   3 13   5 14   6 10   7 19   8 18  11 17  12 16 "
 "   0  5   1  8   2 12   3 14   4 15   6 18   7 11   9 19  10 16  13 17 "
 "   0  6   1 12   2  9   3 18   4  8   5  7  10 14  11 13  15 17  16 19 "
 "   0  7   1 13   2 19   3  8   4  6   5  9  10 12  11 15  14 16  17 18 "
 "   0  8   1  6   2 18   3 12   4 11   5 16   7 13   9 15  10 19  14 17 "
 "   0  9   1  7   2 13   3 19   4 17   5 10   6 12   8 14  11 18  15 16 "
 "   0 10   1 19   2  4   3 11   5 12   6 17   7 15   8 16   9 18  13 14 "
 "   0 11   1 18   2 10   3  5   4 13   6 14   7 16   8 19   9 17  12 15 "
 "   0 12   1 14   2  8   3 15   4 18   5 13   6 19   7 17   9 10  11 16 "
 "   0 13   1 15   2 14   3  9   4 12   5 19   6 16   7 18   8 11  10 17 "
 "   0 14   1  2   3 17   4 16   5 18   6 15   7 12   8 10   9 13  11 19 "
 "   0 15   1  3   2 16   4 19   5 17   6 13   7 14   8 12   9 11  10 18 "
 "   0 16   1 11   2  6   3  4   5 15   7  9   8 17  10 13  12 19  14 18 "
 "   0 17   1 10   2  5   3  7   4 14   6  8   9 16  11 12  13 18  15 19 "
 "   0 18   1 16   2 17   3 10   4  7   5 11   6  9   8 15  12 14  13 19 "
 "   0 19   1 17   2 11   3 16   4 10   5  6   7  8   9 14  12 18  13 15 "

#141 |Aut| = 6
 "   0  1   2  3   4  5   6  7   8  9  10 11  12 13  14 15  16 17  18 19 "
 "   0  2   1  4   3  6   5  8   7 10   9 12  11 14  13 16  15 18  17 19 "
 "   0  3   1  5   2  7   4  9   6 11   8 13  10 15  12 17  14 19  16 18 "
 "   0  4   1  9   2 15   3 18   5 14   6 13   7 11   8 17  10 16  12 19 "
 "   0  5   1  8   2 19   3 14   4 15   6 10   7 12   9 16  11 17  13 18 "
 "   0  6   1 12   2 10   3 16   4 14   5 11   7 19   8 18   9 17  13 15 "
 "   0  7   1 13   2 17   3 11   4 10   5 15   6 18   8 16   9 19  12 14 "
 "   0  8   1  6   2 14   3 12   4 11   5 19   7 13   9 10  15 16  17 18 "
 "   0  9   1  7   2 13   3 15   4 18   5 10   6 12   8 11  14 17  16 19 "
 "   0 10   1  3   2 18   4  8   5  7   6 19   9 14  11 16  12 15  13 17 "
 "   0 11   1  2   3 19   4  6   5  9   7 18   8 15  10 17  12 16  13 14 "
 "   0 12   1 11   2  8   3 10   4  7   5 13   6 17   9 18  14 16  15 19 "
 "   0 13   1 10   2 11   3  9   4 12   5  6   7 16   8 19  14 18  15 17 "
 "   0 14   1 16   2  4   3  7   5 17   6  9   8 12  10 18  11 15  13 19 "
 "   0 15   1 17   2  6   3  5   4 16   7  8   9 13  10 14  11 19  12 18 "
 "   0 16   1 19   2  9   3  4   5 12   6 15   7 17   8 14  10 13  11 18 "
 "   0 17   1 18   2  5   3  8   4 13   6 16   7 14   9 15  10 19  11 12 "
 "   0 18   1 15   2 12   3 17   4 19   5 16   6 14   7  9   8 10  11 13 "
 "   0 19   1 14   2 16   3 13   4 17   5 18   6  8   7 15   9 11  10 12 "

#142 |Aut| = 6
 "   0  1   2  3   4  5   6  7   8  9  10 11  12 13  14 15  16 17  18 19 "
 "   0  2   1  4   3  6   5  8   7 10   9 12  11 14  13 16  15 18  17 19 "
 "   0  3   1  5   2  7   4  9   6 11   8 13  10 15  12 17  14 19  16 18 "
 "   0  4   1  9   2 15   3 19   5 12   6 16   7 18   8 14  10 17  11 13 "
 "   0  5   1  8   2 18   3 14   4 13   6 19   7 17   9 15  10 12  11 16 "
 "   0  6   1 13   2  5   3  7   4 15   8 16   9 18  10 14  11 17  12 19 "
 "   0  7   1 12   2  6   3  4   5 14   8 19   9 17  10 16  11 15  13 18 "
 "   0  8   1  7   2 12   3 15   4 18   5 10   6 13   9 11  14 17  16 19 "
 "   0  9   1  6   2 14   3 13   4 11   5 19   7 12   8 10  15 16  17 18 "
 "   0 10   1  2   3 16   4 19   5 15   6 18   7  9   8 11  12 14  13 17 "
 "   0 11   1  3   2 17   4 14   5 18   6  8   7 19   9 10  12 16  13 15 "
 "   0 12   1 11   2 10   3  9   4  7   5 13   6 17   8 18  14 16  15 19 "
 "   0 13   1 10   2  8   3 11   4 12   5  6   7 16   9 19  14 18  15 17 "
 "   0 14   1 18   2 16   3  8   4 10   5 17   6  9   7 13  11 19  12 15 "
 "   0 15   1 19   2  9   3 17   4 16   5 11   6 12   7  8  10 18  13 14 "
 "   0 16   1 15   2  4   3 12   5  9   6 10   7 14   8 17  11 18  13 19 "
 "   0 17   1 14   2 13   3  5   4  8   6 15   7 11   9 16  10 19  12 18 "
 "   0 18   1 16   2 19   3 10   4 17   5  7   6 14   8 15   9 13  11 12 "
 "   0 19   1 17   2 11   3 18   4  6   5 16   7 15   8 12   9 14  10 13 "

#143 |Aut| = 6
 "   0  1   2  3   4  5   6  7   8  9  10 11  12 13  14 15  16 17  18 19 "
 "   0  2   1  4   3  6   5  8   7 10   9 12  11 14  13 16  15 18  17 19 "
 "   0  3   1  5   2  7   4  9   6 11   8 13  10 15  12 17  14 19  16 18 "
 "   0  4   1  9   2 16   3 12   5 10   6 14   7 17   8 15  11 18  13 19 "
 "   0  5   1  8   2 13   3 17   4 11   6 16   7 15   9 14  10 19  12 18 "
 "   0  6   1 13   2 12   3 19   4  8   5 11   7  9  10 16  14 18  15 17 "
 "   0  7   1 12   2 18   3 13   4 10   5  9   6  8  11 17  14 16  15 19 "
 "   0  8   1 16   2 19   3 11   4 12   5  7   6 18   9 10  13 15  14 17 "
 "   0  9   1 17   2 10   3 18   4  6   5 13   7 19   8 11  12 14  15 16 "
 "   0 10   1  2   3 16   4 18   5  6   7 14   8 17   9 19  11 13  12 15 "
 "   0 11   1  3   2 17   4  7   5 19   6 15   8 18   9 16  10 12  13 14 "
 "   0 12   1 15   2 11   3 14   4 19   5 17   6 10   7 18   8 16   9 13 "
 "   0 13   1 14   2 15   3 10   4 16   5 18   6 19   7 11   8 12   9 17 "
 "   0 14   1 19   2  8   3  7   4 13   5 15   6 17   9 11  10 18  12 16 "
 "   0 15   1 18   2  6   3  9   4 14   5 12   7 16   8 10  11 19  13 17 "
 "   0 16   1  7   2  9   3  5   4 15   6 13   8 19  10 14  11 12  17 18 "
 "   0 17   1  6   2  4   3  8   5 14   7 12   9 18  10 13  11 15  16 19 "
 "   0 18   1 10   2  5   3 15   4 17   6  9   7 13   8 14  11 16  12 19 "
 "   0 19   1 11   2 14   3  4   5 16   6 12   7  8   9 15  10 17  13 18 "

#144 |Aut| = 6
 "   0  1   2  3   4  5   6  7   8  9  10 11  12 13  14 15  16 17  18 19 "
 "   0  2   1  4   3  6   5  8   7 10   9 12  11 14  13 16  15 18  17 19 "
 "   0  3   1  5   2  7   4  9   6 11   8 13  10 15  12 17  14 19  16 18 "
 "   0  4   1  9   2 17   3 13   5 15   6 12   7 18   8 11  10 19  14 16 "
 "   0  5   1  8   2 12   3 16   4 14   6 19   7 13   9 10  11 18  15 17 "
 "   0  6   1 16   2 11   3 17   4  7   5 12   8 19   9 15  10 14  13 18 "
 "   0  7   1 17   2 16   3 10   4 13   5  6   8 14   9 18  11 15  12 19 "
 "   0  8   1 18   2 13   3  9   4 17   5  7   6 10  11 19  12 14  15 16 "
 "   0  9   1 19   2  8   3 12   4  6   5 16   7 11  10 18  13 15  14 17 "
 "   0 10   1 15   2  6   3  8   4 11   5 18   7 19   9 17  12 16  13 14 "
 "   0 11   1 14   2  9   3  7   4 19   5 10   6 18   8 16  12 15  13 17 "
 "   0 12   1  3   2 18   4 15   5 19   6 17   7  8   9 14  10 13  11 16 "
 "   0 13   1  2   3 19   4 18   5 14   6  9   7 16   8 15  10 17  11 12 "
 "   0 14   1 13   2 19   3  4   5 17   6  8   7 15   9 11  10 16  12 18 "
 "   0 15   1 12   2  5   3 18   4 16   6 14   7  9   8 10  11 17  13 19 "
 "   0 16   1 11   2 10   3 14   4  8   5 13   6 15   7 12   9 19  17 18 "
 "   0 17   1 10   2 15   3 11   4 12   5  9   6 13   7 14   8 18  16 19 "
 "   0 18   1  6   2 14   3  5   4 10   7 17   8 12   9 16  11 13  15 19 "
 "   0 19   1  7   2  4   3 15   5 11   6 16   8 17   9 13  10 12  14 18 "

#145 |Aut| = 6
 "   0  1   2  3   4  5   6  7   8  9  10 11  12 13  14 15  16 17  18 19 "
 "   0  2   1  4   3  6   5  8   7 10   9 12  11 14  13 16  15 18  17 19 "
 "   0  3   1  5   2  7   4  9   6 11   8 13  10 15  12 17  14 19  16 18 "
 "   0  4   1  9   2 19   3 12   5  7   6 15   8 16  10 14  11 18  13 17 "
 "   0  5   1  8   2 13   3 18   4  6   7 14   9 17  10 19  11 15  12 16 "
 "   0  6   1 11   2 12   3 14   4  8   5 10   7 15   9 16  13 19  17 18 "
 "   0  7   1 10   2 15   3 13   4 11   5  9   6 14   8 17  12 18  16 19 "
 "   0  8   1 19   2 17   3  5   4 15   6 10   7  9  11 16  12 14  13 18 "
 "   0  9   1 18   2  4   3 16   5 14   6  8   7 11  10 17  12 19  13 15 "
 "   0 10   1 13   2  6   3  4   5 16   7 18   8 19   9 11  12 15  14 17 "
 "   0 11   1 12   2  5   3  7   4 17   6 19   8 10   9 18  13 14  15 16 "
 "   0 12   1 15   2 11   3 19   4 14   5 17   6 18   7  8   9 13  10 16 "
 "   0 13   1 14   2 18   3 10   4 16   5 15   6  9   7 19   8 12  11 17 "
 "   0 14   1  2   3 17   4 19   5 11   6 16   7 12   8 18   9 15  10 13 "
 "   0 15   1  3   2 16   4 10   5 18   6 13   7 17   8 14   9 19  11 12 "
 "   0 16   1  7   2 10   3  8   4 18   5 13   6 12   9 14  11 19  15 17 "
 "   0 17   1  6   2  9   3 11   4 12   5 19   7 13   8 15  10 18  14 16 "
 "   0 18   1 17   2 14   3  9   4 13   5  6   7 16   8 11  10 12  15 19 "
 "   0 19   1 16   2  8   3 15   4  7   5 12   6 17   9 10  11 13  14 18 "

#146 |Aut| = 6
 "   0  1   2  3   4  5   6  7   8  9  10 11  12 13  14 15  16 17  18 19 "
 "   0  2   1  4   3  6   5  8   7 10   9 12  11 14  13 16  15 18  17 19 "
 "   0  3   1  5   2  7   4  9   6 11   8 13  10 15  12 17  14 19  16 18 "
 "   0  4   1  9   2 19   3 15   5 12   6 10   7 17   8 11  13 18  14 16 "
 "   0  5   1  8   2 14   3 18   4 13   6 16   7 11   9 10  12 19  15 17 "
 "   0  6   1 10   2  5   3 14   4 18   7  9   8 12  11 17  13 15  16 19 "
 "   0  7   1 11   2 15   3  4   5 19   6  8   9 13  10 16  12 14  17 18 "
 "   0  8   1 16   2 11   3  7   4 12   5 15   6 19   9 18  10 13  14 17 "
 "   0  9   1 17   2  6   3 10   4 14   5 13   7 18   8 19  11 12  15 16 "
 "   0 10   1 19   2 16   3 11   4  7   5 18   6 13   8 14   9 17  12 15 "
 "   0 11   1 18   2 10   3 17   4 19   5  6   7 12   8 16   9 15  13 14 "
 "   0 12   1  2   3 19   4 10   5  9   6 14   7 16   8 15  11 18  13 17 "
 "   0 13   1  3   2 18   4  8   5 11   6 17   7 15   9 14  10 19  12 16 "
 "   0 14   1 12   2 17   3 13   4  6   5 16   7  8   9 19  10 18  11 15 "
 "   0 15   1 13   2 12   3 16   4 17   5  7   6  9   8 18  10 14  11 19 "
 "   0 16   1 15   2  9   3 12   4 11   5 17   6 18   7 14   8 10  13 19 "
 "   0 17   1 14   2 13   3  8   4 16   5 10   6 15   7 19   9 11  12 18 "
 "   0 18   1  6   2  4   3  9   5 14   7 13   8 17  10 12  11 16  15 19 "
 "   0 19   1  7   2  8   3  5   4 15   6 12   9 16  10 17  11 13  14 18 "

#147 |Aut| = 6
 "   0  1   2  3   4  5   6  7   8  9  10 11  12 13  14 15  16 17  18 19 "
 "   0  2   1  4   3  6   5  8   7 10   9 12  11 14  13 16  15 18  17 19 "
 "   0  3   1  5   2  7   4  9   6 11   8 13  10 15  12 17  14 19  16 18 "
 "   0  4   1  9   2 19   3 17   5  7   6 15   8 16  10 18  11 12  13 14 "
 "   0  5   1  8   2 16   3 18   4  6   7 14   9 17  10 13  11 19  12 15 "
 "   0  6   1 19   2 18   3  8   4 10   5 12   7 15   9 13  11 17  14 16 "
 "   0  7   1 18   2  9   3 19   4 13   5 11   6 14   8 12  10 16  15 17 "
 "   0  8   1 13   2 10   3 15   4  7   5 17   6  9  11 16  12 19  14 18 "
 "   0  9   1 12   2 14   3 11   4 16   5  6   7  8  10 17  13 18  15 19 "
 "   0 10   1 14   2  6   3 16   4 19   5 15   7  9   8 11  12 18  13 17 "
 "   0 11   1 15   2 17   3  7   4 14   5 18   6  8   9 10  12 16  13 19 "
 "   0 12   1 16   2 11   3  9   4  8   5 14   6 17   7 18  10 19  13 15 "
 "   0 13   1 17   2  8   3 10   4 15   5  9   6 19   7 16  11 18  12 14 "
 "   0 14   1  3   2 13   4 17   5 10   6 18   7 12   8 15   9 11  16 19 "
 "   0 15   1  2   3 12   4 11   5 16   6 13   7 19   8 10   9 14  17 18 "
 "   0 16   1  7   2 12   3  5   4 18   6 10   8 19   9 15  11 13  14 17 "
 "   0 17   1  6   2  4   3 13   5 19   7 11   8 14   9 18  10 12  15 16 "
 "   0 18   1 10   2  5   3 14   4 12   6 16   7 13   8 17   9 19  11 15 "
 "   0 19   1 11   2 15   3  4   5 13   6 12   7 17   8 18   9 16  10 14 "

#148 |Aut| = 6
 "   0  1   2  3   4  5   6  7   8  9  10 11  12 13  14 15  16 17  18 19 "
 "   0  2   1  4   3  6   5  8   7 10   9 12  11 14  13 16  15 18  17 19 "
 "   0  3   1  5   2  7   4  9   6 11   8 13  10 15  12 17  14 19  16 18 "
 "   0  4   1 10   2  6   3 13   5  7   8 18   9 11  12 15  14 17  16 19 "
 "   0  5   1 11   2 12   3  7   4  6   8 10   9 19  13 14  15 16  17 18 "
 "   0  6   1 16   2 19   3  5   4 11   7 12   8 15   9 13  10 17  14 18 "
 "   0  7   1 17   2  4   3 18   5 10   6 13   8 12   9 14  11 16  15 19 "
 "   0  8   1 12   2  9   3 10   4 16   5 19   6 14   7 13  11 18  15 17 "
 "   0  9   1 13   2 11   3  8   4 18   5 17   6 12   7 15  10 19  14 16 "
 "   0 10   1  3   2  8   4  7   5 14   6 16   9 18  11 17  12 19  13 15 "
 "   0 11   1  2   3  9   4 15   5  6   7 17   8 19  10 16  12 14  13 18 "
 "   0 12   1 19   2 17   3 14   4  8   5 15   6 18   7 16   9 10  11 13 "
 "   0 13   1 18   2 15   3 16   4 14   5  9   6 17   7 19   8 11  10 12 "
 "   0 14   1  7   2 18   3 17   4 12   5 11   6 10   8 16   9 15  13 19 "
 "   0 15   1  6   2 16   3 19   4 10   5 13   7 11   8 14   9 17  12 18 "
 "   0 16   1 14   2 10   3 12   4 13   5 18   6 19   7  9   8 17  11 15 "
 "   0 17   1 15   2 13   3 11   4 19   5 12   6  8   7 18   9 16  10 14 "
 "   0 18   1  8   2  5   3 15   4 17   6  9   7 14  10 13  11 19  12 16 "
 "   0 19   1  9   2 14   3  4   5 16   6 15   7  8  10 18  11 12  13 17 "

#149 |Aut| = 6
 "   0  1   2  3   4  5   6  7   8  9  10 11  12 13  14 15  16 17  18 19 "
 "   0  2   1  4   3  6   5  8   7 10   9 12  11 14  13 16  15 18  17 19 "
 "   0  3   1  5   2  7   4  9   6 11   8 13  10 15  12 17  14 19  16 18 "
 "   0  4   1 10   2  8   3 14   5 16   6  9   7 11  12 19  13 15  17 18 "
 "   0  5   1 11   2 15   3  9   4 17   6 10   7  8  12 14  13 18  16 19 "
 "   0  6   1 18   2 11   3 13   4 14   5  7   8 12   9 16  10 19  15 17 "
 "   0  7   1 19   2 12   3 10   4  6   5 15   8 17   9 13  11 18  14 16 "
 "   0  8   1 12   2 18   3  7   4 16   5  6   9 19  10 13  11 15  14 17 "
 "   0  9   1 13   2  6   3 19   4  7   5 17   8 18  10 14  11 12  15 16 "
 "   0 10   1  3   2 13   4 19   5  9   6 15   7 17   8 11  12 16  14 18 "
 "   0 11   1  2   3 12   4  8   5 18   6 16   7 14   9 10  13 17  15 19 "
 "   0 12   1 16   2  4   3  8   5 11   6 17   7 19   9 15  10 18  13 14 "
 "   0 13   1 17   2  9   3  5   4 10   6 18   7 16   8 14  11 19  12 15 "
 "   0 14   1  7   2 17   3 15   4 18   5 13   6 12   8 19   9 11  10 16 "
 "   0 15   1  6   2 14   3 16   4 12   5 19   7 13   8 10   9 18  11 17 "
 "   0 16   1  9   2 19   3  4   5 12   6 14   7 18   8 15  10 17  11 13 "
 "   0 17   1  8   2  5   3 18   4 13   6 19   7 15   9 14  10 12  11 16 "
 "   0 18   1 14   2 16   3 11   4 15   5 10   6  8   7 12   9 17  13 19 "
 "   0 19   1 15   2 10   3 17   4 11   5 14   6 13   7  9   8 16  12 18 "

#150 |Aut| = 6
 "   0  1   2  3   4  5   6  7   8  9  10 11  12 13  14 15  16 17  18 19 "
 "   0  2   1  4   3  6   5  8   7 10   9 12  11 14  13 16  15 18  17 19 "
 "   0  3   1  5   2  7   4  9   6 11   8 13  10 15  12 17  14 19  16 18 "
 "   0  4   1 10   2  8   3 16   5  9   6 12   7 17  11 18  13 14  15 19 "
 "   0  5   1 11   2 17   3  9   4  8   6 16   7 13  10 19  12 15  14 18 "
 "   0  6   1 17   2  5   3 13   4  7   8 18   9 10  11 15  12 14  16 19 "
 "   0  7   1 16   2 12   3  4   5  6   8 11   9 19  10 14  13 15  17 18 "
 "   0  8   1 13   2 16   3 18   4 15   5 10   6 19   7 12   9 11  14 17 "
 "   0  9   1 12   2 19   3 17   4 11   5 14   6 13   7 18   8 10  15 16 "
 "   0 10   1  2   3  7   4 18   5 13   6 17   8 12   9 15  11 19  14 16 "
 "   0 11   1  3   2  6   4 12   5 19   7 16   8 14   9 13  10 18  15 17 "
 "   0 12   1 18   2 10   3  8   4 14   5 17   6 15   7 19   9 16  11 13 "
 "   0 13   1 19   2  9   3 11   4 16   5 15   6 18   7 14   8 17  10 12 "
 "   0 14   1  6   2 15   3  5   4 19   7  9   8 16  10 13  11 17  12 18 "
 "   0 15   1  7   2  4   3 14   5 18   6  8   9 17  10 16  11 12  13 19 "
 "   0 16   1  9   2 14   3 12   4 17   5 11   6 10   7 15   8 19  13 18 "
 "   0 17   1  8   2 13   3 15   4 10   5 16   6 14   7 11   9 18  12 19 "
 "   0 18   1 14   2 11   3 19   4 13   5  7   6  9   8 15  10 17  12 16 "
 "   0 19   1 15   2 18   3 10   4  6   5 12   7  8   9 14  11 16  13 17 "

#151 |Aut| = 6
 "   0  1   2  3   4  5   6  7   8  9  10 11  12 13  14 15  16 17  18 19 "
 "   0  2   1  4   3  6   5  8   7 10   9 12  11 14  13 16  15 18  17 19 "
 "   0  3   1  5   2  7   4  9   6 11   8 13  10 15  12 17  14 19  16 18 "
 "   0  4   1 10   2  8   3 17   5 14   6 18   7 16   9 13  11 19  12 15 "
 "   0  5   1 11   2 16   3  9   4 15   6 17   7 19   8 12  10 18  13 14 "
 "   0  6   1 16   2 14   3 10   4 12   5 11   7  9   8 18  13 19  15 17 "
 "   0  7   1 17   2 11   3 15   4 10   5 13   6  8   9 19  12 18  14 16 "
 "   0  8   1 19   2 12   3  5   4 16   6 13   7 14   9 10  11 15  17 18 "
 "   0  9   1 18   2  4   3 13   5 17   6 15   7 12   8 11  10 14  16 19 "
 "   0 10   1  3   2  6   4 19   5 12   7  8   9 15  11 16  13 17  14 18 "
 "   0 11   1  2   3  7   4 13   5 18   6  9   8 14  10 17  12 16  15 19 "
 "   0 12   1  6   2 17   3 18   4  7   5 15   8 16   9 14  10 19  11 13 "
 "   0 13   1  7   2 19   3 16   4 14   5  6   8 15   9 17  10 12  11 18 "
 "   0 14   1  8   2 15   3  4   5 19   6 12   7 17   9 11  10 16  13 18 "
 "   0 15   1  9   2  5   3 14   4 18   6 16   7 13   8 10  11 17  12 19 "
 "   0 16   1 13   2 18   3 12   4 11   5  9   6 10   7 15   8 19  14 17 "
 "   0 17   1 12   2 13   3 19   4  8   5 10   6 14   7 11   9 18  15 16 "
 "   0 18   1 14   2 10   3  8   4 17   5  7   6 19   9 16  11 12  13 15 "
 "   0 19   1 15   2  9   3 11   4  6   5 16   7 18   8 17  10 13  12 14 "

#152 |Aut| = 6
 "   0  1   2  3   4  5   6  7   8  9  10 11  12 13  14 15  16 17  18 19 "
 "   0  2   1  4   3  6   5  8   7 10   9 12  11 14  13 16  15 18  17 19 "
 "   0  3   1  5   2  7   4  9   6 11   8 13  10 15  12 17  14 19  16 18 "
 "   0  4   1 10   2  9   3 13   5 12   6 15   7 17   8 14  11 18  16 19 "
 "   0  5   1 11   2 12   3  8   4 13   6 16   7 14   9 15  10 19  17 18 "
 "   0  6   1 16   2  5   3 17   4 12   7  9   8 11  10 18  13 14  15 19 "
 "   0  7   1 17   2 16   3  4   5 13   6  8   9 10  11 19  12 15  14 18 "
 "   0  8   1 19   2 17   3  9   4 15   5 11   6 10   7 16  12 14  13 18 "
 "   0  9   1 18   2  8   3 16   4 10   5 14   6 17   7 11  12 19  13 15 "
 "   0 10   1  3   2 14   4 19   5 17   6 13   7 15   8 12   9 18  11 16 "
 "   0 11   1  2   3 15   4 16   5 18   6 14   7 12   8 19   9 13  10 17 "
 "   0 12   1  7   2 18   3 14   4 11   5  6   8 15   9 17  10 16  13 19 "
 "   0 13   1  6   2 15   3 19   4  7   5 10   8 16   9 14  11 17  12 18 "
 "   0 14   1  8   2  4   3 18   5 16   6  9   7 19  10 12  11 15  13 17 "
 "   0 15   1  9   2 19   3  5   4 17   6 18   7  8  10 14  11 13  12 16 "
 "   0 16   1 13   2 10   3  7   4 14   5  9   6 19   8 18  11 12  15 17 "
 "   0 17   1 12   2  6   3 11   4  8   5 15   7 18   9 19  10 13  14 16 "
 "   0 18   1 15   2 11   3 12   4  6   5 19   7 13   8 10   9 16  14 17 "
 "   0 19   1 14   2 13   3 10   4 18   5  7   6 12   8 17   9 11  15 16 "

#153 |Aut| = 18
 "   0  1   2  3   4  5   6  7   8  9  10 11  12 13  14 15  16 17  18 19 "
 "   0  2   1  4   3  6   5  8   7 10   9 12  11 14  13 16  15 18  17 19 "
 "   0  3   1  5   2  7   4  9   6 11   8 13  10 15  12 17  14 19  16 18 "
 "   0  4   1 10   2  9   3 14   5 12   6 19   7 15   8 17  11 16  13 18 "
 "   0  5   1 11   2 15   3  8   4 13   6 14   7 18   9 16  10 17  12 19 "
 "   0  6   1 12   2 16   3  9   4  8   5  7  10 14  11 18  13 19  15 17 "
 "   0  7   1 13   2  8   3 17   4  6   5  9  10 19  11 15  12 18  14 16 "
 "   0  8   1 16   2 18   3 11   4 10   5 13   6 17   7 14   9 19  12 15 "
 "   0  9   1 17   2 10   3 19   4 12   5 11   6 15   7 16   8 18  13 14 "
 "   0 10   1 18   2 19   3 16   4 17   5  6   7 13   8 11   9 15  12 14 "
 "   0 11   1 19   2 17   3 18   4  7   5 16   6 12   8 14   9 10  13 15 "
 "   0 12   1  8   2  4   3  7   5 17   6 18   9 14  10 16  11 13  15 19 "
 "   0 13   1  9   2  6   3  5   4 16   7 19   8 15  10 12  11 17  14 18 "
 "   0 14   1  6   2 12   3 15   4 19   5 10   7 11   8 16   9 18  13 17 "
 "   0 15   1  7   2 14   3 13   4 11   5 18   6 10   8 19   9 17  12 16 "
 "   0 16   1  2   3 12   4 15   5 19   6 13   7  8   9 11  10 18  14 17 "
 "   0 17   1  3   2 13   4 18   5 14   6  9   7 12   8 10  11 19  15 16 "
 "   0 18   1 15   2  5   3 10   4 14   6  8   7 17   9 13  11 12  16 19 "
 "   0 19   1 14   2 11   3  4   5 15   6 16   7  9   8 12  10 13  17 18 "

#154 |Aut| = 6
 "   0  1   2  3   4  5   6  7   8  9  10 11  12 13  14 15  16 17  18 19 "
 "   0  2   1  4   3  6   5  8   7 10   9 12  11 14  13 16  15 18  17 19 "
 "   0  3   1  5   2  7   4  9   6 11   8 13  10 15  12 17  14 19  16 18 "
 "   0  4   1 10   2 12   3 19   5 14   6  9   7 18   8 15  11 16  13 17 "
 "   0  5   1 11   2 18   3 13   4 15   6 19   7  8   9 14  10 17  12 16 "
 "   0  6   1 17   2 14   3  4   5  7   8 18   9 13  10 12  11 15  16 19 "
 "   0  7   1 16   2  5   3 15   4  6   8 12   9 19  10 14  11 13  17 18 "
 "   0  8   1 14   2 13   3 10   4 18   5  9   6 16   7 19  11 17  12 15 "
 "   0  9   1 15   2 11   3 12   4  8   5 19   6 18   7 17  10 16  13 14 "
 "   0 10   1  3   2 16   4 13   5  6   7 11   8 17   9 15  12 19  14 18 "
 "   0 11   1  2   3 17   4  7   5 12   6 10   8 14   9 16  13 18  15 19 "
 "   0 12   1  7   2  6   3  8   4 17   5 10   9 18  11 19  13 15  14 16 "
 "   0 13   1  6   2  9   3  7   4 11   5 16   8 19  10 18  12 14  15 17 "
 "   0 14   1 18   2  8   3 11   4 16   5 13   6 12   7 15   9 17  10 19 "
 "   0 15   1 19   2 10   3  9   4 12   5 17   6 14   7 13   8 16  11 18 "
 "   0 16   1 13   2 19   3  5   4 10   6 15   7  9   8 11  12 18  14 17 "
 "   0 17   1 12   2  4   3 18   5 11   6  8   7 14   9 10  13 19  15 16 "
 "   0 18   1  9   2 17   3 14   4 19   5 15   6 13   7 16   8 10  11 12 "
 "   0 19   1  8   2 15   3 16   4 14   5 18   6 17   7 12   9 11  10 13 "

#155 |Aut| = 6
 "   0  1   2  3   4  5   6  7   8  9  10 11  12 13  14 15  16 17  18 19 "
 "   0  2   1  4   3  6   5  8   7 10   9 12  11 14  13 16  15 18  17 19 "
 "   0  3   1  5   2  7   4  9   6 11   8 13  10 15  12 17  14 19  16 18 "
 "   0  4   1 10   2 14   3  7   5  9   6 13   8 19  11 12  15 16  17 18 "
 "   0  5   1 11   2  6   3 15   4  8   7 12   9 18  10 13  14 17  16 19 "
 "   0  6   1 12   2 19   3 13   4 18   5 11   7  8   9 14  10 16  15 17 "
 "   0  7   1 13   2 12   3 18   4 10   5 19   6  9   8 15  11 17  14 16 "
 "   0  8   1 14   2 15   3 11   4 12   5  6   7 18   9 16  10 19  13 17 "
 "   0  9   1 15   2 10   3 14   4  7   5 13   6 19   8 17  11 18  12 16 "
 "   0 10   1  3   2 18   4 15   5  7   6 17   8 14   9 13  11 16  12 19 "
 "   0 11   1  2   3 19   4  6   5 14   7 16   8 12   9 15  10 17  13 18 "
 "   0 12   1 17   2 11   3  8   4 16   5 18   6 10   7 14   9 19  13 15 "
 "   0 13   1 16   2  9   3 10   4 19   5 17   6 15   7 11   8 18  12 14 "
 "   0 14   1 19   2 13   3 16   4 11   5 15   6  8   7 17   9 10  12 18 "
 "   0 15   1 18   2 17   3 12   4 14   5 10   6 16   7  9   8 11  13 19 "
 "   0 16   1  6   2  5   3  9   4 17   7 19   8 10  11 13  12 15  14 18 "
 "   0 17   1  7   2  8   3  4   5 16   6 18   9 11  10 12  13 14  15 19 "
 "   0 18   1  8   2 16   3  5   4 13   6 12   7 15   9 17  10 14  11 19 "
 "   0 19   1  9   2  4   3 17   5 12   6 14   7 13   8 16  10 18  11 15 "

#156 |Aut| = 6
 "   0  1   2  3   4  5   6  7   8  9  10 11  12 13  14 15  16 17  18 19 "
 "   0  2   1  4   3  6   5  8   7 10   9 12  11 14  13 16  15 18  17 19 "
 "   0  3   1  5   2  7   4  9   6 11   8 13  10 15  12 17  14 19  16 18 "
 "   0  4   1 10   2 16   3  7   5 19   6 14   8 11   9 13  12 15  17 18 "
 "   0  5   1 11   2  6   3 17   4 18   7 15   8 12   9 10  13 14  16 19 "
 "   0  6   1 13   2 11   3  4   5 16   7 19   8 10   9 18  12 14  15 17 "
 "   0  7   1 12   2  5   3 10   4 17   6 18   8 19   9 11  13 15  14 16 "
 "   0  8   1  6   2 12   3 16   4 14   5 13   7 11   9 17  10 18  15 19 "
 "   0  9   1  7   2 17   3 13   4 12   5 15   6 10   8 16  11 19  14 18 "
 "   0 10   1  3   2 14   4 19   5 17   6 15   7  8   9 16  11 13  12 18 "
 "   0 11   1  2   3 15   4 16   5 18   6  9   7 14   8 17  10 12  13 19 "
 "   0 12   1  8   2 13   3  5   4  7   6 19   9 15  10 16  11 18  14 17 "
 "   0 13   1  9   2  4   3 12   5  6   7 18   8 14  10 19  11 17  15 16 "
 "   0 14   1 19   2  9   3 11   4 15   5  7   6 17   8 18  10 13  12 16 "
 "   0 15   1 18   2 10   3  8   4  6   5 14   7 16   9 19  11 12  13 17 "
 "   0 16   1 15   2 18   3  9   4  8   5 11   6 13   7 17  10 14  12 19 "
 "   0 17   1 14   2  8   3 19   4 10   5  9   6 16   7 12  11 15  13 18 "
 "   0 18   1 17   2 19   3 14   4 13   5 10   6 12   7  9   8 15  11 16 "
 "   0 19   1 16   2 15   3 18   4 11   5 12   6  8   7 13   9 14  10 17 "

#157 |Aut| = 6
 "   0  1   2  3   4  5   6  7   8  9  10 11  12 13  14 15  16 17  18 19 "
 "   0  2   1  4   3  6   5  8   7 10   9 12  11 14  13 16  15 18  17 19 "
 "   0  3   1  5   2  7   4  9   6 11   8 13  10 15  12 17  14 19  16 18 "
 "   0  4   1 10   2 16   3  8   5 17   6 12   7 19   9 14  11 18  13 15 "
 "   0  5   1 11   2  9   3 17   4 16   6 18   7 13   8 15  10 19  12 14 "
 "   0  6   1 13   2 17   3 10   4  8   5  7   9 11  12 18  14 16  15 19 "
 "   0  7   1 12   2 11   3 16   4  6   5  9   8 10  13 19  14 18  15 17 "
 "   0  8   1 15   2 19   3 11   4 17   5  6   7  9  10 14  12 16  13 18 "
 "   0  9   1 14   2 10   3 18   4  7   5 16   6  8  11 15  12 19  13 17 "
 "   0 10   1  2   3 14   4 12   5 18   6  9   7 17   8 19  11 13  15 16 "
 "   0 11   1  3   2 15   4 19   5 13   6 16   7  8   9 18  10 12  14 17 "
 "   0 12   1 16   2 13   3 15   4 14   5 10   6 19   7 11   8 18   9 17 "
 "   0 13   1 17   2 14   3 12   4 11   5 15   6 10   7 18   8 16   9 19 "
 "   0 14   1 19   2  6   3 13   4 18   5 11   7 16   8 17   9 10  12 15 "
 "   0 15   1 18   2 12   3  7   4 10   5 19   6 17   8 11   9 16  13 14 "
 "   0 16   1  7   2 18   3  4   5 12   6 15   8 14   9 13  10 17  11 19 "
 "   0 17   1  6   2  5   3 19   4 13   7 14   8 12   9 15  10 18  11 16 "
 "   0 18   1  9   2  8   3  5   4 15   6 14   7 12  10 13  11 17  16 19 "
 "   0 19   1  8   2  4   3  9   5 14   6 13   7 15  10 16  11 12  17 18 "

#158 |Aut| = 6
 "   0  1   2  3   4  5   6  7   8  9  10 11  12 13  14 15  16 17  18 19 "
 "   0  2   1  4   3  6   5  8   7 10   9 12  11 14  13 16  15 18  17 19 "
 "   0  3   1  5   2  7   4  9   6 11   8 13  10 15  12 17  14 19  16 18 "
 "   0  4   1 10   2 16   3 14   5  7   6 13   8 18   9 17  11 19  12 15 "
 "   0  5   1 11   2 15   3 17   4  6   7 12   8 16   9 19  10 18  13 14 "
 "   0  6   1 18   2 19   3  4   5 10   7  9   8 15  11 12  13 17  14 16 "
 "   0  7   1 19   2  5   3 18   4 11   6  8   9 14  10 13  12 16  15 17 "
 "   0  8   1 12   2  9   3 16   4 10   5 15   6 19   7 13  11 17  14 18 "
 "   0  9   1 13   2 17   3  8   4 14   5 11   6 12   7 18  10 16  15 19 "
 "   0 10   1  8   2  4   3  9   5 12   6 14   7 17  11 15  13 18  16 19 "
 "   0 11   1  9   2  8   3  5   4 13   6 16   7 15  10 14  12 19  17 18 "
 "   0 12   1 16   2 18   3 13   4  7   5 17   6 15   8 14   9 11  10 19 "
 "   0 13   1 17   2 12   3 19   4 16   5  6   7 14   8 10   9 15  11 18 "
 "   0 14   1  3   2  6   4 12   5 18   7 19   8 17   9 10  11 13  15 16 "
 "   0 15   1  2   3  7   4 19   5 13   6 18   8 11   9 16  10 12  14 17 "
 "   0 16   1  7   2 11   3 15   4 18   5 14   6  9   8 12  10 17  13 19 "
 "   0 17   1  6   2 14   3 10   4 15   5 19   7  8   9 13  11 16  12 18 "
 "   0 18   1 15   2 13   3 11   4 17   5  9   6 10   7 16   8 19  12 14 "
 "   0 19   1 14   2 10   3 12   4  8   5 16   6 17   7 11   9 18  13 15 "

#159 |Aut| = 6
 "   0  1   2  3   4  5   6  7   8  9  10 11  12 13  14 15  16 17  18 19 "
 "   0  2   1  4   3  6   5  8   7 10   9 12  11 14  13 16  15 18  17 19 "
 "   0  3   1  5   2  7   4  9   6 11   8 13  10 15  12 17  14 19  16 18 "
 "   0  4   1 10   2 17   3 15   5  7   6 14   8 12   9 11  13 18  16 19 "
 "   0  5   1 11   2 14   3 16   4  6   7 15   8 10   9 13  12 19  17 18 "
 "   0  6   1  8   2  5   3 13   4 11   7 18   9 17  10 16  12 14  15 19 "
 "   0  7   1  9   2 12   3  4   5 10   6 19   8 16  11 17  13 15  14 18 "
 "   0  8   1 15   2  4   3 11   5  6   7 13   9 19  10 17  12 18  14 16 "
 "   0  9   1 14   2 10   3  5   4  7   6 12   8 18  11 16  13 19  15 17 "
 "   0 10   1  3   2 19   4 18   5  9   6 13   7 16   8 15  11 12  14 17 "
 "   0 11   1  2   3 18   4  8   5 19   6 17   7 12   9 14  10 13  15 16 "
 "   0 12   1 18   2 15   3  9   4 10   5 17   6 16   7 19   8 11  13 14 "
 "   0 13   1 19   2  8   3 14   4 16   5 11   6 18   7 17   9 10  12 15 "
 "   0 14   1  6   2  9   3  7   4 13   5 18   8 17  10 19  11 15  12 16 "
 "   0 15   1  7   2  6   3  8   4 19   5 12   9 16  10 14  11 18  13 17 "
 "   0 16   1 12   2 11   3 17   4 14   5 13   6 15   7  9   8 19  10 18 "
 "   0 17   1 13   2 16   3 10   4 12   5 15   6  8   7 14   9 18  11 19 "
 "   0 18   1 17   2 13   3 19   4 15   5 16   6  9   7 11   8 14  10 12 "
 "   0 19   1 16   2 18   3 12   4 17   5 14   6 10   7  8   9 15  11 13 "

#160 |Aut| = 6
 "   0  1   2  3   4  5   6  7   8  9  10 11  12 13  14 15  16 17  18 19 "
 "   0  2   1  4   3  6   5  8   7 10   9 12  11 14  13 16  15 18  17 19 "
 "   0  3   1  5   2  7   4  9   6 11   8 13  10 15  12 17  14 19  16 18 "
 "   0  4   1 10   2 19   3 12   5  6   7 15   8 18   9 16  11 17  13 14 "
 "   0  5   1 11   2 13   3 18   4  7   6 14   8 17   9 19  10 16  12 15 "
 "   0  6   1 16   2 15   3  8   4 19   5 10   7 13   9 18  11 12  14 17 "
 "   0  7   1 17   2  9   3 14   4 11   5 18   6 12   8 19  10 13  15 16 "
 "   0  8   1 13   2 10   3 17   4 15   5  9   6 18   7 11  12 19  14 16 "
 "   0  9   1 12   2 16   3 11   4  8   5 14   6 10   7 19  13 18  15 17 "
 "   0 10   1 18   2 12   3  4   5  7   6 16   8 14   9 17  11 13  15 19 "
 "   0 11   1 19   2  5   3 13   4  6   7 17   8 16   9 15  10 12  14 18 "
 "   0 12   1 14   2 18   3  9   4 13   5 16   6 17   7  8  10 19  11 15 "
 "   0 13   1 15   2  8   3 19   4 17   5 12   6  9   7 16  10 14  11 18 "
 "   0 14   1  2   3 16   4 10   5 13   6 15   7  9   8 12  11 19  17 18 "
 "   0 15   1  3   2 17   4 12   5 11   6  8   7 14   9 13  10 18  16 19 "
 "   0 16   1  8   2 14   3 10   4 18   5 17   6 19   7 12   9 11  13 15 "
 "   0 17   1  9   2 11   3 15   4 16   5 19   6 13   7 18   8 10  12 14 "
 "   0 18   1  6   2  4   3  7   5 15   8 11   9 14  10 17  12 16  13 19 "
 "   0 19   1  7   2  6   3  5   4 14   8 15   9 10  11 16  12 18  13 17 "

#161 |Aut| = 6
 "   0  1   2  3   4  5   6  7   8  9  10 11  12 13  14 15  16 17  18 19 "
 "   0  2   1  4   3  6   5  8   7 10   9 12  11 14  13 16  15 18  17 19 "
 "   0  3   1  5   2  7   4  9   6 11   8 13  10 15  12 17  14 19  16 18 "
 "   0  4   1 11   2  8   3 17   5 13   6  9   7 14  10 18  12 15  16 19 "
 "   0  5   1 10   2 16   3  9   4 12   6 15   7  8  11 19  13 14  17 18 "
 "   0  6   1 15   2 14   3  4   5 11   7 12   8 17   9 19  10 16  13 18 "
 "   0  7   1 14   2  5   3 15   4 10   6 13   8 18   9 16  11 17  12 19 "
 "   0  8   1 18   2 10   3 14   4  6   5 12   7 19   9 15  11 16  13 17 "
 "   0  9   1 19   2 15   3 11   4 13   5  7   6 18   8 14  10 17  12 16 "
 "   0 10   1  2   3 12   4 16   5 18   6 14   7 17   8 19   9 13  11 15 "
 "   0 11   1  3   2 13   4 19   5 17   6 16   7 15   8 12   9 18  10 14 "
 "   0 12   1  9   2  6   3 19   4  7   5 14   8 16  10 13  11 18  15 17 "
 "   0 13   1  8   2 18   3  7   4 15   5  6   9 17  10 19  11 12  14 16 "
 "   0 14   1 16   2  9   3  5   4 17   6 12   7 18   8 10  11 13  15 19 "
 "   0 15   1 17   2  4   3  8   5 16   6 19   7 13   9 11  10 12  14 18 "
 "   0 16   1  6   2 17   3 13   4 14   5 19   7 11   8 15   9 10  12 18 "
 "   0 17   1  7   2 12   3 16   4 18   5 15   6 10   8 11   9 14  13 19 "
 "   0 18   1 12   2 19   3 10   4 11   5  9   6  8   7 16  13 15  14 17 "
 "   0 19   1 13   2 11   3 18   4  8   5 10   6 17   7  9  12 14  15 16 "

#162 |Aut| = 6
 "   0  1   2  3   4  5   6  7   8  9  10 11  12 13  14 15  16 17  18 19 "
 "   0  2   1  4   3  6   5  8   7 10   9 12  11 14  13 16  15 18  17 19 "
 "   0  3   1  5   2  7   4  9   6 11   8 13  10 15  12 17  14 19  16 18 "
 "   0  4   1 11   2  9   3 18   5 15   6 16   7 13   8 14  10 17  12 19 "
 "   0  5   1 10   2 19   3  8   4 14   6 12   7 17   9 15  11 16  13 18 "
 "   0  6   1 17   2 18   3 14   4 10   5 19   7 12   8 11   9 13  15 16 "
 "   0  7   1 16   2 15   3 19   4 18   5 11   6 13   8 12   9 10  14 17 "
 "   0  8   1 12   2 10   3 17   4 11   5  9   6 15   7 18  13 14  16 19 "
 "   0  9   1 13   2 16   3 11   4  8   5 10   6 19   7 14  12 15  17 18 "
 "   0 10   1  7   2 17   3  9   4 16   5 13   6  8  11 18  12 14  15 19 "
 "   0 11   1  6   2  8   3 16   4 12   5 17   7  9  10 19  13 15  14 18 "
 "   0 12   1 19   2 14   3 13   4  6   5 16   7 11   8 15   9 17  10 18 "
 "   0 13   1 18   2 12   3 15   4 17   5  7   6 10   8 16   9 14  11 19 "
 "   0 14   1  2   3 10   4 19   5 12   6 18   7  8   9 16  11 13  15 17 "
 "   0 15   1  3   2 11   4 13   5 18   6  9   7 19   8 17  10 12  14 16 "
 "   0 16   1  9   2  4   3 12   5  6   7 15   8 18  10 14  11 17  13 19 "
 "   0 17   1  8   2 13   3  5   4  7   6 14   9 19  10 16  11 15  12 18 "
 "   0 18   1 14   2  5   3  7   4 15   6 17   8 19   9 11  10 13  12 16 "
 "   0 19   1 15   2  6   3  4   5 14   7 16   8 10   9 18  11 12  13 17 "

#163 |Aut| = 6
 "   0  1   2  3   4  5   6  7   8  9  10 11  12 13  14 15  16 17  18 19 "
 "   0  2   1  4   3  6   5  8   7 10   9 12  11 14  13 16  15 18  17 19 "
 "   0  3   1  5   2  7   4  9   6 11   8 13  10 15  12 17  14 19  16 18 "
 "   0  4   1 11   2 12   3  8   5 14   6 18   7 16   9 17  10 19  13 15 "
 "   0  5   1 10   2  9   3 13   4 15   6 17   7 19   8 16  11 18  12 14 "
 "   0  6   1 18   2  8   3 17   4  7   5 11   9 15  10 16  12 19  13 14 "
 "   0  7   1 19   2 16   3  9   4 10   5  6   8 14  11 17  12 15  13 18 "
 "   0  8   1 15   2 11   3 19   4 13   5  9   6 10   7 12  14 16  17 18 "
 "   0  9   1 14   2 18   3 10   4  8   5 12   6 13   7 11  15 17  16 19 "
 "   0 10   1  2   3 18   4 14   5 17   6 12   7  9   8 15  11 16  13 19 "
 "   0 11   1  3   2 19   4 16   5 15   6  8   7 13   9 14  10 17  12 18 "
 "   0 12   1  9   2 13   3 15   4 19   5 16   6 14   7 17   8 11  10 18 "
 "   0 13   1  8   2 14   3 12   4 17   5 18   6 16   7 15   9 10  11 19 "
 "   0 14   1 13   2  5   3 16   4 11   6 15   7 18   8 17   9 19  10 12 "
 "   0 15   1 12   2 17   3  4   5 10   6 19   7 14   8 18   9 16  11 13 "
 "   0 16   1  6   2 10   3  7   4 18   5 13   8 12   9 11  14 17  15 19 "
 "   0 17   1  7   2  6   3 11   4 12   5 19   8 10   9 13  14 18  15 16 "
 "   0 18   1 17   2  4   3 14   5  7   6  9   8 19  10 13  11 15  12 16 "
 "   0 19   1 16   2 15   3  5   4  6   7  8   9 18  10 14  11 12  13 17 "

#164 |Aut| = 18
 "   0  1   2  3   4  5   6  7   8  9  10 11  12 13  14 15  16 17  18 19 "
 "   0  2   1  4   3  6   5  8   7 10   9 12  11 14  13 16  15 18  17 19 "
 "   0  3   1  5   2  7   4  9   6 11   8 13  10 15  12 17  14 19  16 18 "
 "   0  4   1 11   2 12   3 18   5 16   6 13   7  9   8 14  10 19  15 17 "
 "   0  5   1 10   2 19   3 13   4 17   6  8   7 12   9 15  11 18  14 16 "
 "   0  6   1 16   2 11   3 12   4 18   5 17   7 15   8 10   9 19  13 14 "
 "   0  7   1 17   2 13   3 10   4 16   5 19   6 14   8 18   9 11  12 15 "
 "   0  8   1 19   2 17   3 11   4  7   5  9   6 16  10 14  12 18  13 15 "
 "   0  9   1 18   2 10   3 16   4  8   5  6   7 17  11 15  12 14  13 19 "
 "   0 10   1 15   2  5   3 17   4  6   7 14   8 12   9 18  11 13  16 19 "
 "   0 11   1 14   2 16   3  4   5  7   6 15   8 19   9 13  10 12  17 18 "
 "   0 12   1  3   2 15   4 19   5 10   6  9   7 16   8 11  13 18  14 17 "
 "   0 13   1  2   3 14   4 11   5 18   6 17   7  8   9 10  12 19  15 16 "
 "   0 14   1  8   2 18   3 15   4 12   5 11   6 19   7 13   9 16  10 17 "
 "   0 15   1  9   2 14   3 19   4 10   5 13   6 12   7 18   8 17  11 16 "
 "   0 16   1 12   2  8   3  5   4 14   6 18   7 11   9 17  10 13  15 19 "
 "   0 17   1 13   2  4   3  9   5 15   6 10   7 19   8 16  11 12  14 18 "
 "   0 18   1  7   2  6   3  8   4 15   5 12   9 14  10 16  11 19  13 17 "
 "   0 19   1  6   2  9   3  7   4 13   5 14   8 15  10 18  11 17  12 16 "

#165 |Aut| = 6
 "   0  1   2  3   4  5   6  7   8  9  10 11  12 13  14 15  16 17  18 19 "
 "   0  2   1  4   3  6   5  8   7 10   9 12  11 14  13 16  15 18  17 19 "
 "   0  3   1  5   2  7   4  9   6 11   8 13  10 15  12 17  14 19  16 18 "
 "   0  4   1 11   2 13   3  8   5  9   6 18   7 15  10 17  12 14  16 19 "
 "   0  5   1 10   2  9   3 12   4  8   6 14   7 19  11 16  13 15  17 18 "
 "   0  6   1 18   2 15   3 17   4 13   5 11   7 12   8 16   9 19  10 14 "
 "   0  7   1 19   2 16   3 14   4 10   5 12   6 13   8 18   9 17  11 15 "
 "   0  8   1 15   2 12   3 11   4  6   5 13   7 16   9 18  10 19  14 17 "
 "   0  9   1 14   2 10   3 13   4 12   5  7   6 17   8 19  11 18  15 16 "
 "   0 10   1  3   2  6   4 16   5 19   7 14   8 15   9 13  11 17  12 18 "
 "   0 11   1  2   3  7   4 18   5 17   6 15   8 12   9 14  10 16  13 19 "
 "   0 12   1  9   2 17   3 10   4 15   5 16   6 19   7  8  11 13  14 18 "
 "   0 13   1  8   2 11   3 16   4 17   5 14   6  9   7 18  10 12  15 19 "
 "   0 14   1  7   2  8   3 18   4 11   5 15   6 16   9 10  12 19  13 17 "
 "   0 15   1  6   2 19   3  9   4 14   5 10   7 17   8 11  12 16  13 18 "
 "   0 16   1 13   2 14   3  4   5 18   6 12   7  9   8 10  11 19  15 17 "
 "   0 17   1 12   2  5   3 15   4 19   6  8   7 13   9 11  10 18  14 16 "
 "   0 18   1 17   2  4   3 19   5  6   7 11   8 14   9 16  10 13  12 15 "
 "   0 19   1 16   2 18   3  5   4  7   6 10   8 17   9 15  11 12  13 14 "

#166 |Aut| = 6
 "   0  1   2  3   4  5   6  7   8  9  10 11  12 13  14 15  16 17  18 19 "
 "   0  2   1  4   3  6   5  8   7 10   9 12  11 14  13 16  15 18  17 19 "
 "   0  3   1  5   2  7   4  9   6 11   8 13  10 15  12 17  14 19  16 18 "
 "   0  4   1 11   2 16   3 14   5 17   6  8   7 19   9 13  10 18  12 15 "
 "   0  5   1 10   2 15   3 17   4 16   6 18   7  9   8 12  11 19  13 14 "
 "   0  6   1 18   2 19   3 10   4 17   5 14   7  8   9 16  11 12  13 15 "
 "   0  7   1 19   2 11   3 18   4 15   5 16   6  9   8 17  10 13  12 14 "
 "   0  8   1 14   2  9   3 12   4 19   5 11   6 15   7 16  10 17  13 18 "
 "   0  9   1 15   2 13   3  8   4 10   5 18   6 17   7 14  11 16  12 19 "
 "   0 10   1  2   3 16   4 14   5 12   6 19   7 15   8 18   9 17  11 13 "
 "   0 11   1  3   2 17   4 13   5 15   6 14   7 18   8 16   9 19  10 12 "
 "   0 12   1  8   2  5   3 19   4  6   7 11   9 10  13 17  14 18  15 16 "
 "   0 13   1  9   2 18   3  4   5  7   6 10   8 11  12 16  14 17  15 19 "
 "   0 14   1 13   2  6   3  5   4 12   7 17   8 10   9 18  11 15  16 19 "
 "   0 15   1 12   2  4   3  7   5 13   6 16   8 19   9 11  10 14  17 18 "
 "   0 16   1  6   2 14   3 13   4 18   5  9   7 12   8 15  10 19  11 17 "
 "   0 17   1  7   2 12   3 15   4  8   5 19   6 13   9 14  10 16  11 18 "
 "   0 18   1 17   2  8   3 11   4  7   5 10   6 12   9 15  13 19  14 16 "
 "   0 19   1 16   2 10   3  9   4 11   5  6   7 13   8 14  12 18  15 17 "

#167 |Aut| = 6
 "   0  1   2  3   4  5   6  7   8  9  10 11  12 13  14 15  16 17  18 19 "
 "   0  2   1  4   3  6   5  8   7 10   9 12  11 14  13 16  15 18  17 19 "
 "   0  3   1  5   2  7   4  9   6 11   8 13  10 15  12 17  14 19  16 18 "
 "   0  4   1 11   2 16   3 18   5  7   6 13   8 19   9 10  12 14  15 17 "
 "   0  5   1 10   2 19   3 17   4  6   7 12   8 11   9 18  13 15  14 16 "
 "   0  6   1 12   2 14   3 13   4 11   5 16   7  8   9 17  10 18  15 19 "
 "   0  7   1 13   2 12   3 15   4 17   5 10   6  9   8 16  11 19  14 18 "
 "   0  8   1 14   2 18   3  9   4 10   5  6   7 15  11 17  12 16  13 19 "
 "   0  9   1 15   2  8   3 19   4  7   5 11   6 14  10 16  12 18  13 17 "
 "   0 10   1  2   3  7   4 13   5  9   6 12   8 18  11 15  14 17  16 19 "
 "   0 11   1  3   2  6   4  8   5 12   7 13   9 19  10 14  15 16  17 18 "
 "   0 12   1 16   2 17   3 10   4 18   5 14   6 19   7 11   8 15   9 13 "
 "   0 13   1 17   2 11   3 16   4 15   5 19   6 10   7 18   8 12   9 14 "
 "   0 14   1 19   2 15   3  4   5 13   6 18   7 17   8 10   9 16  11 12 "
 "   0 15   1 18   2  5   3 14   4 12   6 16   7 19   8 17   9 11  10 13 "
 "   0 16   1  7   2 10   3 12   4 19   5 17   6  8   9 15  11 18  13 14 "
 "   0 17   1  6   2 13   3 11   4 16   5 18   7  9   8 14  10 19  12 15 "
 "   0 18   1  8   2  9   3  5   4 14   6 15   7 16  10 17  11 13  12 19 "
 "   0 19   1  9   2  4   3  8   5 15   6 17   7 14  10 12  11 16  13 18 "

#168 |Aut| = 6
 "   0  1   2  3   4  5   6  7   8  9  10 11  12 13  14 15  16 17  18 19 "
 "   0  2   1  4   3  6   5  8   7 10   9 12  11 14  13 16  15 18  17 19 "
 "   0  3   1  5   2  7   4  9   6 11   8 13  10 15  12 17  14 19  16 18 "
 "   0  4   1 11   2 17   3  8   5 16   6  9   7 18  10 12  13 14  15 19 "
 "   0  5   1 10   2  9   3 16   4 17   6 19   7  8  11 13  12 15  14 18 "
 "   0  6   1 15   2 14   3 10   4 16   5 13   7 17   8 19   9 11  12 18 "
 "   0  7   1 14   2 11   3 15   4 12   5 17   6 16   8 10   9 18  13 19 "
 "   0  8   1 13   2  4   3  7   5 11   6 12   9 14  10 18  15 17  16 19 "
 "   0  9   1 12   2  6   3  5   4 10   7 13   8 15  11 19  14 16  17 18 "
 "   0 10   1  2   3 17   4 19   5  6   7  9   8 14  11 15  12 16  13 18 "
 "   0 11   1  3   2 16   4  7   5 18   6  8   9 15  10 14  12 19  13 17 "
 "   0 12   1 17   2 13   3 19   4  8   5  7   6 14   9 10  11 18  15 16 "
 "   0 13   1 16   2 18   3 12   4  6   5  9   7 15   8 11  10 19  14 17 "
 "   0 14   1 18   2 10   3  9   4 11   5 19   6 17   7 12   8 16  13 15 "
 "   0 15   1 19   2  8   3 11   4 18   5 10   6 13   7 16   9 17  12 14 "
 "   0 16   1  9   2 12   3  4   5 14   6 15   7 19   8 18  10 13  11 17 "
 "   0 17   1  8   2  5   3 13   4 15   6 18   7 14   9 19  10 16  11 12 "
 "   0 18   1  6   2 19   3 14   4 13   5 15   7 11   8 12   9 16  10 17 "
 "   0 19   1  7   2 15   3 18   4 14   5 12   6 10   8 17   9 13  11 16 "

#169 |Aut| = 6
 "   0  1   2  3   4  5   6  7   8  9  10 11  12 13  14 15  16 17  18 19 "
 "   0  2   1  4   3  6   5  8   7 10   9 12  11 14  13 16  15 18  17 19 "
 "   0  3   1  5   2  7   4  9   6 11   8 13  10 15  12 17  14 19  16 18 "
 "   0  4   1 11   2 17   3  8   5 16   6 12   7 19   9 15  10 18  13 14 "
 "   0  5   1 10   2  9   3 16   4 17   6 18   7 13   8 14  11 19  12 15 "
 "   0  6   1  8   2 10   3  9   4 16   5 14   7 18  11 17  12 19  13 15 "
 "   0  7   1  9   2  8   3 11   4 15   5 17   6 19  10 16  12 14  13 18 "
 "   0  8   1 17   2 16   3 10   4  6   5 15   7 12   9 14  11 18  13 19 "
 "   0  9   1 16   2 11   3 17   4 14   5  7   6 13   8 15  10 19  12 18 "
 "   0 10   1  2   3 14   4 19   5 12   6 17   7  9   8 18  11 13  15 16 "
 "   0 11   1  3   2 15   4 13   5 18   6  8   7 16   9 19  10 12  14 17 "
 "   0 12   1 15   2 18   3  7   4 11   5  6   8 17   9 13  10 14  16 19 "
 "   0 13   1 14   2  6   3 19   4  7   5 10   8 12   9 16  11 15  17 18 "
 "   0 14   1  7   2 13   3 18   4  8   5 11   6 10   9 17  12 16  15 19 "
 "   0 15   1  6   2 19   3 12   4 10   5  9   7 11   8 16  13 17  14 18 "
 "   0 16   1 18   2  4   3 13   5 19   6  9   7 14   8 10  11 12  15 17 "
 "   0 17   1 19   2 12   3  5   4 18   6 15   7  8   9 11  10 13  14 16 "
 "   0 18   1 13   2  5   3 15   4 12   6 14   7 17   8 19   9 10  11 16 "
 "   0 19   1 12   2 14   3  4   5 13   6 16   7 15   8 11   9 18  10 17 "

#170 |Aut| = 18
 "   0  1   2  3   4  5   6  7   8  9  10 11  12 13  14 15  16 17  18 19 "
 "   0  2   1  4   3  6   5  8   7 10   9 12  11 14  13 16  15 18  17 19 "
 "   0  3   1  5   2  7   4  9   6 11   8 13  10 15  12 17  14 19  16 18 "
 "   0  4   1 11   2 17   3  8   5 19   6 10   7 15   9 18  12 16  13 14 "
 "   0  5   1 10   2  9   3 16   4 18   6 14   7 11   8 19  12 15  13 17 "
 "   0  6   1 19   2  8   3  4   5 10   7 14   9 16  11 12  13 18  15 17 "
 "   0  7   1 18   2  5   3  9   4 11   6 15   8 17  10 13  12 19  14 16 "
 "   0  8   1  6   2 14   3  5   4 17   7 16   9 13  10 19  11 15  12 18 "
 "   0  9   1  7   2  4   3 15   5 16   6 17   8 12  10 14  11 18  13 19 "
 "   0 10   1  9   2 15   3 19   4  7   5 13   6 16   8 18  11 17  12 14 "
 "   0 11   1  8   2 18   3 14   4 12   5  6   7 17   9 19  10 16  13 15 "
 "   0 12   1 15   2 16   3 10   4 14   5 18   6 19   7  8   9 17  11 13 "
 "   0 13   1 14   2 11   3 17   4 19   5 15   6  9   7 18   8 16  10 12 "
 "   0 14   1  3   2 10   4  8   5 12   6 13   7 19   9 15  11 16  17 18 "
 "   0 15   1  2   3 11   4 13   5  9   6 18   7 12   8 14  10 17  16 19 "
 "   0 16   1 13   2  6   3 12   4 15   5 17   7  9   8 10  11 19  14 18 "
 "   0 17   1 12   2 13   3  7   4 16   5 14   6  8   9 11  10 18  15 19 "
 "   0 18   1 17   2 19   3 13   4 10   5  7   6 12   8 11   9 14  15 16 "
 "   0 19   1 16   2 12   3 18   4  6   5 11   7 13   8 15   9 10  14 17 "

#171 |Aut| = 6
 "   0  1   2  3   4  5   6  7   8  9  10 11  12 13  14 15  16 17  18 19 "
 "   0  2   1  4   3  6   5  8   7 10   9 12  11 14  13 16  15 18  17 19 "
 "   0  3   1  5   2  7   4  9   6 11   8 13  10 15  12 17  14 19  16 18 "
 "   0  4   1 11   2 18   3 12   5 19   6 16   7  8   9 15  10 14  13 17 "
 "   0  5   1 10   2 13   3 19   4 18   6  9   7 17   8 14  11 15  12 16 "
 "   0  6   1 18   2 19   3 10   4  7   5 15   8 12   9 16  11 13  14 17 "
 "   0  7   1 19   2 11   3 18   4 14   5  6   8 17   9 13  10 12  15 16 "
 "   0  8   1 15   2 17   3  7   4 11   5 13   6 19   9 10  12 18  14 16 "
 "   0  9   1 14   2  6   3 16   4 12   5 10   7 18   8 11  13 19  15 17 "
 "   0 10   1  2   3 13   4  8   5 16   6 18   7  9  11 17  12 14  15 19 "
 "   0 11   1  3   2 12   4 17   5  9   6  8   7 19  10 16  13 15  14 18 "
 "   0 12   1  8   2 14   3  5   4 13   6 15   7 16   9 18  10 17  11 19 "
 "   0 13   1  9   2  4   3 15   5 12   6 17   7 14   8 19  10 18  11 16 "
 "   0 14   1 13   2 15   3 11   4  6   5 18   7 12   8 10   9 17  16 19 "
 "   0 15   1 12   2 10   3 14   4 19   5  7   6 13   8 16   9 11  17 18 "
 "   0 16   1  6   2  8   3 17   4 10   5 14   7 11   9 19  12 15  13 18 "
 "   0 17   1  7   2 16   3  9   4 15   5 11   6 10   8 18  12 19  13 14 "
 "   0 18   1 16   2  9   3  4   5 17   6 14   7 13   8 15  10 19  11 12 "
 "   0 19   1 17   2  5   3  8   4 16   6 12   7 15   9 14  10 13  11 18 "

#172 |Aut| = 6
 "   0  1   2  3   4  5   6  7   8  9  10 11  12 13  14 15  16 17  18 19 "
 "   0  2   1  4   3  6   5  8   7 10   9 12  11 14  13 16  15 18  17 19 "
 "   0  3   1  5   2  7   4  9   6 11   8 13  10 15  12 17  14 19  16 18 "
 "   0  4   1 12   2  8   3  7   5 14   6 18   9 17  10 16  11 13  15 19 "
 "   0  5   1 13   2  6   3  9   4 15   7 19   8 16  10 12  11 17  14 18 "
 "   0  6   1 11   2 17   3  8   4 10   5 18   7 15   9 14  12 16  13 19 "
 "   0  7   1 10   2  9   3 16   4 19   5 11   6 14   8 15  12 18  13 17 "
 "   0  8   1 17   2 12   3 14   4 16   5 19   6 13   7  9  10 18  11 15 "
 "   0  9   1 16   2 15   3 13   4 18   5 17   6  8   7 12  10 14  11 19 "
 "   0 10   1 19   2 11   3 17   4 13   5  7   6 15   8 12   9 18  14 16 "
 "   0 11   1 18   2 16   3 10   4  6   5 12   7 14   8 19   9 13  15 17 "
 "   0 12   1  7   2 10   3 18   4 11   5 16   6 19   8 17   9 15  13 14 "
 "   0 13   1  6   2 19   3 11   4 17   5 10   7 18   8 14   9 16  12 15 "
 "   0 14   1  9   2  4   3 15   5  6   7 13   8 10  11 16  12 19  17 18 "
 "   0 15   1  8   2 14   3  5   4  7   6 12   9 11  10 17  13 18  16 19 "
 "   0 16   1  2   3 12   4 14   5  9   6 17   7 11   8 18  10 19  13 15 "
 "   0 17   1  3   2 13   4  8   5 15   6 10   7 16   9 19  11 18  12 14 "
 "   0 18   1 14   2  5   3 19   4 12   6  9   7 17   8 11  10 13  15 16 "
 "   0 19   1 15   2 18   3  4   5 13   6 16   7  8   9 10  11 12  14 17 "

#173 |Aut| = 6
 "   0  1   2  3   4  5   6  7   8  9  10 11  12 13  14 15  16 17  18 19 "
 "   0  2   1  4   3  6   5  8   7 10   9 12  11 14  13 16  15 18  17 19 "
 "   0  3   1  5   2  7   4  9   6 11   8 13  10 15  12 17  14 19  16 18 "
 "   0  4   1 14   2  6   3  8   5 17   7 19   9 16  10 13  11 18  12 15 "
 "   0  5   1 15   2  9   3  7   4 16   6 18   8 17  10 19  11 12  13 14 "
 "   0  6   1 18   2 17   3 12   4  8   5 14   7 15   9 10  11 16  13 19 "
 "   0  7   1 19   2 13   3 16   4 15   5  9   6 14   8 11  10 17  12 18 "
 "   0  8   1 11   2  4   3 19   5 13   6 16   7 12   9 14  10 18  15 17 "
 "   0  9   1 10   2 18   3  5   4 12   6 13   7 17   8 15  11 19  14 16 "
 "   0 10   1 12   2  8   3 14   4  7   5 11   6 19   9 18  13 17  15 16 "
 "   0 11   1 13   2 15   3  9   4 10   5  6   7 18   8 19  12 16  14 17 "
 "   0 12   1  8   2 19   3 13   4 14   5  7   6  9  10 16  11 15  17 18 "
 "   0 13   1  9   2 12   3 18   4  6   5 15   7  8  10 14  11 17  16 19 "
 "   0 14   1  3   2 10   4 17   5 12   6  8   7 16   9 11  13 18  15 19 "
 "   0 15   1  2   3 11   4 13   5 16   6 17   7  9   8 10  12 19  14 18 "
 "   0 16   1  7   2 14   3 17   4 11   5 18   6 10   8 12   9 19  13 15 "
 "   0 17   1  6   2 16   3 15   4 19   5 10   7 11   8 18   9 13  12 14 "
 "   0 18   1 16   2 11   3  4   5 19   6 15   7 13   8 14   9 17  10 12 "
 "   0 19   1 17   2  5   3 10   4 18   6 12   7 14   8 16   9 15  11 13 "

#174 |Aut| = 18
 "   0  1   2  3   4  5   6  7   8  9  10 11  12 13  14 15  16 17  18 19 "
 "   0  2   1  4   3  6   5  8   7 10   9 12  11 14  13 16  15 18  17 19 "
 "   0  3   1  5   2  7   4  9   6 11   8 13  10 15  12 17  14 19  16 18 "
 "   0  4   1 14   2 10   3  7   5 13   6  9   8 18  11 17  12 16  15 19 "
 "   0  5   1 15   2  6   3 11   4 12   7  8   9 19  10 16  13 17  14 18 "
 "   0  6   1 13   2 17   3 15   4 19   5  7   8 16   9 18  10 14  11 12 "
 "   0  7   1 12   2 14   3 16   4  6   5 18   8 19   9 17  10 13  11 15 "
 "   0  8   1 19   2 12   3  5   4 10   6 18   7 16   9 11  13 15  14 17 "
 "   0  9   1 18   2  4   3 13   5 11   6 17   7 19   8 10  12 14  15 16 "
 "   0 10   1 16   2  5   3  8   4 17   6 13   7 15   9 14  11 19  12 18 "
 "   0 11   1 17   2  9   3  4   5 16   6 14   7 12   8 15  10 18  13 19 "
 "   0 12   1  8   2 15   3 19   4 11   5  6   7 18   9 16  10 17  13 14 "
 "   0 13   1  9   2 18   3 14   4  7   5 10   6 19   8 17  11 16  12 15 "
 "   0 14   1 11   2 19   3 10   4 16   5 12   6  8   7 17   9 15  13 18 "
 "   0 15   1 10   2 11   3 18   4 13   5 17   6 16   7  9   8 14  12 19 "
 "   0 16   1  6   2  8   3 17   4 15   5 19   7 14   9 13  10 12  11 18 "
 "   0 17   1  7   2 16   3  9   4 18   5 14   6 15   8 12  10 19  11 13 "
 "   0 18   1  2   3 12   4 14   5  9   6 10   7 13   8 11  15 17  16 19 "
 "   0 19   1  3   2 13   4  8   5 15   6 12   7 11   9 10  14 16  17 18 "

#175 |Aut| = 6
 "   0  1   2  3   4  5   6  7   8  9  10 11  12 13  14 15  16 17  18 19 "
 "   0  2   1  4   3  6   5  8   7 10   9 12  11 14  13 16  15 18  17 19 "
 "   0  3   1  5   2  7   4  9   6 11   8 13  10 15  12 17  14 19  16 18 "
 "   0  4   1 14   2 16   3 10   5  9   6 19   7 13   8 17  11 18  12 15 "
 "   0  5   1 15   2 11   3 17   4  8   6 12   7 18   9 16  10 19  13 14 "
 "   0  6   1 12   2  5   3  9   4 17   7 15   8 11  10 14  13 18  16 19 "
 "   0  7   1 13   2  8   3  4   5 16   6 14   9 10  11 15  12 19  17 18 "
 "   0  8   1  6   2  9   3 16   4 12   5 14   7 11  10 18  13 17  15 19 "
 "   0  9   1  7   2 17   3  8   4 15   5 13   6 10  11 19  12 16  14 18 "
 "   0 10   1 17   2 19   3 12   4 14   5  6   7  8   9 18  11 13  15 16 "
 "   0 11   1 16   2 13   3 18   4  7   5 15   6  9   8 19  10 12  14 17 "
 "   0 12   1  9   2 15   3 11   4 13   5 19   6 18   7 14   8 16  10 17 "
 "   0 13   1  8   2 10   3 14   4 18   5 12   6 15   7 19   9 17  11 16 "
 "   0 14   1  2   3  7   4 19   5 17   6  8   9 11  10 16  12 18  13 15 "
 "   0 15   1  3   2  6   4 16   5 18   7  9   8 10  11 17  12 14  13 19 "
 "   0 16   1 19   2 18   3 15   4  6   5 10   7 17   8 14   9 13  11 12 "
 "   0 17   1 18   2 14   3 19   4 11   5  7   6 16   8 12   9 15  10 13 "
 "   0 18   1 10   2  4   3 13   5 11   6 17   7 12   8 15   9 19  14 16 "
 "   0 19   1 11   2 12   3  5   4 10   6 13   7 16   8 18   9 14  15 17 "

#176 |Aut| = 18
 "   0  1   2  3   4  5   6  7   8  9  10 11  12 13  14 15  16 17  18 19 "
 "   0  2   1  4   3  6   5  8   7 10   9 12  11 14  13 16  15 18  17 19 "
 "   0  3   1  5   2  7   4  9   6 11   8 13  10 15  12 17  14 19  16 18 "
 "   0  4   1 14   2 17   3 19   5 13   6  9   7 15   8 10  11 16  12 18 "
 "   0  5   1 15   2 18   3 16   4 12   6 14   7  8   9 11  10 17  13 19 "
 "   0  6   1 13   2  8   3 18   4 15   5  9   7 19  10 12  11 17  14 16 "
 "   0  7   1 12   2 19   3  9   4  8   5 14   6 18  10 16  11 13  15 17 "
 "   0  8   1  7   2 13   3  4   5 18   6 17   9 10  11 15  12 14  16 19 "
 "   0  9   1  6   2  5   3 12   4 19   7 16   8 11  10 14  13 15  17 18 "
 "   0 10   1 18   2  9   3 11   4 14   5 12   6 16   7 13   8 17  15 19 "
 "   0 11   1 19   2 10   3  8   4 13   5 15   6 12   7 17   9 16  14 18 "
 "   0 12   1  9   2 11   3 15   4 16   5  6   7 14   8 19  10 18  13 17 "
 "   0 13   1  8   2 14   3 10   4  7   5 17   6 15   9 18  11 19  12 16 "
 "   0 14   1  3   2 12   4 11   5 16   6 13   7 18   8 15   9 17  10 19 "
 "   0 15   1  2   3 13   4 17   5 10   6 19   7 12   8 16   9 14  11 18 "
 "   0 16   1 10   2  4   3  7   5 11   6  8   9 19  12 15  13 18  14 17 "
 "   0 17   1 11   2  6   3  5   4 10   7  9   8 18  12 19  13 14  15 16 "
 "   0 18   1 17   2 16   3 14   4  6   5 19   7 11   8 12   9 15  10 13 "
 "   0 19   1 16   2 15   3 17   4 18   5  7   6 10   8 14   9 13  11 12 "

#177 |Aut| = 6
 "   0  1   2  3   4  5   6  7   8  9  10 11  12 13  14 15  16 17  18 19 "
 "   0  2   1  4   3  6   5  8   7 10   9 12  11 14  13 16  15 18  17 19 "
 "   0  3   1  5   2  7   4  9   6 11   8 13  10 15  12 17  14 19  16 18 "
 "   0  4   1 15   2  8   3  7   5 13   6 12   9 18  10 19  11 16  14 17 "
 "   0  5   1 14   2  6   3  9   4 12   7 13   8 19  10 17  11 18  15 16 "
 "   0  6   1 12   2 10   3 14   4 19   5 11   7 16   8 18   9 13  15 17 "
 "   0  7   1 13   2 15   3 11   4 10   5 18   6 17   8 12   9 19  14 16 "
 "   0  8   1 18   2 14   3 16   4 11   5 17   6 10   7  9  12 15  13 19 "
 "   0  9   1 19   2 17   3 15   4 16   5 10   6  8   7 11  12 18  13 14 "
 "   0 10   1  7   2 16   3 12   4  8   5 14   6 19   9 11  13 15  17 18 "
 "   0 11   1  6   2 13   3 17   4 15   5  9   7 18   8 10  12 14  16 19 "
 "   0 12   1 10   2  4   3 19   5  7   6 15   8 14   9 16  11 17  13 18 "
 "   0 13   1 11   2 18   3  5   4  6   7 14   8 17   9 15  10 16  12 19 "
 "   0 14   1  3   2 19   4 13   5 16   6 18   7  8   9 17  10 12  11 15 "
 "   0 15   1  2   3 18   4 17   5 12   6  9   7 19   8 16  10 14  11 13 "
 "   0 16   1  9   2  5   3 10   4 18   6 14   7 12   8 11  13 17  15 19 "
 "   0 17   1  8   2 11   3  4   5 19   6 13   7 15   9 10  12 16  14 18 "
 "   0 18   1 17   2 12   3  8   4  7   5 15   6 16   9 14  10 13  11 19 "
 "   0 19   1 16   2  9   3 13   4 14   5  6   7 17   8 15  10 18  11 12 "

#178 |Aut| = 18
 "   0  1   2  3   4  5   6  7   8  9  10 11  12 13  14 15  16 17  18 19 "
 "   0  2   1  4   3  6   5  8   7 10   9 12  11 14  13 16  15 18  17 19 "
 "   0  3   1  5   2  7   4  9   6 11   8 13  10 15  12 17  14 19  16 18 "
 "   0  4   1 16   2  8   3 12   5 10   6 15   7 18   9 11  13 19  14 17 "
 "   0  5   1 17   2 13   3  9   4 11   6 19   7 14   8 10  12 18  15 16 "
 "   0  6   1 10   2  9   3 19   4 17   5  7   8 14  11 18  12 16  13 15 "
 "   0  7   1 11   2 18   3  8   4  6   5 16   9 15  10 19  12 14  13 17 "
 "   0  8   1 14   2 17   3  5   4 10   6 16   7 15   9 18  11 13  12 19 "
 "   0  9   1 15   2  4   3 16   5 11   6 14   7 17   8 19  10 12  13 18 "
 "   0 10   1  9   2 14   3  7   4 15   5 13   6 18   8 12  11 17  16 19 "
 "   0 11   1  8   2  6   3 15   4 12   5 14   7 19   9 13  10 16  17 18 "
 "   0 12   1  6   2  5   3 13   4 18   7 16   8 11   9 19  10 14  15 17 "
 "   0 13   1  7   2 12   3  4   5 19   6 17   8 18   9 10  11 15  14 16 "
 "   0 14   1  2   3 11   4 19   5 17   6 13   7  8   9 16  10 18  12 15 "
 "   0 15   1  3   2 10   4 16   5 18   6  9   7 12   8 17  11 19  13 14 "
 "   0 16   1 18   2 19   3 10   4 14   5  6   7 13   8 15   9 17  11 12 "
 "   0 17   1 19   2 11   3 18   4  7   5 15   6 12   8 16   9 14  10 13 "
 "   0 18   1 12   2 16   3 14   4 13   5  9   6  8   7 11  10 17  15 19 "
 "   0 19   1 13   2 15   3 17   4  8   5 12   6 10   7  9  11 16  14 18 "

#179 |Aut| = 9
 "   0  1   2  3   4  5   6  7   8  9  10 11  12 13  14 15  16 17  18 19 "
 "   0  2   1  4   3  6   5  8   7 10   9 12  11 14  13 16  15 18  17 19 "
 "   0  3   1  5   2  7   4  9   6 12   8 11  10 17  13 19  14 18  15 16 "
 "   0  4   1 17   2  8   3 15   5  9   6 10   7 19  11 16  12 14  13 18 "
 "   0  5   1  2   3 17   4 18   6 11   7 12   8 14   9 16  10 19  13 15 "
 "   0  6   1 15   2 12   3 18   4 19   5 10   7 17   8 16   9 11  13 14 "
 "   0  7   1 19   2  5   3  8   4 11   6 14   9 18  10 13  12 16  15 17 "
 "   0  8   1 18   2 10   3  4   5 16   6 17   7  9  11 13  12 15  14 19 "
 "   0  9   1  7   2 13   3 14   4 17   5 15   6 18   8 12  10 16  11 19 "
 "   0 10   1  6   2 14   3  5   4 12   7  8   9 13  11 17  15 19  16 18 "
 "   0 11   1  3   2 18   4 13   5 17   6  8   7 16   9 14  10 15  12 19 "
 "   0 12   1 10   2 15   3  9   4  8   5 18   6 19   7 11  13 17  14 16 "
 "   0 13   1 14   2 11   3 16   4 15   5  7   6  9   8 19  10 12  17 18 "
 "   0 14   1 11   2 17   3 19   4 16   5 12   6 15   7 18   8 13   9 10 "
 "   0 15   1 16   2  4   3 11   5 19   6 13   7 14   8 10   9 17  12 18 "
 "   0 16   1 13   2 19   3  7   4 10   5  6   8 18   9 15  11 12  14 17 "
 "   0 17   1  8   2 16   3 12   4  6   5 14   7 13   9 19  10 18  11 15 "
 "   0 18   1  9   2  6   3 13   4  7   5 11   8 15  10 14  12 17  16 19 "
 "   0 19   1 12   2  9   3 10   4 14   5 13   6 16   7 15   8 17  11 18 "

#180 |Aut| = 9
 "   0  1   2  3   4  5   6  7   8  9  10 11  12 13  14 15  16 17  18 19 "
 "   0  2   1  4   3  6   5  8   7 10   9 12  11 14  13 16  15 18  17 19 "
 "   0  3   1  5   2  7   4  9   6 14   8 18  10 17  11 13  12 19  15 16 "
 "   0  4   1 16   2 18   3 10   5  7   6  9   8 11  12 15  13 17  14 19 "
 "   0  5   1 14   2 15   3  9   4 13   6 18   7 12   8 16  10 19  11 17 "
 "   0  6   1  9   2 12   3 15   4 17   5 19   7 18   8 14  10 13  11 16 "
 "   0  7   1  8   2  6   3 13   4 12   5 14   9 10  11 19  15 17  16 18 "
 "   0  8   1  2   3 11   4 19   5  6   7 17   9 18  10 12  13 15  14 16 "
 "   0  9   1 17   2  8   3  7   4 11   5 16   6 13  10 14  12 18  15 19 "
 "   0 10   1 15   2 19   3 14   4  8   5 11   6 12   7 16   9 13  17 18 "
 "   0 11   1 19   2 10   3 16   4  6   5 18   7 13   8 17   9 15  12 14 "
 "   0 12   1 18   2 11   3 17   4 10   5  9   6 15   7  8  13 14  16 19 "
 "   0 13   1  3   2 14   4 18   5 10   6 11   7 15   8 19   9 16  12 17 "
 "   0 14   1 13   2 17   3  5   4 15   6 16   7 11   8 12   9 19  10 18 "
 "   0 15   1 11   2  4   3 12   5 17   6  8   7 19   9 14  10 16  13 18 "
 "   0 16   1 12   2  5   3 18   4 14   6 17   7  9   8 10  11 15  13 19 "
 "   0 17   1 10   2  9   3  4   5 13   6 19   7 14   8 15  11 18  12 16 "
 "   0 18   1  6   2 16   3 19   4  7   5 12   8 13   9 11  10 15  14 17 "
 "   0 19   1  7   2 13   3  8   4 16   5 15   6 10   9 17  11 12  14 18 "

#181 |Aut| = 9
 "   0  1   2  3   4  5   6  7   8  9  10 11  12 13  14 15  16 17  18 19 "
 "   0  2   1  4   3  6   5  8   7 10   9 12  11 14  13 16  15 18  17 19 "
 "   0  3   1  5   2  7   4  9   6 14   8 18  10 19  11 12  13 17  15 16 "
 "   0  4   1 17   2 10   3 13   5 15   6  8   7 18   9 14  11 19  12 16 "
 "   0  5   1 18   2  4   3 16   6 17   7 15   8 13   9 11  10 14  12 19 "
 "   0  6   1 11   2 18   3 12   4 15   5 10   7 13   8 19   9 17  14 16 "
 "   0  7   1 15   2 14   3 18   4 12   5  9   6 11   8 17  10 13  16 19 "
 "   0  8   1 19   2 16   3  5   4 10   6 15   7 12   9 13  11 18  14 17 "
 "   0  9   1  7   2 13   3 17   4 19   5  6   8 11  10 16  12 15  14 18 "
 "   0 10   1  8   2  5   3  9   4 17   6 16   7 14  11 13  12 18  15 19 "
 "   0 11   1 16   2  8   3 10   4  7   5 18   6  9  12 14  13 19  15 17 "
 "   0 12   1  9   2 17   3 19   4  8   5 14   6 10   7 16  11 15  13 18 "
 "   0 13   1 14   2  6   3 15   4 16   5 11   7 19   8 12   9 10  17 18 "
 "   0 14   1 12   2  9   3  4   5 19   6 13   7  8  10 15  11 17  16 18 "
 "   0 15   1  2   3  8   4 13   5 17   6 12   7 11   9 16  10 18  14 19 "
 "   0 16   1  6   2 19   3 11   4 18   5 12   7  9   8 14  10 17  13 15 "
 "   0 17   1  3   2 15   4 11   5  7   6 19   8 16   9 18  10 12  13 14 "
 "   0 18   1 10   2 12   3 14   4  6   5 13   7 17   8 15   9 19  11 16 "
 "   0 19   1 13   2 11   3  7   4 14   5 16   6 18   8 10   9 15  12 17 "

#182 |Aut| = 9
 "   0  1   2  3   4  5   6  7   8  9  10 11  12 13  14 15  16 17  18 19 "
 "   0  2   1  4   3  6   5  8   7 10   9 12  11 14  13 16  15 18  17 19 "
 "   0  3   1  5   2  7   4  9   6 15   8 18  10 19  11 13  12 16  14 17 "
 "   0  4   1 15   2  5   3  7   6 11   8 10   9 19  12 18  13 17  14 16 "
 "   0  5   1 18   2 19   3 11   4  6   7 17   8 16   9 14  10 12  13 15 "
 "   0  6   1 13   2 14   3  4   5 12   7  9   8 19  10 16  11 15  17 18 "
 "   0  7   1 10   2  6   3 18   4 16   5 14   8 13   9 15  11 17  12 19 "
 "   0  8   1  6   2 16   3 19   4 15   5 18   7 14   9 13  10 17  11 12 "
 "   0  9   1 12   2  8   3 16   4 11   5  6   7 19  10 13  14 18  15 17 "
 "   0 10   1  2   3 17   4 14   5 13   6 12   7 18   8 15   9 11  16 19 "
 "   0 11   1 19   2 13   3  8   4 12   5  7   6 17   9 18  10 14  15 16 "
 "   0 12   1 17   2 11   3 14   4  7   5 15   6  8   9 16  10 18  13 19 "
 "   0 13   1 14   2 18   3 15   4  8   5 19   6 10   7 12   9 17  11 16 "
 "   0 14   1 16   2  9   3 13   4 19   5 10   6 18   7 15   8 11  12 17 "
 "   0 15   1  9   2  4   3 10   5 17   6 14   7 16   8 12  11 19  13 18 "
 "   0 16   1  7   2 17   3  5   4 13   6 19   8 14   9 10  11 18  12 15 "
 "   0 17   1 11   2 15   3 12   4 10   5  9   6 13   7  8  14 19  16 18 "
 "   0 18   1  8   2 10   3  9   4 17   5 11   6 16   7 13  12 14  15 19 "
 "   0 19   1  3   2 12   4 18   5 16   6  9   7 11   8 17  10 15  13 14 "

#183 |Aut| = 9
 "   0  1   2  3   4  5   6  7   8  9  10 11  12 13  14 15  16 17  18 19 "
 "   0  2   1  4   3  6   5  8   7 10   9 12  11 14  13 16  15 18  17 19 "
 "   0  3   1  5   2  7   4  9   6 16   8 19  10 15  11 18  12 14  13 17 "
 "   0  4   1 12   2 17   3 13   5 11   6 18   7 16   8 10   9 15  14 19 "
 "   0  5   1 13   2  6   3 18   4  8   7  9  10 17  11 19  12 15  14 16 "
 "   0  6   1  8   2 10   3 19   4 12   5 14   7 18   9 13  11 17  15 16 "
 "   0  7   1  9   2  4   3 14   5  6   8 17  10 18  11 12  13 15  16 19 "
 "   0  8   1 19   2 16   3 12   4 11   5 18   6 15   7 13   9 17  10 14 "
 "   0  9   1 10   2 13   3  8   4 16   5 19   6 11   7 14  12 18  15 17 "
 "   0 10   1  6   2 15   3  9   4 18   5 12   7 19   8 13  11 16  14 17 "
 "   0 11   1  7   2  9   3 16   4 13   5 15   6 14   8 12  10 19  17 18 "
 "   0 12   1 15   2 18   3 11   4  7   5 17   6  9   8 14  10 16  13 19 "
 "   0 13   1 14   2 19   3 15   4 17   5 10   6  8   7 11   9 18  12 16 "
 "   0 14   1 11   2  8   3  4   5  7   6 13   9 10  12 17  15 19  16 18 "
 "   0 15   1 16   2 12   3 17   4 19   5  9   6 10   7  8  11 13  14 18 "
 "   0 16   1 18   2  5   3  7   4 10   6 17   8 15   9 11  12 19  13 14 "
 "   0 17   1  2   3 10   4 14   5 13   6 19   7 12   8 18   9 16  11 15 "
 "   0 18   1  3   2 14   4 15   5 16   6 12   7 17   8 11   9 19  10 13 "
 "   0 19   1 17   2 11   3  5   4  6   7 15   8 16   9 14  10 12  13 18 "

#184 |Aut| = 19
 "   0  1   2  3   4  5   6  7   8  9  10 11  12 13  14 15  16 17  18 19 "
 "   0  2   1  4   3  6   5  8   7 10   9 12  11 14  13 16  15 18  17 19 "
 "   0  3   1  5   2  7   4 10   6  9   8 15  11 16  12 19  13 17  14 18 "
 "   0  4   1  6   2 13   3 11   5 15   7 16   8 17   9 18  10 19  12 14 "
 "   0  5   1  9   2 16   3  7   4 14   6 19   8 11  10 12  13 18  15 17 "
 "   0  6   1 19   2 12   3 18   4 11   5 13   7  8   9 17  10 14  15 16 "
 "   0  7   1 17   2 19   3 10   4 13   5 18   6 14   8 16   9 11  12 15 "
 "   0  8   1 15   2 14   3 17   4  6   5 16   7 12   9 19  10 13  11 18 "
 "   0  9   1 11   2 18   3 16   4 15   5  7   6 12   8 14  10 17  13 19 "
 "   0 10   1 13   2 11   3 19   4 18   5  9   6  8   7 15  12 16  14 17 "
 "   0 11   1  2   3 14   4  9   5 19   6 15   7 18   8 13  10 16  12 17 "
 "   0 12   1 18   2 17   3  9   4  8   5 11   6 10   7 14  13 15  16 19 "
 "   0 13   1  8   2  5   3 15   4 17   6 16   7  9  10 18  11 12  14 19 "
 "   0 14   1 12   2  4   3 13   5  6   7 19   8 18   9 16  10 15  11 17 "
 "   0 15   1 16   2  8   3  5   4  7   6 17   9 10  11 19  12 18  13 14 "
 "   0 16   1  7   2 15   3 12   4 19   5 14   6 11   8 10   9 13  17 18 "
 "   0 17   1  3   2  9   4 12   5 10   6 18   7 13   8 19  11 15  14 16 "
 "   0 18   1 10   2  6   3  8   4 16   5 12   7 17   9 14  11 13  15 19 "
 "   0 19   1 14   2 10   3  4   5 17   6 13   7 11   8 12   9 15  16 18 "

#185 |Aut| = 9
 "   0  1   2  3   4  5   6  7   8  9  10 11  12 13  14 15  16 17  18 19 "
 "   0  2   1  4   3  6   5  8   7 10   9 12  11 14  13 16  15 18  17 19 "
 "   0  3   1  5   2  7   4 10   6  9   8 18  11 13  12 16  14 17  15 19 "
 "   0  4   1 15   2 16   3  8   5 13   6 14   7 11   9 19  10 17  12 18 "
 "   0  5   1 19   2  4   3  7   6 12   8 15   9 18  10 14  11 16  13 17 "
 "   0  6   1  2   3 18   4 16   5 11   7 14   8 19   9 13  10 15  12 17 "
 "   0  7   1 13   2  6   3 15   4 17   5 18   8 14   9 16  10 19  11 12 "
 "   0  8   1 11   2 13   3 14   4  9   5 19   6 18   7 12  10 16  15 17 "
 "   0  9   1  3   2 11   4 18   5  7   6 16   8 17  10 13  12 15  14 19 "
 "   0 10   1  7   2 12   3  9   4 19   5  6   8 11  13 15  14 16  17 18 "
 "   0 11   1  6   2 19   3 17   4 13   5 10   7 16   8 12   9 15  14 18 "
 "   0 12   1 16   2 14   3 19   4  6   5 17   7  9   8 10  11 15  13 18 "
 "   0 13   1  8   2 15   3 12   4  7   5 14   6 10   9 17  11 18  16 19 "
 "   0 14   1  9   2 10   3  4   5 12   6 17   7 18   8 13  11 19  15 16 "
 "   0 15   1 12   2  8   3  5   4 14   6 11   7 17   9 10  13 19  16 18 "
 "   0 16   1 14   2 18   3 13   4 15   5  9   6  8   7 19  10 12  11 17 "
 "   0 17   1 18   2  9   3 10   4 11   5 15   6 19   7 13   8 16  12 14 "
 "   0 18   1 10   2 17   3 11   4  8   5 16   6 13   7 15   9 14  12 19 "
 "   0 19   1 17   2  5   3 16   4 12   6 15   7  8   9 11  10 18  13 14 "

#186 |Aut| = 9
 "   0  1   2  3   4  5   6  7   8  9  10 11  12 13  14 15  16 17  18 19 "
 "   0  2   1  4   3  6   5  8   7 10   9 12  11 14  13 16  15 18  17 19 "
 "   0  3   1  5   2  7   4 10   6 12   8 11   9 15  13 19  14 16  17 18 "
 "   0  4   1 19   2  8   3 14   5 12   6 17   7 15   9 10  11 13  16 18 "
 "   0  5   1 15   2 11   3 13   4  6   7  9   8 18  10 16  12 19  14 17 "
 "   0  6   1 14   2  4   3 18   5 13   7 17   8 10   9 16  11 19  12 15 "
 "   0  7   1 16   2  5   3 19   4  8   6 14   9 13  10 18  11 15  12 17 "
 "   0  8   1  6   2 10   3  9   4 19   5 17   7 14  11 18  12 16  13 15 "
 "   0  9   1 11   2 19   3  7   4 12   5  6   8 16  10 15  13 17  14 18 "
 "   0 10   1 12   2 16   3 11   4 18   5 14   6  9   7 19   8 13  15 17 "
 "   0 11   1  7   2  6   3  4   5 15   8 12   9 14  10 17  13 18  16 19 "
 "   0 12   1  9   2 18   3 17   4 14   5  7   6 11   8 19  10 13  15 16 "
 "   0 13   1 10   2 14   3 16   4 17   5  9   6  8   7 11  12 18  15 19 "
 "   0 14   1 13   2  9   3 12   4 15   5 11   6 18   7 16   8 17  10 19 "
 "   0 15   1  2   3 10   4 13   5 18   6 19   7  8   9 17  11 16  12 14 "
 "   0 16   1  8   2 17   3  5   4 11   6 15   7 13   9 18  10 12  14 19 "
 "   0 17   1 18   2 15   3  8   4  7   5 16   6 10   9 19  11 12  13 14 "
 "   0 18   1  3   2 13   4  9   5 19   6 16   7 12   8 15  10 14  11 17 "
 "   0 19   1 17   2 12   3 15   4 16   5 10   6 13   7 18   8 14   9 11 "

#187 |Aut| = 9
 "   0  1   2  3   4  5   6  7   8  9  10 11  12 13  14 15  16 17  18 19 "
 "   0  2   1  4   3  6   5  8   7 10   9 12  11 14  13 16  15 18  17 19 "
 "   0  3   1  5   2  7   4 10   6 12   8 16   9 19  11 15  13 18  14 17 "
 "   0  4   1  7   2 18   3 17   5 12   6 10   8 13   9 14  11 19  15 16 "
 "   0  5   1  6   2 16   3 15   4 11   7 14   8 18   9 13  10 19  12 17 "
 "   0  6   1  9   2 14   3 10   4 16   5 18   7 15   8 17  11 13  12 19 "
 "   0  7   1 17   2 15   3 13   4 12   5 10   6 18   8 19   9 11  14 16 "
 "   0  8   1 14   2 17   3  9   4  7   5 13   6 19  10 15  11 12  16 18 "
 "   0  9   1 16   2 19   3  4   5 14   6 11   7 12   8 10  13 15  17 18 "
 "   0 10   1 13   2  8   3 19   4 15   5 16   6 14   7 11   9 17  12 18 "
 "   0 11   1  3   2  9   4 13   5 17   6  8   7 18  10 16  12 15  14 19 "
 "   0 12   1 11   2 13   3  7   4  8   5  6   9 15  10 17  14 18  16 19 "
 "   0 13   1  8   2  5   3 14   4 17   6 15   7 19   9 18  10 12  11 16 "
 "   0 14   1 19   2  4   3  8   5 11   6 13   7  9  10 18  12 16  15 17 "
 "   0 15   1 12   2  6   3 16   4 18   5  9   7  8  10 14  11 17  13 19 "
 "   0 16   1 15   2 11   3 18   4 14   5 19   6  9   7 17   8 12  10 13 "
 "   0 17   1 18   2 10   3 12   4  9   5  7   6 16   8 11  13 14  15 19 "
 "   0 18   1 10   2 12   3 11   4 19   5 15   6 17   7 13   8 14   9 16 "
 "   0 19   1  2   3  5   4  6   7 16   8 15   9 10  11 18  12 14  13 17 "

#188 |Aut| = 9
 "   0  1   2  3   4  5   6  7   8  9  10 11  12 13  14 15  16 17  18 19 "
 "   0  2   1  4   3  6   5  8   7 10   9 12  11 14  13 16  15 18  17 19 "
 "   0  3   1  5   2  7   4 10   6 13   8 17   9 15  11 19  12 16  14 18 "
 "   0  4   1 10   2  6   3 17   5 14   7 11   8 15   9 13  12 18  16 19 "
 "   0  5   1 16   2 18   3 13   4 15   6 10   7 19   8 12   9 14  11 17 "
 "   0  6   1 18   2 11   3  8   4 14   5 16   7 17   9 19  10 13  12 15 "
 "   0  7   1 15   2 16   3 11   4 13   5 18   6 12   8 19   9 10  14 17 "
 "   0  8   1 13   2 14   3 12   4 17   5  9   6 19   7 16  10 15  11 18 "
 "   0  9   1  2   3  7   4  8   5 13   6 18  10 14  11 16  12 17  15 19 "
 "   0 10   1 17   2  5   3 15   4  7   6 11   8 16   9 18  12 19  13 14 "
 "   0 11   1 12   2  9   3  5   4 18   6 16   7  8  10 17  13 15  14 19 "
 "   0 12   1 19   2  8   3 18   4 16   5 10   6  9   7 14  11 13  15 17 "
 "   0 13   1  7   2 17   3 19   4 11   5 15   6  8   9 16  10 18  12 14 "
 "   0 14   1 11   2 12   3  9   4 19   5  6   7 13   8 10  15 16  17 18 "
 "   0 15   1  3   2 10   4  9   5 19   6 14   7 12   8 11  13 17  16 18 "
 "   0 16   1  9   2  4   3 14   5 11   6 17   7 15   8 18  10 12  13 19 "
 "   0 17   1  6   2 15   3 16   4 12   5  7   8 14   9 11  10 19  13 18 "
 "   0 18   1 14   2 19   3  4   5 17   6 15   7  9   8 13  10 16  11 12 "
 "   0 19   1  8   2 13   3 10   4  6   5 12   7 18   9 17  11 15  14 16 "

#189 |Aut| = 9
 "   0  1   2  3   4  5   6  7   8  9  10 11  12 13  14 15  16 17  18 19 "
 "   0  2   1  4   3  6   5  8   7 10   9 12  11 14  13 16  15 18  17 19 "
 "   0  3   1  5   2  7   4 10   6 14   8 12   9 18  11 19  13 17  15 16 "
 "   0  4   1  7   2  6   3 12   5 11   8 19   9 14  10 16  13 15  17 18 "
 "   0  5   1 10   2 16   3 19   4 15   6  9   7 17   8 14  11 12  13 18 "
 "   0  6   1 14   2  5   3  9   4 13   7 19   8 15  10 12  11 17  16 18 "
 "   0  7   1 16   2  9   3 17   4 14   5 12   6 15   8 11  10 18  13 19 "
 "   0  8   1 13   2  4   3 11   5  9   6 18   7 16  10 17  12 15  14 19 "
 "   0  9   1 11   2 19   3 10   4 12   5 18   6 16   7 15   8 17  13 14 "
 "   0 10   1  3   2 12   4 11   5 17   6  8   7 13   9 15  14 18  16 19 "
 "   0 11   1 17   2 18   3 15   4  8   5  7   6 13   9 19  10 14  12 16 "
 "   0 12   1 19   2 14   3  5   4  7   6 17   8 13   9 16  10 15  11 18 "
 "   0 13   1 18   2 11   3 16   4 17   5 15   6 19   7  9   8 10  12 14 "
 "   0 14   1  9   2 15   3 13   4 18   5 16   6 11   7  8  10 19  12 17 "
 "   0 15   1  8   2 17   3  7   4 19   5  6   9 11  10 13  12 18  14 16 "
 "   0 16   1  6   2  8   3 14   4  9   5 10   7 18  11 13  12 19  15 17 "
 "   0 17   1 12   2 13   3 18   4  6   5 14   7 11   8 16   9 10  15 19 "
 "   0 18   1  2   3  8   4 16   5 19   6 10   7 12   9 13  11 15  14 17 "
 "   0 19   1 15   2 10   3  4   5 13   6 12   7 14   8 18   9 17  11 16 "

#190 |Aut| = 9
 "   0  1   2  3   4  5   6  7   8  9  10 11  12 13  14 15  16 17  18 19 "
 "   0  2   1  4   3  6   5  8   7 10   9 12  11 14  13 16  15 18  17 19 "
 "   0  3   1  5   2  7   4 10   6 14   8 18   9 17  11 19  12 16  13 15 "
 "   0  4   1 10   2 19   3 16   5 18   6  9   7 12   8 14  11 13  15 17 "
 "   0  5   1  9   2 14   3 10   4 15   6  8   7 19  11 16  12 17  13 18 "
 "   0  6   1  3   2 12   4  7   5 11   8 13   9 14  10 19  15 16  17 18 "
 "   0  7   1  8   2  5   3 19   4 13   6 16   9 15  10 12  11 17  14 18 "
 "   0  8   1 14   2 15   3 13   4 16   5  7   6 12   9 19  10 17  11 18 "
 "   0  9   1  6   2 18   3 15   4  8   5 16   7 11  10 13  12 19  14 17 "
 "   0 10   1 16   2  6   3 14   4 12   5 15   7 17   8 11   9 18  13 19 "
 "   0 11   1 13   2 10   3 17   4  9   5 19   6 15   7 18   8 12  14 16 "
 "   0 12   1 18   2 17   3  9   4 14   5 13   6 11   7 15   8 10  16 19 "
 "   0 13   1 15   2 11   3 12   4 17   5 10   6 18   7  9   8 16  14 19 "
 "   0 14   1 12   2 16   3  8   4 11   5  9   6 17   7 13  10 18  15 19 "
 "   0 15   1  2   3 11   4 19   5  6   7 16   8 17   9 10  12 18  13 14 "
 "   0 16   1 19   2  8   3 18   4  6   5 12   7 14   9 11  10 15  13 17 "
 "   0 17   1  7   2 13   3  5   4 18   6 10   8 19   9 16  11 15  12 14 "
 "   0 18   1 17   2  4   3  7   5 14   6 19   8 15   9 13  10 16  11 12 "
 "   0 19   1 11   2  9   3  4   5 17   6 13   7  8  10 14  12 15  16 18 "

#191 |Aut| = 9
 "   0  1   2  3   4  5   6  7   8  9  10 11  12 13  14 15  16 17  18 19 "
 "   0  2   1  4   3  6   5  8   7 10   9 12  11 14  13 16  15 18  17 19 "
 "   0  3   1  5   2  7   4 10   6 15   8 16   9 13  11 17  12 19  14 18 "
 "   0  4   1 18   2  5   3 14   6 17   7 13   8 12   9 11  10 19  15 16 "
 "   0  5   1 11   2 18   3 10   4 15   6  8   7 17   9 19  12 16  13 14 "
 "   0  6   1  8   2 13   3 19   4 16   5 18   7 11   9 15  10 17  12 14 "
 "   0  7   1 12   2 15   3 18   4 11   5 14   6  9   8 17  10 13  16 19 "
 "   0  8   1 14   2 12   3 11   4 13   5 19   6 10   7 15   9 16  17 18 "
 "   0  9   1  7   2 17   3  5   4 14   6 19   8 13  10 12  11 15  16 18 "
 "   0 10   1 13   2  6   3  8   4 17   5 11   7 16   9 14  12 18  15 19 "
 "   0 11   1 16   2  4   3 13   5 17   6 12   7  9   8 18  10 15  14 19 "
 "   0 12   1 15   2 19   3 17   4  7   5  9   6 16   8 11  10 14  13 18 "
 "   0 13   1 17   2 10   3 16   4  9   5  6   7 14   8 19  11 18  12 15 "
 "   0 14   1  6   2  8   3  7   4 19   5 16   9 17  10 18  11 12  13 15 "
 "   0 15   1 19   2 16   3 12   4  8   5  7   6 18   9 10  11 13  14 17 "
 "   0 16   1  2   3  9   4 18   5 13   6 14   7 12   8 10  11 19  15 17 "
 "   0 17   1  3   2 14   4 12   5 10   6 13   7 19   8 15   9 18  11 16 "
 "   0 18   1 10   2  9   3  4   5 15   6 11   7  8  12 17  13 19  14 16 "
 "   0 19   1  9   2 11   3 15   4  6   5 12   7 18   8 14  10 16  13 17 "

#192 |Aut| = 9
 "   0  1   2  3   4  5   6  7   8  9  10 11  12 13  14 15  16 17  18 19 "
 "   0  2   1  4   3  6   5  8   7 10   9 12  11 14  13 16  15 18  17 19 "
 "   0  3   1  5   2  7   4 10   6 15   8 16   9 14  11 18  12 19  13 17 "
 "   0  4   1 19   2  8   3 13   5  9   6 18   7 15  10 14  11 17  12 16 "
 "   0  5   1 17   2 16   3 12   4 11   6 13   7 19   8 14   9 18  10 15 "
 "   0  6   1 14   2 10   3  9   4 16   5 11   7 18   8 12  13 19  15 17 "
 "   0  7   1 11   2 18   3  8   4  9   5 17   6 16  10 13  12 15  14 19 "
 "   0  8   1 16   2 19   3 15   4  7   5 10   6 14   9 11  12 17  13 18 "
 "   0  9   1  7   2 13   3 18   4 12   5 15   6 11   8 19  10 17  14 16 "
 "   0 10   1 15   2 14   3  7   4 17   5 12   6  9   8 18  11 13  16 19 "
 "   0 11   1  3   2  4   5 14   6 12   7 16   8 13   9 15  10 19  17 18 "
 "   0 12   1 18   2 17   3 14   4  6   5 16   7  8   9 10  11 19  13 15 "
 "   0 13   1  9   2 11   3 16   4 19   5  7   6 10   8 15  12 18  14 17 "
 "   0 14   1 12   2  9   3  4   5 18   6 17   7 13   8 10  11 16  15 19 "
 "   0 15   1  2   3 17   4  8   5  6   7 11   9 19  10 12  13 14  16 18 "
 "   0 16   1 10   2 15   3 11   4 13   5 19   6  8   7 12   9 17  14 18 "
 "   0 17   1  8   2  5   3 10   4 18   6 19   7 14   9 13  11 12  15 16 "
 "   0 18   1  6   2 12   3 19   4 14   5 13   7  9   8 17  10 16  11 15 "
 "   0 19   1 13   2  6   3  5   4 15   7 17   8 11   9 16  10 18  12 14 "

#193 |Aut| = 9
 "   0  1   2  3   4  5   6  7   8  9  10 11  12 13  14 15  16 17  18 19 "
 "   0  2   1  4   3  6   5  8   7 10   9 12  11 14  13 16  15 18  17 19 "
 "   0  3   1  5   2  7   4 10   6 17   8 12   9 15  11 13  14 19  16 18 "
 "   0  4   1 10   2  5   3 18   6 16   7 15   8 14   9 19  11 12  13 17 "
 "   0  5   1 19   2 17   3  9   4 16   6  8   7 14  10 12  11 15  13 18 "
 "   0  6   1 14   2 12   3 19   4  9   5  7   8 18  10 13  11 16  15 17 "
 "   0  7   1 17   2 16   3  5   4  8   6 12   9 11  10 15  13 19  14 18 "
 "   0  8   1 15   2 14   3  7   4 17   5 12   6 19   9 13  10 16  11 18 "
 "   0  9   1  2   3 10   4  7   5 14   6 11   8 17  12 18  13 15  16 19 "
 "   0 10   1  6   2 19   3 15   4 14   5 13   7 12   8 11   9 16  17 18 "
 "   0 11   1  3   2 15   4 13   5  9   6 18   7  8  10 19  12 16  14 17 "
 "   0 12   1  7   2 13   3 11   4  6   5 18   8 10   9 17  14 16  15 19 "
 "   0 13   1 16   2 11   3  8   4 12   5 19   6 15   7 17   9 18  10 14 "
 "   0 14   1 11   2  9   3  4   5 16   6 13   7 19   8 15  10 18  12 17 "
 "   0 15   1 13   2  6   3 12   4 19   5 10   7 18   8 16   9 14  11 17 "
 "   0 16   1  9   2 18   3 14   4 11   5  6   7 13   8 19  10 17  12 15 "
 "   0 17   1 18   2  4   3 16   5 15   6 14   7 11   8 13   9 10  12 19 "
 "   0 18   1  8   2 10   3 13   4 15   5 17   6  9   7 16  11 19  12 14 "
 "   0 19   1 12   2  8   3 17   4 18   5 11   6 10   7  9  13 14  15 16 "

#194 |Aut| = 9
 "   0  1   2  3   4  5   6  7   8  9  10 11  12 13  14 15  16 17  18 19 "
 "   0  2   1  4   3  6   5  8   7 10   9 12  11 14  13 16  15 18  17 19 "
 "   0  3   1  5   2  7   4 10   6 18   8 12   9 11  13 14  15 17  16 19 "
 "   0  4   1 19   2  8   3 15   5  9   6 10   7 16  11 18  12 14  13 17 "
 "   0  5   1 17   2  9   3 12   4 13   6 19   7 14   8 18  10 16  11 15 "
 "   0  6   1 11   2 18   3  5   4 17   7 13   8 14   9 16  10 19  12 15 "
 "   0  7   1 10   2 15   3  4   5 18   6 14   8 17   9 19  11 13  12 16 "
 "   0  8   1  2   3 18   4  6   5 17   7 11   9 10  12 19  13 15  14 16 "
 "   0  9   1 15   2 14   3 13   4 16   5  6   7  8  10 17  11 19  12 18 "
 "   0 10   1  9   2 16   3  8   4 15   5 13   6 11   7 12  14 19  17 18 "
 "   0 11   1 12   2 17   3 10   4  8   5 16   6 13   7 18   9 14  15 19 "
 "   0 12   1 14   2  6   3 17   4  9   5 11   7 19   8 13  10 18  15 16 "
 "   0 13   1  3   2 10   4 19   5 12   6  9   7 15   8 16  11 17  14 18 "
 "   0 14   1 18   2 19   3  7   4 11   5 15   6 16   8 10   9 13  12 17 "
 "   0 15   1  7   2  4   3 16   5 19   6  8   9 17  10 14  11 12  13 18 "
 "   0 16   1 13   2 11   3  9   4 18   5  7   6 15   8 19  10 12  14 17 "
 "   0 17   1  6   2 12   3 19   4  7   5 14   8 15   9 18  10 13  11 16 "
 "   0 18   1 16   2  5   3 14   4 12   6 17   7  9   8 11  10 15  13 19 "
 "   0 19   1  8   2 13   3 11   4 14   5 10   6 12   7 17   9 15  16 18 "

#195 |Aut| = 9
 "   0  1   2  3   4  5   6  7   8  9  10 11  12 13  14 15  16 17  18 19 "
 "   0  2   1  4   3  6   5  8   7 10   9 12  11 14  13 16  15 18  17 19 "
 "   0  3   1  5   2  7   4 10   6 18   8 17   9 19  11 15  12 16  13 14 "
 "   0  4   1 10   2 17   3 18   5 19   6 13   7 11   8 16   9 15  12 14 "
 "   0  5   1 11   2  4   3  7   6 12   8 10   9 16  13 18  14 17  15 19 "
 "   0  6   1  2   3  5   4 17   7 14   8 12   9 18  10 15  11 13  16 19 "
 "   0  7   1 13   2  6   3 19   4 15   5 11   8 18   9 14  10 16  12 17 "
 "   0  8   1 12   2 15   3 10   4 11   5 13   6 16   7  9  14 19  17 18 "
 "   0  9   1 15   2 16   3  8   4  7   5 18   6 14  10 17  11 12  13 19 "
 "   0 10   1 17   2  5   3 16   4  6   7 12   8 15   9 13  11 19  14 18 "
 "   0 11   1 14   2 12   3  9   4 19   5 16   6  8   7 18  10 13  15 17 "
 "   0 12   1 18   2 19   3  4   5 10   6  9   7 13   8 14  11 17  15 16 "
 "   0 13   1  6   2  8   3 15   4  9   5 17   7 16  10 14  11 18  12 19 "
 "   0 14   1  3   2 10   4 16   5  6   7 19   8 11   9 17  12 18  13 15 "
 "   0 15   1 16   2 11   3 12   4 14   5  9   6 19   7  8  10 18  13 17 "
 "   0 16   1 19   2 14   3 17   4 18   5 12   6 11   7 15   8 13   9 10 "
 "   0 17   1  8   2 18   3 13   4 12   5  7   6 15   9 11  10 19  14 16 "
 "   0 18   1  7   2  9   3 14   4 13   5 15   6 17   8 19  10 12  11 16 "
 "   0 19   1  9   2 13   3 11   4  8   5 14   6 10   7 17  12 15  16 18 "

#196 |Aut| = 9
 "   0  1   2  3   4  5   6  7   8  9  10 11  12 13  14 15  16 17  18 19 "
 "   0  2   1  4   3  6   5  8   7 10   9 12  11 14  13 16  15 18  17 19 "
 "   0  3   1  5   2  7   4 11   6 12   8 15   9 19  10 18  13 17  14 16 "
 "   0  4   1  6   2 10   3 16   5 17   7 14   8 18   9 11  12 19  13 15 "
 "   0  5   1 10   2 17   3  7   4 12   6 14   8 11   9 15  13 19  16 18 "
 "   0  6   1  9   2 18   3  4   5  7   8 13  10 14  11 17  12 16  15 19 "
 "   0  7   1 12   2  9   3 15   4 18   5 16   6 17   8 10  11 13  14 19 "
 "   0  8   1 15   2 13   3 14   4  9   5  6   7 19  10 16  11 12  17 18 "
 "   0  9   1 18   2 19   3 13   4  6   5 14   7 12   8 17  10 15  11 16 "
 "   0 10   1  7   2 16   3  8   4 19   5 12   6 15   9 13  11 18  14 17 "
 "   0 11   1 17   2  4   3 12   5 18   6 13   7  8   9 14  10 19  15 16 "
 "   0 12   1 14   2 11   3 18   4  8   5 15   6 19   7 13   9 16  10 17 "
 "   0 13   1 16   2 14   3 11   4  7   5 10   6 18   8 19   9 17  12 15 "
 "   0 14   1 13   2 12   3 17   4 15   5 19   6 11   7 18   8 16   9 10 "
 "   0 15   1 19   2  5   3  9   4 10   6 16   7 11   8 14  12 17  13 18 "
 "   0 16   1  3   2 15   4 14   5 13   6  8   7 17   9 18  10 12  11 19 "
 "   0 17   1  2   3 19   4 16   5 11   6  9   7 15   8 12  10 13  14 18 "
 "   0 18   1 11   2  8   3  5   4 13   6 10   7  9  12 14  15 17  16 19 "
 "   0 19   1  8   2  6   3 10   4 17   5  9   7 16  11 15  12 18  13 14 "

#197 |Aut| = 9
 "   0  1   2  3   4  5   6  7   8  9  10 11  12 13  14 15  16 17  18 19 "
 "   0  2   1  4   3  6   5  8   7 10   9 12  11 14  13 16  15 18  17 19 "
 "   0  3   1  5   2  7   4 11   6 12   8 17   9 15  10 14  13 19  16 18 "
 "   0  4   1 16   2 15   3  7   5  9   6  8  10 18  11 17  12 19  13 14 "
 "   0  5   1 17   2 12   3  9   4 18   6 16   7 13   8 14  10 19  11 15 "
 "   0  6   1  3   2 17   4 16   5 11   7  9   8 12  10 15  13 18  14 19 "
 "   0  7   1 11   2 14   3 17   4  8   5 18   6 15   9 13  10 12  16 19 "
 "   0  8   1 10   2 11   3 18   4 15   5 12   6 13   7 19   9 17  14 16 "
 "   0  9   1 15   2 10   3 19   4 17   5  7   6 14   8 18  11 13  12 16 "
 "   0 10   1  9   2 16   3 11   4 13   5  6   7  8  12 18  14 17  15 19 "
 "   0 11   1 12   2 13   3 16   4  6   5 14   7 18   8 10   9 19  15 17 "
 "   0 12   1 14   2 18   3  4   5 13   6 19   7 17   8 15   9 10  11 16 "
 "   0 13   1  6   2  8   3 14   4  9   5 19   7 11  10 16  12 15  17 18 "
 "   0 14   1 18   2 19   3  5   4 12   6 10   7 15   8 11   9 16  13 17 "
 "   0 15   1 19   2  5   3 13   4 10   6 17   7 12   8 16   9 14  11 18 "
 "   0 16   1 13   2  6   3  8   4  7   5 15   9 18  10 17  11 19  12 14 "
 "   0 17   1  2   3 12   4 14   5 10   6 18   7 16   8 19   9 11  13 15 "
 "   0 18   1  8   2  9   3 15   4 19   5 16   6 11   7 14  10 13  12 17 "
 "   0 19   1  7   2  4   3 10   5 17   6  9   8 13  11 12  14 18  15 16 "

#198 |Aut| = 9
 "   0  1   2  3   4  5   6  7   8  9  10 11  12 13  14 15  16 17  18 19 "
 "   0  2   1  4   3  6   5  8   7 10   9 12  11 14  13 16  15 18  17 19 "
 "   0  3   1  5   2  7   4 11   6 13   8 17   9 10  12 18  14 16  15 19 "
 "   0  4   1 18   2 12   3 10   5 13   6 14   7  9   8 19  11 17  15 16 "
 "   0  5   1 10   2 17   3 14   4  6   7 13   8 15   9 11  12 19  16 18 "
 "   0  6   1 14   2 11   3  8   4 12   5 15   7 17   9 16  10 18  13 19 "
 "   0  7   1 19   2 18   3  5   4 16   6 12   8 11   9 13  10 14  15 17 "
 "   0  8   1 12   2 13   3 19   4 15   5 11   6 18   7 16   9 14  10 17 "
 "   0  9   1  2   3  4   5 17   6 19   7 11   8 18  10 15  12 16  13 14 "
 "   0 10   1  9   2  6   3 17   4 18   5 12   7 15   8 14  11 13  16 19 "
 "   0 11   1 17   2  4   3 16   5 14   6  9   7 18   8 13  10 19  12 15 "
 "   0 12   1 11   2 16   3 13   4  7   5 18   6 15   8 10   9 19  14 17 "
 "   0 13   1 15   2  5   3 11   4 19   6  8   7 12   9 17  10 16  14 18 "
 "   0 14   1  7   2  9   3 15   4  8   5 19   6 16  10 12  11 18  13 17 "
 "   0 15   1  6   2 10   3 18   4 13   5  9   7  8  11 16  12 17  14 19 "
 "   0 16   1  8   2 14   3  9   4 10   5  6   7 19  11 12  13 15  17 18 "
 "   0 17   1  3   2 15   4  9   5 16   6 10   7 14   8 12  11 19  13 18 "
 "   0 18   1 13   2 19   3  7   4 17   5 10   6 11   8 16   9 15  12 14 "
 "   0 19   1 16   2  8   3 12   4 14   5  7   6 17   9 18  10 13  11 15 "

#199 |Aut| = 19
 "   0  1   2  3   4  5   6  7   8  9  10 11  12 13  14 15  16 17  18 19 "
 "   0  2   1  4   3  6   5  8   7 10   9 12  11 14  13 16  15 18  17 19 "
 "   0  3   1  5   2  7   4 11   6 13   8 19   9 16  10 15  12 17  14 18 "
 "   0  4   1 11   2 18   3  8   5  9   6 14   7 16  10 12  13 17  15 19 "
 "   0  5   1  2   3 13   4 17   6 12   7  9   8 14  10 18  11 15  16 19 "
 "   0  6   1  9   2 14   3  4   5 19   7 12   8 10  11 16  13 18  15 17 "
 "   0  7   1 16   2  6   3 12   4 10   5 17   8 15   9 19  11 18  13 14 "
 "   0  8   1 14   2 19   3  5   4  6   7 17   9 18  10 16  11 12  13 15 "
 "   0  9   1 17   2 13   3  7   4 15   5 10   6 11   8 12  14 19  16 18 "
 "   0 10   1  8   2  4   3 19   5 13   6 16   7 18   9 14  11 17  12 15 "
 "   0 11   1 15   2 16   3 14   4  9   5 12   6 10   7  8  13 19  17 18 "
 "   0 12   1  3   2  8   4 16   5 15   6 18   7 14   9 17  10 19  11 13 "
 "   0 13   1 19   2 17   3 11   4 12   5  7   6 15   8 18   9 10  14 16 "
 "   0 14   1 18   2 15   3 17   4  8   5  6   7 19   9 11  10 13  12 16 "
 "   0 15   1 13   2 10   3 16   4  7   5 18   6  9   8 11  12 19  14 17 "
 "   0 16   1 12   2  5   3 18   4 14   6  8   7 13   9 15  10 17  11 19 "
 "   0 17   1  6   2  9   3 10   4 19   5 14   7 11   8 13  12 18  15 16 "
 "   0 18   1 10   2 11   3  9   4 13   5 16   6 19   7 15   8 17  12 14 "
 "   0 19   1  7   2 12   3 15   4 18   5 11   6 17   8 16   9 13  10 14 "

#200 |Aut| = 9
 "   0  1   2  3   4  5   6  7   8  9  10 11  12 13  14 15  16 17  18 19 "
 "   0  2   1  4   3  6   5  8   7 10   9 12  11 14  13 16  15 18  17 19 "
 "   0  3   1  5   2  7   4 11   6 15   8 18   9 14  10 17  12 16  13 19 "
 "   0  4   1  6   2 16   3 12   5 13   7 14   8 11   9 19  10 15  17 18 "
 "   0  5   1 12   2 17   3  8   4 14   6 18   7 11   9 15  10 13  16 19 "
 "   0  6   1 10   2  4   3 18   5 15   7 17   8 13   9 11  12 19  14 16 "
 "   0  7   1  8   2 15   3 19   4  9   5 10   6 14  11 16  12 17  13 18 "
 "   0  8   1  2   3 15   4 19   5  6   7 16   9 10  11 18  12 14  13 17 "
 "   0  9   1  7   2 18   3 13   4 12   5 17   6 19   8 14  10 16  11 15 "
 "   0 10   1 17   2  9   3  4   5 19   6 11   7  8  12 18  13 14  15 16 "
 "   0 11   1 16   2 13   3 17   4  6   5 14   7  9   8 12  10 18  15 19 "
 "   0 12   1  3   2 14   4 18   5  9   6 16   7 19   8 10  11 13  15 17 "
 "   0 13   1 15   2 10   3  7   4 16   5 12   6  9   8 19  11 17  14 18 "
 "   0 14   1 11   2 19   3 10   4 15   5  7   6 12   8 17   9 13  16 18 "
 "   0 15   1  9   2 11   3 16   4 13   5 18   6  8   7 12  10 19  14 17 "
 "   0 16   1 18   2  5   3 11   4  8   6 10   7 13   9 17  12 15  14 19 "
 "   0 17   1 19   2  8   3 14   4 10   5 16   6 13   7 15   9 18  11 12 "
 "   0 18   1 13   2 12   3  5   4  7   6 17   8 15   9 16  10 14  11 19 "
 "   0 19   1 14   2  6   3  9   4 17   5 11   7 18   8 16  10 12  13 15 "

#201 |Aut| = 9
 "   0  1   2  3   4  5   6  7   8  9  10 11  12 13  14 15  16 17  18 19 "
 "   0  2   1  4   3  6   5  8   7 10   9 12  11 14  13 16  15 18  17 19 "
 "   0  3   1  5   2  7   4 11   6 15   8 18   9 17  10 13  12 16  14 19 "
 "   0  4   1  7   2 17   3  9   5 19   6  8  10 18  11 13  12 14  15 16 "
 "   0  5   1 19   2 12   3 10   4 16   6 17   7  8   9 14  11 15  13 18 "
 "   0  6   1 10   2  5   3 12   4 15   7 17   8 13   9 19  11 18  14 16 "
 "   0  7   1 18   2  6   3 13   4 19   5 15   8 14   9 16  10 17  11 12 "
 "   0  8   1  6   2 16   3  5   4  9   7 11  10 19  12 15  13 17  14 18 "
 "   0  9   1 11   2  8   3 19   4 12   5 18   6 13   7 14  10 16  15 17 "
 "   0 10   1 14   2 13   3 15   4  7   5 17   6  9   8 11  12 19  16 18 "
 "   0 11   1  3   2 18   4 14   5  9   6 12   7 16   8 17  10 15  13 19 "
 "   0 12   1  2   3 17   4 10   5 16   6 14   7 18   8 19   9 11  13 15 "
 "   0 13   1 17   2 11   3 14   4 18   5  7   6 10   8 12   9 15  16 19 "
 "   0 14   1  9   2 19   3 11   4 13   5  6   7 15   8 16  10 12  17 18 "
 "   0 15   1 13   2 10   3 16   4  8   5 14   6 18   7  9  11 19  12 17 "
 "   0 16   1 12   2  9   3 18   4 17   5 10   6 11   7 19   8 15  13 14 "
 "   0 17   1 15   2 14   3  4   5 13   6 19   7 12   8 10   9 18  11 16 "
 "   0 18   1  8   2  4   3  7   5 12   6 16   9 13  10 14  11 17  15 19 "
 "   0 19   1 16   2 15   3  8   4  6   5 11   7 13   9 10  12 18  14 17 "

#202 |Aut| = 9
 "   0  1   2  3   4  5   6  7   8  9  10 11  12 13  14 15  16 17  18 19 "
 "   0  2   1  4   3  6   5  8   7 10   9 12  11 14  13 16  15 18  17 19 "
 "   0  3   1  5   2  7   4 11   6 17   8 10   9 18  12 19  13 15  14 16 "
 "   0  4   1 17   2 11   3 13   5  9   6 15   7 19   8 18  10 16  12 14 "
 "   0  5   1  8   2 14   3  4   6  9   7 12  10 18  11 16  13 17  15 19 "
 "   0  6   1 13   2 18   3  5   4  7   8 14   9 16  10 15  11 19  12 17 "
 "   0  7   1 11   2 12   3 14   4 10   5 19   6 16   8 15   9 17  13 18 "
 "   0  8   1 14   2 19   3 15   4  9   5 11   6 10   7 13  12 16  17 18 "
 "   0  9   1 15   2  6   3  8   4 13   5  7  10 17  11 12  14 18  16 19 "
 "   0 10   1 19   2  8   3 16   4 14   5 17   6 11   7 15   9 13  12 18 "
 "   0 11   1 18   2 16   3  7   4 17   5 10   6 13   8 12   9 15  14 19 "
 "   0 12   1  6   2  4   3 17   5 14   7  8   9 10  11 15  13 19  16 18 "
 "   0 13   1  2   3 11   4 18   5  6   7  9   8 16  10 19  12 15  14 17 "
 "   0 14   1 16   2  9   3 12   4 15   5 18   6 19   7 11   8 17  10 13 "
 "   0 15   1 10   2  5   3  9   4 12   6 18   7 16   8 19  11 17  13 14 "
 "   0 16   1 12   2 10   3 19   4  6   5 13   7 18   8 11   9 14  15 17 "
 "   0 17   1  3   2 13   4 16   5 15   6  8   7 14   9 19  10 12  11 18 "
 "   0 18   1  7   2 17   3 10   4 19   5 12   6 14   8 13   9 11  15 16 "
 "   0 19   1  9   2 15   3 18   4  8   5 16   6 12   7 17  10 14  11 13 "

#203 |Aut| = 9
 "   0  1   2  3   4  5   6  7   8  9  10 11  12 13  14 15  16 17  18 19 "
 "   0  2   1  4   3  6   5  8   7 10   9 12  11 14  13 16  15 18  17 19 "
 "   0  3   1  5   2  7   4 11   6 18   8 10   9 15  12 16  13 19  14 17 "
 "   0  4   1  7   2 17   3  9   5 12   6 11   8 13  10 18  14 19  15 16 "
 "   0  5   1  8   2 18   3 17   4  7   6 13   9 16  10 19  11 15  12 14 "
 "   0  6   1 18   2 15   3 19   4 16   5 11   7 13   8 12   9 17  10 14 "
 "   0  7   1 11   2  4   3 18   5 16   6 19   8 14   9 13  10 15  12 17 "
 "   0  8   1 12   2 11   3  4   5 17   6 16   7 18   9 14  10 13  15 19 "
 "   0  9   1 15   2 19   3  7   4 12   5  6   8 17  10 16  11 13  14 18 "
 "   0 10   1 19   2  6   3  5   4  8   7 16   9 18  11 12  13 14  15 17 "
 "   0 11   1 17   2 12   3 16   4 15   5 10   6  8   7 14   9 19  13 18 "
 "   0 12   1  9   2 16   3  8   4 19   5  7   6 14  10 17  11 18  13 15 "
 "   0 13   1 10   2  5   3 14   4 17   6  9   7 15   8 11  12 18  16 19 "
 "   0 14   1  6   2 10   3 12   4 13   5 19   7 17   8 15   9 11  16 18 "
 "   0 15   1 13   2 14   3 10   4  9   5 18   6 12   7 19   8 16  11 17 "
 "   0 16   1  3   2  9   4 10   5 14   6 15   7 12   8 18  11 19  13 17 "
 "   0 17   1 14   2  8   3 13   4 18   5 15   6 10   7  9  11 16  12 19 "
 "   0 18   1 16   2 13   3 15   4 14   5  9   6 17   7 11   8 19  10 12 "
 "   0 19   1  2   3 11   4  6   5 13   7  8   9 10  12 15  14 16  17 18 "

#204 |Aut| = 9
 "   0  1   2  3   4  5   6  7   8  9  10 11  12 13  14 15  16 17  18 19 "
 "   0  2   1  4   3  6   5  8   7 10   9 12  11 14  13 16  15 18  17 19 "
 "   0  3   1  5   2  7   4 12   6 11   8 14   9 17  10 15  13 18  16 19 "
 "   0  4   1 11   2 13   3  7   5 14   6 18   8 17   9 10  12 16  15 19 "
 "   0  5   1 15   2 10   3 14   4 19   6  9   7 17   8 13  11 16  12 18 "
 "   0  6   1 12   2  8   3 10   4  7   5 17   9 15  11 18  13 19  14 16 "
 "   0  7   1 14   2 12   3  8   4 18   5  9   6 19  10 13  11 17  15 16 "
 "   0  8   1 18   2 11   3 15   4 16   5 19   6 17   7 13   9 14  10 12 "
 "   0  9   1  6   2  4   3 18   5 10   7 19   8 16  11 12  13 15  14 17 "
 "   0 10   1  2   3 16   4 14   5 18   6 12   7 15   8 19   9 11  13 17 "
 "   0 11   1 16   2 15   3 13   4 17   5 12   6 10   7  9   8 18  14 19 "
 "   0 12   1  9   2 19   3 11   4 13   5 16   6  8   7 18  10 14  15 17 "
 "   0 13   1 19   2 14   3  5   4 10   6 15   7 16   8 11   9 18  12 17 "
 "   0 14   1 13   2  9   3 19   4  8   5  6   7 12  10 17  11 15  16 18 "
 "   0 15   1 17   2 16   3  9   4  6   5 13   7 11   8 12  10 19  14 18 "
 "   0 16   1  7   2  6   3 12   4  9   5 15   8 10  11 19  13 14  17 18 "
 "   0 17   1  3   2  5   4 15   6 16   7  8   9 19  10 18  11 13  12 14 "
 "   0 18   1 10   2 17   3  4   5 11   6 13   7 14   8 15   9 16  12 19 "
 "   0 19   1  8   2 18   3 17   4 11   5  7   6 14   9 13  10 16  12 15 "

#205 |Aut| = 9
 "   0  1   2  3   4  5   6  7   8  9  10 11  12 13  14 15  16 17  18 19 "
 "   0  2   1  4   3  6   5  8   7 10   9 12  11 14  13 16  15 18  17 19 "
 "   0  3   1  5   2  7   4 12   6 11   8 19   9 10  13 14  15 17  16 18 "
 "   0  4   1  8   2 11   3 15   5 17   6 12   7  9  10 16  13 19  14 18 "
 "   0  5   1  6   2  4   3 18   7 13   8 17   9 11  10 12  14 19  15 16 "
 "   0  6   1 15   2  9   3 10   4 19   5  7   8 14  11 16  12 17  13 18 "
 "   0  7   1 11   2 19   3 13   4 15   5 10   6  8   9 18  12 16  14 17 "
 "   0  8   1 12   2 13   3 11   4 16   5 14   6 18   7 17   9 19  10 15 "
 "   0  9   1 17   2 18   3  7   4  6   5 12   8 11  10 14  13 15  16 19 "
 "   0 10   1 18   2 16   3 14   4  8   5 13   6 17   7 19   9 15  11 12 "
 "   0 11   1 13   2 17   3  9   4 18   5 15   6 14   7 16   8 12  10 19 "
 "   0 12   1  7   2  6   3 19   4 14   5 18   8 16   9 13  10 17  11 15 "
 "   0 13   1  3   2 10   4 17   5 11   6 16   7  8   9 14  12 18  15 19 "
 "   0 14   1 10   2 12   3 17   4 13   5  6   7 18   8 15   9 16  11 19 "
 "   0 15   1 16   2  8   3  5   4 11   6  9   7 14  10 18  12 19  13 17 "
 "   0 16   1  2   3  4   5 19   6 10   7 15   8 13   9 17  11 18  12 14 "
 "   0 17   1 19   2 15   3 12   4 10   5  9   6 13   7 11   8 18  14 16 "
 "   0 18   1  9   2 14   3  8   4  7   5 16   6 19  10 13  11 17  12 15 "
 "   0 19   1 14   2  5   3 16   4  9   6 15   7 12   8 10  11 13  17 18 "

#206 |Aut| = 9
 "   0  1   2  3   4  5   6  7   8  9  10 11  12 13  14 15  16 17  18 19 "
 "   0  2   1  4   3  6   5  8   7 10   9 12  11 14  13 16  15 18  17 19 "
 "   0  3   1  5   2  7   4 12   6 15   8 18   9 11  10 16  13 17  14 19 "
 "   0  4   1  6   2 19   3 11   5 16   7  8   9 13  10 14  12 18  15 17 "
 "   0  5   1 12   2  9   3 17   4 19   6 13   7 16   8 14  10 15  11 18 "
 "   0  6   1 14   2 12   3 10   4  8   5 17   7 13   9 18  11 16  15 19 "
 "   0  7   1  3   2 11   4 17   5 10   6  9   8 12  13 15  14 18  16 19 "
 "   0  8   1 17   2  4   3  7   5 11   6 16   9 14  10 19  12 15  13 18 "
 "   0  9   1 13   2 16   3  4   5 15   6 14   7 19   8 11  10 18  12 17 "
 "   0 10   1 18   2  6   3 15   4  9   5 19   7 17   8 16  11 13  12 14 "
 "   0 11   1  2   3 18   4  7   5  9   6 17   8 10  12 19  13 14  15 16 "
 "   0 12   1  8   2 18   3 16   4 15   5 13   6 19   7 11   9 10  14 17 "
 "   0 13   1 19   2  8   3  5   4 11   6 10   7 12   9 15  14 16  17 18 "
 "   0 14   1 10   2 15   3 12   4 13   5  6   7  9   8 17  11 19  16 18 "
 "   0 15   1 16   2 17   3 13   4 10   5 18   6  8   7 14   9 19  11 12 "
 "   0 16   1 11   2  5   3 14   4 18   6 12   7 15   8 19   9 17  10 13 "
 "   0 17   1  9   2 10   3  8   4 14   5  7   6 18  11 15  12 16  13 19 "
 "   0 18   1  7   2 13   3 19   4  6   5 14   8 15   9 16  10 12  11 17 "
 "   0 19   1 15   2 14   3  9   4 16   5 12   6 11   7 18   8 13  10 17 "

#207 |Aut| = 9
 "   0  1   2  3   4  5   6  7   8  9  10 11  12 13  14 15  16 17  18 19 "
 "   0  2   1  4   3  6   5  8   7 10   9 12  11 14  13 16  15 18  17 19 "
 "   0  3   1  5   2  7   4 12   6 16   8 17   9 11  10 19  13 15  14 18 "
 "   0  4   1 11   2 10   3 19   5  7   6 15   8 16   9 14  12 17  13 18 "
 "   0  5   1  9   2 12   3 10   4  6   7 11   8 18  13 17  14 16  15 19 "
 "   0  6   1 15   2  8   3 13   4 14   5 17   7 19   9 18  10 12  11 16 "
 "   0  7   1 14   2 17   3 18   4 13   5  6   8 11   9 19  10 15  12 16 "
 "   0  8   1  3   2 11   4 10   5 13   6 19   7 14   9 17  12 15  16 18 "
 "   0  9   1 18   2 15   3  5   4  8   6 13   7 17  10 16  11 19  12 14 "
 "   0 10   1 12   2 18   3  9   4 16   5 19   6  8   7 13  11 15  14 17 "
 "   0 11   1 19   2 13   3 16   4  7   5 14   6 12   8 15   9 10  17 18 "
 "   0 12   1  8   2 14   3  7   4 19   5 11   6 18   9 16  10 13  15 17 "
 "   0 13   1 10   2  5   3 12   4  9   6 14   7 18   8 19  11 17  15 16 "
 "   0 14   1 17   2  4   3 15   5 10   6  9   7 16   8 12  11 18  13 19 "
 "   0 15   1  7   2  6   3 11   4 17   5  9   8 10  12 18  13 14  16 19 "
 "   0 16   1  6   2 19   3 17   4 15   5 12   7  9   8 14  10 18  11 13 "
 "   0 17   1 13   2 16   3 14   4 11   5 18   6 10   7  8   9 15  12 19 "
 "   0 18   1 16   2  9   3  4   5 15   6 11   7 12   8 13  10 17  14 19 "
 "   0 19   1  2   3  8   4 18   5 16   6 17   7 15   9 13  10 14  11 12 "

#208 |Aut| = 9
 "   0  1   2  3   4  5   6  7   8  9  10 11  12 13  14 15  16 17  18 19 "
 "   0  2   1  4   3  6   5  8   7 10   9 12  11 14  13 16  15 18  17 19 "
 "   0  3   1  5   2  7   4 12   6 16   8 19   9 14  10 17  11 15  13 18 "
 "   0  4   1 11   2  5   3  9   6 19   7 14   8 18  10 12  13 17  15 16 "
 "   0  5   1 15   2 16   3 19   4  6   7 11   8 17   9 13  10 18  12 14 "
 "   0  6   1 19   2 13   3 10   4 16   5 14   7  9   8 15  11 17  12 18 "
 "   0  7   1 13   2 17   3 14   4 15   5 19   6 18   8 12   9 11  10 16 "
 "   0  8   1 12   2 11   3  7   4 14   5 13   6 17   9 19  10 15  16 18 "
 "   0  9   1  7   2  8   3 16   4 17   5 10   6 12  11 18  13 14  15 19 "
 "   0 10   1  8   2  6   3  4   5 15   7 19   9 18  11 13  12 16  14 17 "
 "   0 11   1 16   2 18   3  5   4  7   6 10   8 14   9 17  12 15  13 19 "
 "   0 12   1 10   2 14   3 13   4  8   5 18   6 15   7 17   9 16  11 19 "
 "   0 13   1 14   2  9   3 11   4 18   5 12   6  8   7 16  10 19  15 17 "
 "   0 14   1  9   2  4   3 18   5 11   6 13   7 15   8 10  12 17  16 19 "
 "   0 15   1  2   3  8   4 19   5 17   6  9   7 12  10 13  11 16  14 18 "
 "   0 16   1  3   2 15   4 13   5  9   6 11   7  8  10 14  12 19  17 18 "
 "   0 17   1 18   2 12   3 15   4 11   5  6   7 13   8 16   9 10  14 19 "
 "   0 18   1  6   2 19   3 17   4 10   5  7   8 13   9 15  11 12  14 16 "
 "   0 19   1 17   2 10   3 12   4  9   5 16   6 14   7 18   8 11  13 15 "

#209 |Aut| = 9
 "   0  1   2  3   4  5   6  7   8  9  10 11  12 13  14 15  16 17  18 19 "
 "   0  2   1  4   3  6   5  8   7 10   9 12  11 14  13 16  15 18  17 19 "
 "   0  3   1  5   2  7   4 12   6 17   8 16   9 14  10 18  11 15  13 19 "
 "   0  4   1 10   2 12   3 16   5 19   6 15   7 13   8 14   9 11  17 18 "
 "   0  5   1 14   2 10   3  7   4  8   6 16   9 19  11 18  12 15  13 17 "
 "   0  6   1  8   2  9   3 10   4 11   5 18   7 17  12 16  13 14  15 19 "
 "   0  7   1 17   2 11   3  9   4 14   5 13   6 10   8 15  12 18  16 19 "
 "   0  8   1  7   2 14   3 17   4 18   5 12   6 11   9 16  10 19  13 15 "
 "   0  9   1 16   2 19   3 11   4 17   5  6   7 15   8 10  12 14  13 18 "
 "   0 10   1 12   2  6   3  5   4 19   7  9   8 13  11 16  14 18  15 17 "
 "   0 11   1 18   2 17   3 13   4 16   5 15   6 14   7  8   9 10  12 19 "
 "   0 12   1 19   2 18   3 15   4  6   5 11   7 14   8 17   9 13  10 16 "
 "   0 13   1  2   3  4   5 16   6 18   7 12   8 11   9 17  10 15  14 19 "
 "   0 14   1 13   2 16   3  8   4 15   5 10   6 19   7 11   9 18  12 17 "
 "   0 15   1  6   2 13   3 19   4  9   5 14   7 16   8 18  10 12  11 17 "
 "   0 16   1 11   2 15   3 12   4 10   5  9   6 13   7 18   8 19  14 17 "
 "   0 17   1  9   2  5   3 18   4 13   6  8   7 19  10 14  11 12  15 16 "
 "   0 18   1  3   2  8   4  7   5 17   6 12   9 15  10 13  11 19  14 16 "
 "   0 19   1 15   2  4   3 14   5  7   6  9   8 12  10 17  11 13  16 18 "

#210 |Aut| = 9
 "   0  1   2  3   4  5   6  7   8  9  10 11  12 13  14 15  16 17  18 19 "
 "   0  2   1  4   3  6   5  8   7 10   9 12  11 14  13 16  15 18  17 19 "
 "   0  3   1  5   2  7   4 12   6 18   8 11   9 19  10 16  13 14  15 17 "
 "   0  4   1  3   2 11   5 16   6 17   7 19   8 18   9 13  10 15  12 14 "
 "   0  5   1 16   2 13   3 18   4 10   6  8   7 11   9 14  12 17  15 19 "
 "   0  6   1 17   2 16   3  9   4 18   5 13   7 15   8 10  11 12  14 19 "
 "   0  7   1  9   2  5   3 15   4  8   6 13  10 14  11 19  12 16  17 18 "
 "   0  8   1 19   2  4   3 16   5 11   6  9   7 17  10 12  13 15  14 18 "
 "   0  9   1 13   2  8   3 10   4 14   5 19   6 12   7 18  11 17  15 16 "
 "   0 10   1  2   3 17   4 13   5 14   6 16   7  8   9 18  11 15  12 19 "
 "   0 11   1  7   2  6   3  4   5 17   8 14   9 10  12 15  13 19  16 18 "
 "   0 12   1  6   2 18   3  7   4  9   5 15   8 19  10 13  11 16  14 17 "
 "   0 13   1 11   2 12   3  8   4 16   5 18   6 19   7 14   9 15  10 17 "
 "   0 14   1 18   2 10   3 19   4  7   5 12   6 11   8 15   9 16  13 17 "
 "   0 15   1  8   2 14   3  5   4 19   6 10   7 16   9 17  11 13  12 18 "
 "   0 16   1 10   2 19   3 14   4 17   5  7   6 15   8 12   9 11  13 18 "
 "   0 17   1 14   2  9   3 11   4 15   5  6   7 12   8 13  10 18  16 19 "
 "   0 18   1 15   2 17   3 12   4 11   5  9   6 14   7 13   8 16  10 19 "
 "   0 19   1 12   2 15   3 13   4  6   5 10   7  9   8 17  11 18  14 16 "

#211 |Aut| = 9
 "   0  1   2  3   4  5   6  7   8  9  10 11  12 13  14 15  16 17  18 19 "
 "   0  2   1  4   3  6   5  8   7 10   9 12  11 14  13 16  15 18  17 19 "
 "   0  3   1  5   2  7   4 12   6 18   8 16   9 10  11 13  14 19  15 17 "
 "   0  4   1 11   2 12   3 15   5 18   6 17   7  8   9 19  10 13  14 16 "
 "   0  5   1  8   2 17   3 11   4 16   6 15   7 13   9 14  10 18  12 19 "
 "   0  6   1 17   2 19   3  7   4 18   5  9   8 11  10 14  12 16  13 15 "
 "   0  7   1 13   2 16   3 14   4  6   5 19   8 10   9 15  11 12  17 18 "
 "   0  8   1  3   2 18   4 14   5  7   6 10   9 13  11 17  12 15  16 19 "
 "   0  9   1 14   2  8   3  5   4 13   6 11   7 17  10 12  15 19  16 18 "
 "   0 10   1 19   2  9   3 17   4  8   5 12   6 16   7 18  11 15  13 14 "
 "   0 11   1 18   2  6   3 12   4 19   5 13   7 15   8 14   9 17  10 16 "
 "   0 12   1  2   3 16   4 17   5  6   7 14   8 18   9 11  10 15  13 19 "
 "   0 13   1  9   2  5   3 18   4 15   6 14   7 12   8 17  10 19  11 16 "
 "   0 14   1 16   2 15   3  8   4 10   5 17   6 12   7  9  11 19  13 18 "
 "   0 15   1  6   2 10   3 13   4  7   5 11   8 19   9 16  12 17  14 18 "
 "   0 16   1 10   2 11   3  4   5 14   6  9   7 19   8 15  12 18  13 17 "
 "   0 17   1  7   2 13   3 19   4  9   5 10   6  8  11 18  12 14  15 16 "
 "   0 18   1 12   2 14   3  9   4 11   5 15   6 19   7 16   8 13  10 17 "
 "   0 19   1 15   2  4   3 10   5 16   6 13   7 11   8 12   9 18  14 17 "

#212 |Aut| = 9
 "   0  1   2  3   4  5   6  7   8  9  10 11  12 13  14 15  16 17  18 19 "
 "   0  2   1  4   3  6   5  8   7 10   9 12  11 14  13 16  15 18  17 19 "
 "   0  3   1  5   2  7   4 12   6 19   8 10   9 13  11 15  14 17  16 18 "
 "   0  4   1 19   2 11   3  9   5 13   6 17   7 18   8 15  10 12  14 16 "
 "   0  5   1 14   2 17   3 10   4  7   6 18   8 13   9 11  12 19  15 16 "
 "   0  6   1  9   2  8   3 16   4 18   5 17   7 12  10 14  11 19  13 15 "
 "   0  7   1 11   2 14   3 19   4 17   5 12   6  9   8 16  10 15  13 18 "
 "   0  8   1 12   2 16   3  4   5 14   6 11   7 15   9 19  10 13  17 18 "
 "   0  9   1 15   2  5   3 12   4  8   6 16   7 14  10 17  11 18  13 19 "
 "   0 10   1  7   2 15   3 17   4  9   5  6   8 18  11 13  12 14  16 19 "
 "   0 11   1  6   2 13   3  8   4 14   5 18   7 19   9 10  12 16  15 17 "
 "   0 12   1 16   2 10   3 14   4 19   5 15   6  8   7 13   9 18  11 17 "
 "   0 13   1  3   2 18   4 16   5  7   6 10   8 14   9 17  11 12  15 19 "
 "   0 14   1 17   2  6   3 18   4 13   5 19   7 11   8 12   9 15  10 16 "
 "   0 15   1 18   2  9   3  5   4 11   6 12   7 16   8 17  10 19  13 14 "
 "   0 16   1  8   2 19   3 13   4  6   5 11   7 17   9 14  10 18  12 15 "
 "   0 17   1 10   2 12   3 11   4 15   5 16   6 13   7  9   8 19  14 18 "
 "   0 18   1 13   2  4   3  7   5 10   6 15   8 11   9 16  12 17  14 19 "
 "   0 19   1  2   3 15   4 10   5  9   6 14   7  8  11 16  12 18  13 17 "

#213 |Aut| = 9
 "   0  1   2  3   4  5   6  7   8  9  10 11  12 13  14 15  16 17  18 19 "
 "   0  2   1  4   3  6   5  8   7 10   9 12  11 14  13 16  15 18  17 19 "
 "   0  3   1  5   2  7   4 13   6 11   8 14   9 19  10 17  12 15  16 18 "
 "   0  4   1 16   2 18   3 11   5 19   6  8   7 15   9 10  12 14  13 17 "
 "   0  5   1 14   2  4   3  7   6 13   8 18   9 17  10 12  11 19  15 16 "
 "   0  6   1 17   2  5   3 12   4 10   7 11   8 15   9 13  14 18  16 19 "
 "   0  7   1  2   3  9   4 17   5 12   6 15   8 10  11 18  13 19  14 16 "
 "   0  8   1 18   2 13   3  4   5 17   6 16   7 19   9 15  10 14  11 12 "
 "   0  9   1 15   2 17   3  5   4 14   6 10   7 13   8 19  11 16  12 18 "
 "   0 10   1  6   2 19   3 16   4 15   5 13   7 18   8 12   9 11  14 17 "
 "   0 11   1  7   2  6   3 15   4 19   5  9   8 17  10 18  12 16  13 14 "
 "   0 12   1 11   2 10   3 19   4  6   5 14   7  8   9 16  13 15  17 18 "
 "   0 13   1  9   2 14   3  8   4 11   5 16   6 18   7 17  10 15  12 19 "
 "   0 14   1 19   2 16   3 10   4 18   5  7   6  9   8 13  11 15  12 17 "
 "   0 15   1 13   2 11   3 17   4  8   5 18   6 12   7 16   9 14  10 19 "
 "   0 16   1 12   2  9   3 14   4  7   5 10   6 17   8 11  13 18  15 19 "
 "   0 17   1 10   2 15   3 13   4 12   5 11   6 19   7 14   8 16   9 18 "
 "   0 18   1  3   2  8   4  9   5  6   7 12  10 16  11 13  14 19  15 17 "
 "   0 19   1  8   2 12   3 18   4 16   5 15   6 14   7  9  10 13  11 17 "

#214 |Aut| = 9
 "   0  1   2  3   4  5   6  7   8  9  10 11  12 13  14 15  16 17  18 19 "
 "   0  2   1  4   3  6   5  8   7 10   9 12  11 14  13 16  15 18  17 19 "
 "   0  3   1  5   2  7   4 13   6 14   8 10   9 19  11 15  12 16  17 18 "
 "   0  4   1 15   2  8   3 10   5 17   6 12   7 11   9 16  13 19  14 18 "
 "   0  5   1  8   2  6   3  9   4 15   7 16  10 17  11 18  12 19  13 14 "
 "   0  6   1 18   2 11   3 15   4 10   5  9   7 12   8 16  13 17  14 19 "
 "   0  7   1 10   2 19   3  5   4 12   6 16   8 11   9 18  13 15  14 17 "
 "   0  8   1 14   2 15   3 12   4 19   5 10   6 18   7 13   9 17  11 16 "
 "   0  9   1 19   2 13   3 14   4 11   5  7   6  8  10 16  12 18  15 17 "
 "   0 10   1  3   2  9   4  7   5 18   6 11   8 13  12 17  14 16  15 19 "
 "   0 11   1 16   2 18   3  4   5 15   6 19   7  9   8 17  10 13  12 14 "
 "   0 12   1  2   3 17   4 18   5 16   6 13   7  8   9 14  10 15  11 19 "
 "   0 13   1 17   2 14   3 16   4  9   5 11   6 15   7 19   8 12  10 18 "
 "   0 14   1  9   2  5   3 11   4  8   6 17   7 15  10 12  13 18  16 19 "
 "   0 15   1  6   2 16   3 19   4 14   5 12   7 17   8 18   9 10  11 13 "
 "   0 16   1  7   2 17   3 18   4  6   5 14   8 15   9 13  10 19  11 12 "
 "   0 17   1 11   2 10   3 13   4 16   5 19   6  9   7 18   8 14  12 15 "
 "   0 18   1 13   2 12   3  7   4 17   5  6   8 19   9 11  10 14  15 16 "
 "   0 19   1 12   2  4   3  8   5 13   6 10   7 14   9 15  11 17  16 18 "

#215 |Aut| = 9
 "   0  1   2  3   4  5   6  7   8  9  10 11  12 13  14 15  16 17  18 19 "
 "   0  2   1  4   3  6   5  8   7 10   9 12  11 14  13 16  15 18  17 19 "
 "   0  3   1  5   2  7   4 13   6 14   8 19   9 15  10 17  11 18  12 16 "
 "   0  4   1 11   2 17   3  8   5 14   6  9   7 12  10 18  13 15  16 19 "
 "   0  5   1 18   2 16   3 19   4 11   6 15   7 13   8 14   9 17  10 12 "
 "   0  6   1  2   3 13   4 19   5 11   7  9   8 18  10 14  12 17  15 16 "
 "   0  7   1 17   2  5   3 18   4  6   8 15   9 10  11 16  12 14  13 19 "
 "   0  8   1 13   2 18   3  7   4 10   5 16   6 11   9 14  12 19  15 17 "
 "   0  9   1 19   2 10   3  5   4 15   6 17   7 11   8 16  12 18  13 14 "
 "   0 10   1 15   2  6   3 16   4  7   5 19   8 13   9 18  11 12  14 17 "
 "   0 11   1 16   2 13   3 10   4 18   5 15   6 12   7 14   8 17   9 19 "
 "   0 12   1  9   2 15   3 11   4 17   5  6   7  8  10 19  13 18  14 16 "
 "   0 13   1 14   2 19   3  9   4 16   5 18   6 10   7 17   8 12  11 15 "
 "   0 14   1 10   2  9   3 17   4  8   5 13   6 16   7 18  11 19  12 15 "
 "   0 15   1  8   2  4   3 12   5 10   6 13   7 16   9 11  14 19  17 18 "
 "   0 16   1  7   2 12   3 14   4  9   5 17   6 18   8 10  11 13  15 19 "
 "   0 17   1  3   2 11   4 14   5 12   6  8   7 19   9 13  10 15  16 18 "
 "   0 18   1 12   2 14   3  4   5  9   6 19   7 15   8 11  10 16  13 17 "
 "   0 19   1  6   2  8   3 15   4 12   5  7   9 16  10 13  11 17  14 18 "

#216 |Aut| = 9
 "   0  1   2  3   4  5   6  7   8  9  10 11  12 13  14 15  16 17  18 19 "
 "   0  2   1  4   3  6   5  8   7 10   9 12  11 14  13 16  15 18  17 19 "
 "   0  3   1  5   2  7   4 13   6 15   8 17   9 10  11 18  12 16  14 19 "
 "   0  4   1 19   2 11   3 17   5 10   6  9   7 13   8 14  12 18  15 16 "
 "   0  5   1  7   2 18   3  8   4 14   6 11   9 16  10 13  12 17  15 19 "
 "   0  6   1 11   2 12   3  7   4 15   5 19   8 18   9 13  10 17  14 16 "
 "   0  7   1  9   2  5   3 12   4 17   6 10   8 15  11 16  13 19  14 18 "
 "   0  8   1 15   2 10   3 14   4 19   5 12   6 13   7 11   9 17  16 18 "
 "   0  9   1  2   3 13   4 18   5 11   6 17   7 15   8 19  10 16  12 14 "
 "   0 10   1  8   2 16   3 15   4 12   5  6   7 18   9 14  11 19  13 17 "
 "   0 11   1 13   2 15   3 10   4  9   5 14   6 19   7 12   8 16  17 18 "
 "   0 12   1 10   2  4   3 19   5 15   6  8   7 16   9 11  13 18  14 17 "
 "   0 13   1 16   2  6   3  5   4 11   7 14   8 12   9 19  10 18  15 17 "
 "   0 14   1 17   2  8   3  4   5 13   6 18   7  9  10 15  11 12  16 19 "
 "   0 15   1  6   2  9   3 18   4  8   5 16   7 19  10 12  11 17  13 14 "
 "   0 16   1 14   2 19   3  9   4  6   5 18   7 17   8 10  11 13  12 15 "
 "   0 17   1 18   2 14   3 11   4 16   5  7   6 12   8 13   9 15  10 19 "
 "   0 18   1  3   2 17   4  7   5  9   6 16   8 11  10 14  12 19  13 15 "
 "   0 19   1 12   2 13   3 16   4 10   5 17   6 14   7  8   9 18  11 15 "

#217 |Aut| = 9
 "   0  1   2  3   4  5   6  7   8  9  10 11  12 13  14 15  16 17  18 19 "
 "   0  2   1  4   3  6   5  8   7 10   9 12  11 14  13 16  15 18  17 19 "
 "   0  3   1  5   2  7   4 13   6 15   8 19   9 11  10 16  12 18  14 17 "
 "   0  4   1  8   2 16   3  9   5  7   6 11  10 18  12 15  13 17  14 19 "
 "   0  5   1  7   2 15   3 19   4  9   6 18   8 13  10 14  11 16  12 17 "
 "   0  6   1  2   3 12   4 16   5 13   7 14   8 15   9 10  11 19  17 18 "
 "   0  7   1 18   2  8   3 17   4 11   5 15   6  9  10 19  12 16  13 14 "
 "   0  8   1 16   2 12   3 15   4 10   5 14   6 13   7 17   9 19  11 18 "
 "   0  9   1 10   2 14   3 13   4 15   5 19   6  8   7 12  11 17  16 18 "
 "   0 10   1 14   2  4   3 18   5  9   6 16   7  8  11 13  12 19  15 17 "
 "   0 11   1  6   2 13   3  8   4 12   5 17   7  9  10 15  14 18  16 19 "
 "   0 12   1 19   2  5   3 14   4  6   7 18   8 11   9 13  10 17  15 16 "
 "   0 13   1 15   2 18   3 10   4 19   5 16   6 12   7 11   8 14   9 17 "
 "   0 14   1 17   2  6   3 16   4  7   5 12   8 10   9 18  11 15  13 19 "
 "   0 15   1 11   2 17   3  4   5  6   7 19   8 16   9 14  10 12  13 18 "
 "   0 16   1  9   2 19   3 11   4  8   5 18   6 17   7 15  10 13  12 14 "
 "   0 17   1 12   2 11   3  5   4 14   6 10   7 13   8 18   9 16  15 19 "
 "   0 18   1 13   2 10   3  7   4 17   5 11   6 19   8 12   9 15  14 16 "
 "   0 19   1  3   2  9   4 18   5 10   6 14   7 16   8 17  11 12  13 15 "

#218 |Aut| = 9
 "   0  1   2  3   4  5   6  7   8  9  10 11  12 13  14 15  16 17  18 19 "
 "   0  2   1  4   3  6   5  8   7 10   9 12  11 14  13 16  15 18  17 19 "
 "   0  3   1  5   2  7   4 13   6 18   8 15   9 16  10 17  11 19  12 14 "
 "   0  4   1 13   2 18   3 14   5  6   7 16   8 17   9 11  10 19  12 15 "
 "   0  5   1 16   2 15   3 17   4 10   6  9   7 18   8 12  11 13  14 19 "
 "   0  6   1 14   2  4   3 19   5  7   8 13   9 10  11 16  12 18  15 17 "
 "   0  7   1 15   2 14   3  4   5 16   6 12   8 19   9 13  10 18  11 17 "
 "   0  8   1  7   2  9   3 10   4 14   5 18   6 19  11 12  13 17  15 16 "
 "   0  9   1 19   2 16   3  5   4  7   6 13   8 14  10 12  11 15  17 18 "
 "   0 10   1 18   2 17   3 11   4 12   5  9   6 15   7  8  13 19  14 16 "
 "   0 11   1 17   2  5   3 13   4 18   6  8   7 14   9 19  10 15  12 16 "
 "   0 12   1  9   2 11   3 18   4 17   5 14   6 10   7 13   8 16  15 19 "
 "   0 13   1  2   3 15   4 19   5 10   6 16   7 11   8 18   9 14  12 17 "
 "   0 14   1 12   2  6   3  9   4 15   5 17   7 19   8 11  10 13  16 18 "
 "   0 15   1  8   2 10   3 16   4 11   5 19   6 14   7 12   9 17  13 18 "
 "   0 16   1 10   2 19   3 12   4  8   5 15   6 17   7  9  11 18  13 14 "
 "   0 17   1  3   2 12   4  9   5 13   6 11   7 15   8 10  14 18  16 19 "
 "   0 18   1  6   2 13   3  8   4 16   5 11   7 17   9 15  10 14  12 19 "
 "   0 19   1 11   2  8   3  7   4  6   5 12   9 18  10 16  13 15  14 17 "

#219 |Aut| = 9
 "   0  1   2  3   4  5   6  7   8  9  10 11  12 13  14 15  16 17  18 19 "
 "   0  2   1  4   3  6   5  8   7 10   9 12  11 14  13 16  15 18  17 19 "
 "   0  3   1  5   2  7   4 13   6 19   8 15   9 16  10 14  11 18  12 17 "
 "   0  4   1  7   2 13   3 19   5 15   6 11   8 17   9 10  12 14  16 18 "
 "   0  5   1 14   2  6   3 18   4 17   7 15   8 13   9 19  10 12  11 16 "
 "   0  6   1  8   2 14   3 10   4 19   5  9   7 16  11 12  13 18  15 17 "
 "   0  7   1 19   2  9   3 13   4 18   5 10   6 15   8 11  12 16  14 17 "
 "   0  8   1 17   2 10   3  4   5 14   6 16   7 13   9 11  12 18  15 19 "
 "   0  9   1 10   2  4   3 11   5 17   6 18   7  8  12 15  13 19  14 16 "
 "   0 10   1 13   2 17   3  5   4 15   6 12   7  9   8 16  11 19  14 18 "
 "   0 11   1  3   2 15   4  9   5  7   6 13   8 14  10 16  12 19  17 18 "
 "   0 12   1 18   2  5   3  8   4 10   6 14   7 19   9 13  11 17  15 16 "
 "   0 13   1  9   2 18   3 12   4  8   5 11   6 17   7 14  10 15  16 19 "
 "   0 14   1 11   2  8   3 17   4 16   5  6   7 12   9 18  10 19  13 15 "
 "   0 15   1 12   2 19   3 16   4  7   5 18   6  8   9 14  10 17  11 13 "
 "   0 16   1 15   2 12   3 14   4  6   5 19   7 11   8 18   9 17  10 13 "
 "   0 17   1  2   3  9   4 12   5 16   6 10   7 18   8 19  11 15  13 14 "
 "   0 18   1  6   2 16   3  7   4 11   5 12   8 10   9 15  13 17  14 19 "
 "   0 19   1 16   2 11   3 15   4 14   5 13   6  9   7 17   8 12  10 18 "

#220 |Aut| = 9
 "   0  1   2  3   4  5   6  7   8  9  10 11  12 13  14 15  16 17  18 19 "
 "   0  2   1  4   3  6   5  8   7 10   9 12  11 14  13 16  15 18  17 19 "
 "   0  3   1  5   2  7   4 16   6 14   8 18   9 10  11 13  12 17  15 19 "
 "   0  4   1 18   2 19   3 10   5  7   6 15   8 13   9 17  11 16  12 14 "
 "   0  5   1 15   2 17   3  4   6 19   7 13   8 14   9 11  10 18  12 16 "
 "   0  6   1  9   2  8   3 11   4 13   5 18   7 12  10 14  15 17  16 19 "
 "   0  7   1 13   2 14   3  9   4 19   5 10   6 17   8 16  11 15  12 18 "
 "   0  8   1 11   2 13   3 14   4 10   5 17   6 12   7 19   9 18  15 16 "
 "   0  9   1 19   2 15   3 17   4  8   5 12   6 10   7 16  11 18  13 14 "
 "   0 10   1 14   2  9   3 19   4 12   5 16   6 11   7 18   8 17  13 15 "
 "   0 11   1 12   2 18   3  8   4  7   5 15   6  9  10 16  13 19  14 17 "
 "   0 12   1  7   2 11   3 13   4  6   5 14   8 15   9 16  10 19  17 18 "
 "   0 13   1  2   3 18   4 17   5  9   6 16   7 15   8 10  11 12  14 19 "
 "   0 14   1 16   2  5   3  7   4 18   6 13   8 12   9 15  10 17  11 19 "
 "   0 15   1 10   2  4   3 12   5  6   7 14   8 19   9 13  11 17  16 18 "
 "   0 16   1  8   2  6   3 15   4  9   5 19   7 11  10 12  13 17  14 18 "
 "   0 17   1  6   2 10   3 16   4 14   5 11   7  8   9 19  12 15  13 18 "
 "   0 18   1  3   2 16   4 11   5 13   6  8   7 17   9 14  10 15  12 19 "
 "   0 19   1 17   2 12   3  5   4 15   6 18   7  9   8 11  10 13  14 16 "

#221 |Aut| = 9
 "   0  1   2  3   4  5   6  7   8  9  10 11  12 13  14 15  16 17  18 19 "
 "   0  2   1  4   3  6   5  8   7 10   9 12  11 14  13 16  15 18  17 19 "
 "   0  3   1  5   2  7   4 17   6 11   8 14   9 13  10 12  15 19  16 18 "
 "   0  4   1 13   2 17   3 15   5 14   6 10   7 16   8 19   9 11  12 18 "
 "   0  5   1 11   2 18   3 16   4  9   6 15   7 13   8 12  10 17  14 19 "
 "   0  6   1  9   2 11   3 18   4  7   5 19   8 13  10 15  12 17  14 16 "
 "   0  7   1 10   2 12   3  9   4 15   5 11   6 19   8 16  13 18  14 17 "
 "   0  8   1 16   2 14   3  4   5  6   7  9  10 13  11 15  12 19  17 18 "
 "   0  9   1 19   2 13   3 14   4 18   5 10   6  8   7 12  11 17  15 16 "
 "   0 10   1 12   2  5   3 11   4 19   6 18   7 17   8 15   9 16  13 14 "
 "   0 11   1  6   2  8   3 19   4 14   5 12   7 18   9 15  10 16  13 17 "
 "   0 12   1  2   3  7   4  6   5 16   8 17   9 18  10 14  11 19  13 15 "
 "   0 13   1 14   2  4   3 17   5  9   6 16   7 15   8 18  10 19  11 12 "
 "   0 14   1 18   2 19   3 12   4 16   5 15   6 17   7  8   9 10  11 13 "
 "   0 15   1  8   2 10   3 13   4 12   5 18   6 14   7 11   9 17  16 19 "
 "   0 16   1  3   2  9   4 10   5 13   6 12   7 19   8 11  14 18  15 17 "
 "   0 17   1 15   2 16   3  8   4 11   5  7   6 13   9 19  10 18  12 14 "
 "   0 18   1  7   2  6   3 10   4  8   5 17   9 14  11 16  12 15  13 19 "
 "   0 19   1 17   2 15   3  5   4 13   6  9   7 14   8 10  11 18  12 16 "

#222 |Aut| = 9
 "   0  1   2  3   4  5   6  7   8  9  10 11  12 13  14 15  16 17  18 19 "
 "   0  2   1  4   3  6   5  8   7 10   9 12  11 14  13 16  15 18  17 19 "
 "   0  3   1  5   2  7   4 17   6 12   8 18   9 11  10 15  13 19  14 16 "
 "   0  4   1 14   2  9   3 10   5 19   6 11   7 16   8 13  12 15  17 18 "
 "   0  5   1 15   2  4   3 11   6 13   7 18   8 12   9 14  10 17  16 19 "
 "   0  6   1  9   2 10   3 13   4 18   5 16   7 11   8 15  12 17  14 19 "
 "   0  7   1 16   2 17   3  5   4 19   6 15   8 14   9 10  11 13  12 18 "
 "   0  8   1 10   2 12   3  9   4 14   5 13   6 17   7 15  11 19  16 18 "
 "   0  9   1 19   2 18   3 16   4 11   5 17   6  8   7 14  10 12  13 15 "
 "   0 10   1 18   2 14   3 17   4  8   5 12   6 16   7 13   9 19  11 15 "
 "   0 11   1  2   3 19   4  7   5 15   6  9   8 10  12 16  13 18  14 17 "
 "   0 12   1  6   2 11   3  8   4 13   5  9   7 19  10 16  14 18  15 17 "
 "   0 13   1  8   2 19   3 15   4  6   5 14   7 12   9 17  10 18  11 16 "
 "   0 14   1 17   2 13   3  7   4  9   5 10   6 18   8 16  11 12  15 19 "
 "   0 15   1 12   2  5   3 18   4 16   6 19   7  9   8 11  10 14  13 17 "
 "   0 16   1  3   2  6   4 12   5 18   7  8   9 15  10 19  11 17  13 14 "
 "   0 17   1 13   2 15   3 12   4 10   5  7   6 14   8 19   9 16  11 18 "
 "   0 18   1  7   2 16   3 14   4 15   5 11   6 10   8 17   9 13  12 19 "
 "   0 19   1 11   2  8   3  4   5  6   7 17   9 18  10 13  12 14  15 16 "

#223 |Aut| = 19
 "   0  1   2  3   4  5   6  7   8  9  10 11  12 13  14 15  16 17  18 19 "
 "   0  2   1  4   3  6   5  8   7 10   9 12  11 14  13 16  15 18  17 19 "
 "   0  3   1  5   2  8   4  7   6 15   9 16  10 12  11 18  13 17  14 19 "
 "   0  4   1 12   2 14   3 13   5 17   6  8   7 19   9 10  11 15  16 18 "
 "   0  5   1  8   2  7   3 10   4 15   6 14   9 17  11 12  13 18  16 19 "
 "   0  6   1 11   2 19   3  5   4 17   7 15   8 10   9 18  12 16  13 14 "
 "   0  7   1 16   2  4   3 11   5 18   6 13   8 12   9 14  10 17  15 19 "
 "   0  8   1 10   2 13   3  7   4  9   5 19   6 17  11 16  12 15  14 18 "
 "   0  9   1  2   3 15   4  6   5 13   7 11   8 19  10 18  12 17  14 16 "
 "   0 10   1  3   2  9   4 16   5  7   6 11   8 18  12 19  13 15  14 17 "
 "   0 11   1 18   2  6   3 17   4 19   5 15   7  8   9 13  10 16  12 14 "
 "   0 12   1  7   2 10   3 14   4 18   5 16   6  9   8 11  13 19  15 17 "
 "   0 13   1 19   2 15   3  9   4 12   5 11   6 18   7 16   8 17  10 14 "
 "   0 14   1  9   2  5   3 16   4 11   6 19   7 17   8 13  10 15  12 18 "
 "   0 15   1 13   2 16   3  4   5  9   6 12   7 18   8 14  10 19  11 17 "
 "   0 16   1 15   2 12   3  8   4 13   5 14   6 10   7  9  11 19  17 18 "
 "   0 17   1 14   2 11   3 18   4 10   5 12   6 16   7 13   8 15   9 19 "
 "   0 18   1  6   2 17   3 19   4 14   5 10   7 12   8 16   9 15  11 13 "
 "   0 19   1 17   2 18   3 12   4  8   5  6   7 14   9 11  10 13  15 16 "

#224 |Aut| = 9
 "   0  1   2  3   4  5   6  7   8  9  10 11  12 13  14 15  16 17  18 19 "
 "   0  2   1  4   3  6   5  8   7 10   9 12  11 14  13 16  15 18  17 19 "
 "   0  3   1  5   2  8   4 10   6 18   7 13   9 16  11 19  12 14  15 17 "
 "   0  4   1 11   2  6   3  9   5 16   7 15   8 19  10 12  13 18  14 17 "
 "   0  5   1 18   2 11   3  4   6 14   7 16   8 13   9 10  12 17  15 19 "
 "   0  6   1 15   2 18   3 11   4 12   5  9   7 19   8 17  10 16  13 14 "
 "   0  7   1 19   2  9   3 15   4  8   5 12   6 13  10 18  11 17  14 16 "
 "   0  8   1 16   2 14   3 18   4  9   5  6   7 11  10 19  12 15  13 17 "
 "   0  9   1  3   2 13   4 19   5 15   6 10   7 14   8 16  11 12  17 18 "
 "   0 10   1 14   2 15   3 12   4 18   5  7   6  8   9 17  11 16  13 19 "
 "   0 11   1 17   2 10   3  8   4  7   5 13   6 19   9 15  12 16  14 18 "
 "   0 12   1  8   2  7   3 19   4 13   5 18   6 16   9 14  10 17  11 15 "
 "   0 13   1  9   2 12   3 14   4 11   5 17   6 15   7 18   8 10  16 19 "
 "   0 14   1  6   2 17   3  7   4 15   5 10   8 11   9 13  12 19  16 18 "
 "   0 15   1 10   2 16   3 13   4 17   5 14   6 12   7  8   9 19  11 18 "
 "   0 16   1 13   2 19   3  5   4 14   6 11   7 17   8 12   9 18  10 15 "
 "   0 17   1  7   2  5   3 10   4 16   6  9   8 15  11 13  12 18  14 19 "
 "   0 18   1  2   3 17   4  6   5 19   7 12   8 14   9 11  10 13  15 16 "
 "   0 19   1 12   2  4   3 16   5 11   6 17   7  9   8 18  10 14  13 15 "

#225 |Aut| = 9
 "   0  1   2  3   4  5   6  7   8  9  10 11  12 13  14 15  16 17  18 19 "
 "   0  2   1  4   3  6   5  8   7 10   9 12  11 14  13 16  15 18  17 19 "
 "   0  3   1  5   2  8   4 11   6 15   7 18   9 14  10 16  12 17  13 19 "
 "   0  4   1 17   2 18   3 14   5 11   6 16   7 12   8 15   9 13  10 19 "
 "   0  5   1 10   2 11   3  7   4 12   6  8   9 19  13 15  14 16  17 18 "
 "   0  6   1  8   2 14   3 17   4  7   5 19   9 16  10 12  11 15  13 18 "
 "   0  7   1  3   2 19   4 15   5 16   6 12   8 14   9 10  11 18  13 17 "
 "   0  8   1 19   2 12   3 16   4 13   5  7   6  9  10 15  11 17  14 18 "
 "   0  9   1 15   2  7   3  5   4 17   6 13   8 19  10 18  11 16  12 14 "
 "   0 10   1 16   2 13   3  8   4 18   5 15   6 14   7 17   9 11  12 19 "
 "   0 11   1 13   2  4   3 12   5 17   6 18   7  9   8 10  14 19  15 16 "
 "   0 12   1 14   2 15   3  9   4 10   5 18   6 11   7 13   8 17  16 19 "
 "   0 13   1  2   3 10   4 14   5 12   6 19   7 16   8 11   9 18  15 17 "
 "   0 14   1  6   2  5   3 13   4 19   7 11   8 12   9 15  10 17  16 18 "
 "   0 15   1 18   2 10   3  4   5  9   6 17   7  8  11 19  12 16  13 14 "
 "   0 16   1  9   2  6   3 15   4  8   5 10   7 19  11 13  12 18  14 17 "
 "   0 17   1  7   2  9   3 18   4 16   5 14   6 10   8 13  11 12  15 19 "
 "   0 18   1 11   2 17   3 19   4  9   5  6   7 14   8 16  10 13  12 15 "
 "   0 19   1 12   2 16   3 11   4  6   5 13   7 15   8 18   9 17  10 14 "

#226 |Aut| = 9
 "   0  1   2  3   4  5   6  7   8  9  10 11  12 13  14 15  16 17  18 19 "
 "   0  2   1  4   3  6   5  8   7 10   9 12  11 14  13 16  15 18  17 19 "
 "   0  3   1  5   2  8   4 11   6 15   7 18   9 17  10 19  12 16  13 14 "
 "   0  4   1  9   2 17   3 19   5 16   6 11   7 14   8 10  12 18  13 15 "
 "   0  5   1 12   2  7   3 17   4 18   6 13   8 14   9 10  11 19  15 16 "
 "   0  6   1 18   2 19   3 12   4  9   5 10   7 17   8 13  11 15  14 16 "
 "   0  7   1 13   2  9   3 11   4 10   5 15   6 16   8 12  14 19  17 18 "
 "   0  8   1  6   2 11   3 18   4 16   5 19   7 15   9 13  10 14  12 17 "
 "   0  9   1 10   2 15   3 16   4 14   5  6   7 19   8 17  11 12  13 18 "
 "   0 10   1  8   2 16   3 13   4 15   5 11   6 18   7  9  12 19  14 17 "
 "   0 11   1  3   2 13   4  8   5 12   6 14   7 16   9 18  10 17  15 19 "
 "   0 12   1 15   2 14   3  9   4 19   5  7   6  8  10 13  11 17  16 18 "
 "   0 13   1 17   2 18   3  5   4  6   7 11   8 16   9 19  10 15  12 14 "
 "   0 14   1 19   2  4   3  7   5 13   6 17   8 15   9 16  10 12  11 18 "
 "   0 15   1 16   2 12   3  4   5 17   6 19   7 13   8 11   9 14  10 18 "
 "   0 16   1  7   2  6   3 10   4 12   5 14   8 18   9 11  13 19  15 17 "
 "   0 17   1 11   2 10   3 14   4 13   5 18   6 12   7  8   9 15  16 19 "
 "   0 18   1 14   2  5   3 15   4 17   6  9   7 12   8 19  10 16  11 13 "
 "   0 19   1  2   3  8   4  7   5  9   6 10  11 16  12 15  13 17  14 18 "

#227 |Aut| = 9
 "   0  1   2  3   4  5   6  7   8  9  10 11  12 13  14 15  16 17  18 19 "
 "   0  2   1  4   3  6   5  8   7 10   9 12  11 14  13 16  15 18  17 19 "
 "   0  3   1  5   2  8   4 15   6 17   7 12   9 16  10 14  11 19  13 18 "
 "   0  4   1 19   2  5   3 12   6 16   7  9   8 18  10 17  11 15  13 14 "
 "   0  5   1 16   2  7   3 15   4 10   6 12   8 14   9 11  13 19  17 18 "
 "   0  6   1 13   2 17   3 18   4  8   5 11   7 16   9 14  10 19  12 15 "
 "   0  7   1 11   2 14   3  9   4 17   5  6   8 13  10 15  12 18  16 19 "
 "   0  8   1 10   2  9   3 13   4 11   5 15   6 19   7 17  12 16  14 18 "
 "   0  9   1  3   2 10   4 16   5 13   6 11   7 18   8 17  12 14  15 19 "
 "   0 10   1 12   2 18   3  7   4 14   5 19   6 13   8 15   9 17  11 16 "
 "   0 11   1  6   2 13   3 16   4 18   5 12   7 15   8 19   9 10  14 17 "
 "   0 12   1 14   2 16   3 10   4 13   5 18   6  9   7 19   8 11  15 17 "
 "   0 13   1  2   3 17   4  7   5 10   6  8   9 18  11 12  14 19  15 16 "
 "   0 14   1 18   2  6   3  8   4 19   5  9   7 11  10 16  12 17  13 15 "
 "   0 15   1  7   2 19   3 14   4  9   5 17   6 10   8 12  11 13  16 18 "
 "   0 16   1  9   2  4   3 19   5 14   6 15   7  8  10 12  11 18  13 17 "
 "   0 17   1  8   2 15   3 11   4 12   5 16   6 18   7 14   9 19  10 13 "
 "   0 18   1 17   2 11   3  5   4  6   7 13   8 10   9 15  12 19  14 16 "
 "   0 19   1 15   2 12   3  4   5  7   6 14   8 16   9 13  10 18  11 17 "

#228 |Aut| = 57
 "   0  1   2  3   4  5   6  7   8  9  10 11  12 13  14 15  16 17  18 19 "
 "   0  2   1  4   3  6   5  8   7 10   9 12  11 14  13 16  15 18  17 19 "
 "   0  3   1  5   2  9   4 11   6 19   7 15   8 12  10 17  13 18  14 16 "
 "   0  4   1  8   2 14   3  7   5 10   6 17   9 18  11 12  13 15  16 19 "
 "   0  5   1 15   2 19   3  8   4 17   6 16   7 18   9 10  11 13  12 14 "
 "   0  6   1 11   2 17   3 10   4 15   5 13   7 12   8 19   9 14  16 18 "
 "   0  7   1 18   2  8   3 13   4 14   5 12   6 15   9 16  10 19  11 17 "
 "   0  8   1 14   2 13   3 11   4 19   5 15   6 10   7  9  12 16  17 18 "
 "   0  9   1 12   2 15   3 17   4  7   5 19   6 11   8 16  10 13  14 18 "
 "   0 10   1 13   2 12   3  4   5  6   7 16   8 14   9 17  11 18  15 19 "
 "   0 11   1 16   2  6   3 15   4 18   5  7   8 17   9 13  10 14  12 19 "
 "   0 12   1 19   2 16   3  5   4  9   6 18   7 11   8 10  13 14  15 17 "
 "   0 13   1  7   2 11   3 12   4  8   5 17   6 14   9 19  10 18  15 16 "
 "   0 14   1  6   2  5   3 19   4 13   7 17   8 18   9 15  10 12  11 16 "
 "   0 15   1  9   2  7   3 16   4 10   5 18   6 12   8 11  13 19  14 17 "
 "   0 16   1 10   2  4   3 18   5  9   6 13   7 14   8 15  11 19  12 17 "
 "   0 17   1  3   2 18   4 12   5 16   6  8   7 13   9 11  10 15  14 19 "
 "   0 18   1 17   2 10   3 14   4 16   5 11   6  9   7 19   8 13  12 15 "
 "   0 19   1  2   3  9   4  6   5 14   7  8  10 16  11 15  12 18  13 17 "

#229 |Aut| = 171
 "   0  1   2  3   4  5   6  7   8  9  10 11  12 13  14 15  16 17  18 19 "
 "   0  2   1  4   3  6   5  8   7 10   9 12  11 14  13 16  15 18  17 19 "
 "   0  3   1  5   2 11   4 19   6 15   7 16   8 12   9 10  13 14  17 18 "
 "   0  4   1 13   2  5   3 18   6 12   7 11   8 19   9 16  10 15  14 17 "
 "   0  5   1 11   2  7   3 13   4 16   6 19   8 18   9 17  10 14  12 15 "
 "   0  6   1  9   2 12   3  7   4 14   5 11   8 17  10 13  15 19  16 18 "
 "   0  7   1 16   2  8   3 15   4 17   5 12   6  9  10 19  11 13  14 18 "
 "   0  8   1 18   2 16   3 10   4 11   5 19   6 13   7 15   9 14  12 17 "
 "   0  9   1 15   2 18   3  4   5 14   6 11   7 17   8 13  10 12  16 19 "
 "   0 10   1  6   2 19   3 17   4  8   5 13   7 12   9 15  11 18  14 16 "
 "   0 11   1 14   2  6   3 19   4 13   5 17   7  9   8 10  12 18  15 16 "
 "   0 12   1 19   2 13   3  9   4 15   5 10   6 14   7 18   8 16  11 17 "
 "   0 13   1 10   2 17   3 12   4  6   5 16   7 14   8 15   9 18  11 19 "
 "   0 14   1 12   2 10   3  5   4  7   6 16   8 11   9 19  13 18  15 17 "
 "   0 15   1 17   2  4   3  8   5  7   6 18   9 13  10 16  11 12  14 19 "
 "   0 16   1  3   2 14   4 18   5  6   7  8   9 11  10 17  12 19  13 15 "
 "   0 17   1  7   2 15   3 11   4  9   5 18   6 10   8 14  12 16  13 19 "
 "   0 18   1  2   3 16   4 10   5  9   6  8   7 19  11 15  12 14  13 17 "
 "   0 19   1  8   2  9   3 14   4 12   5 15   6 17   7 13  10 18  11 16 "

#230 |Aut| = 171
 "   0  1   2  3   4  5   6  7   8  9  10 11  12 13  14 15  16 17  18 19 "
 "   0  2   1  4   3  6   5  8   7 10   9 12  11 14  13 16  15 18  17 19 "
 "   0  3   1  5   2 12   4 15   6 10   7  8   9 13  11 19  14 16  17 18 "
 "   0  4   1 16   2  9   3  5   6 17   7 11   8 18  10 12  13 15  14 19 "
 "   0  5   1 13   2  7   3 10   4 11   6 15   8 19   9 16  12 18  14 17 "
 "   0  6   1 18   2 19   3 15   4 14   5 12   7 16   8 13   9 11  10 17 "
 "   0  7   1 10   2 15   3 11   4  9   5 17   6  8  12 14  13 19  16 18 "
 "   0  8   1  6   2  4   3 17   5 18   7 12   9 14  10 19  11 13  15 16 "
 "   0  9   1 19   2 13   3  7   4  6   5 15   8 17  10 16  11 12  14 18 "
 "   0 10   1  9   2 18   3  8   4 16   5 14   6 12   7 19  11 15  13 17 "
 "   0 11   1 14   2 16   3  9   4 17   5 10   6 13   7 18   8 12  15 19 "
 "   0 12   1 17   2 14   3  4   5  7   6 11   8 15   9 18  10 13  16 19 "
 "   0 13   1 15   2  6   3 14   4 10   5  9   7 17   8 16  11 18  12 19 "
 "   0 14   1  3   2 10   4 13   5 19   6 18   7  9   8 11  12 16  15 17 "
 "   0 15   1  8   2  5   3 16   4 12   6 14   7 13   9 19  10 18  11 17 "
 "   0 16   1  2   3 18   4 19   5 11   6  9   7 15   8 10  12 17  13 14 "
 "   0 17   1  7   2 11   3 12   4  8   5 16   6 19   9 15  10 14  13 18 "
 "   0 18   1 11   2 17   3 19   4  7   5 13   6 16   8 14   9 10  12 15 "
 "   0 19   1 12   2  8   3 13   4 18   5  6   7 14   9 17  10 15  11 16 "

